[2026-01-19 00:16:52] INFO uvicorn.error: Started server process [1]
[2026-01-19 00:16:52] INFO uvicorn.error: Waiting for application startup.
[2026-01-19 00:16:52] INFO uvicorn.error: ASGI 'lifespan' protocol appears unsupported.
[2026-01-19 00:16:52] INFO uvicorn.error: Application startup complete.
[2026-01-19 00:16:52] INFO uvicorn.error: Uvicorn running on http://0.0.0.0:8000 (Press CTRL+C to quit)
[2026-01-19 00:16:52] INFO settings.apps: Settings read successfully.
[2026-01-19 00:18:05] INFO uvicorn.error: Shutting down
[2026-01-19 00:18:05] INFO uvicorn.error: Finished server process [1]
[2026-01-19 00:18:43] INFO uvicorn.error: Started server process [1]
[2026-01-19 00:18:43] INFO uvicorn.error: Waiting for application startup.
[2026-01-19 00:18:43] INFO uvicorn.error: ASGI 'lifespan' protocol appears unsupported.
[2026-01-19 00:18:43] INFO uvicorn.error: Application startup complete.
[2026-01-19 00:18:43] INFO uvicorn.error: Uvicorn running on http://0.0.0.0:8000 (Press CTRL+C to quit)
[2026-01-19 00:18:44] INFO settings.apps: Settings read successfully.
[2026-01-19 00:36:05] INFO uvicorn.error: Shutting down
[2026-01-19 00:36:06] INFO uvicorn.error: Finished server process [1]
[2026-01-19 00:38:30] INFO uvicorn.error: Started server process [1]
[2026-01-19 00:38:30] INFO uvicorn.error: Waiting for application startup.
[2026-01-19 00:38:31] INFO uvicorn.error: ASGI 'lifespan' protocol appears unsupported.
[2026-01-19 00:38:31] INFO uvicorn.error: Application startup complete.
[2026-01-19 00:38:31] INFO uvicorn.error: Uvicorn running on http://0.0.0.0:8000 (Press CTRL+C to quit)
[2026-01-19 00:38:31] INFO settings.apps: Settings read successfully.
[2026-01-19 00:38:31] INFO ballsdex: Initialized bot, connecting to Discord...
[2026-01-19 00:38:31] INFO discord.client: logging in using static token
[2026-01-19 00:38:32] INFO ballsdex.core.bot: Starting up with None shards...
[2026-01-19 00:38:33] INFO discord.gateway: Shard ID 0 has connected to Gateway (Session ID: 3e6b225db76280d1d8c46ab5a7bb4b98).
[2026-01-19 00:38:35] INFO ballsdex.core.bot: Successfully logged in as OCDEX#2184 (1459614981937954931)!
[2026-01-19 00:38:35] INFO ballsdex.core.bot: lomadinthe2nd is the owner of this bot.
[2026-01-19 00:38:35] INFO ballsdex.core.bot: Cache loaded, summary displayed below:
[2026-01-19 00:38:35] INFO ballsdex.core.bot: Loading packages...
[2026-01-19 00:38:37] INFO ballsdex.packages.countryballs: Loaded 1 guild in cache.
[2026-01-19 00:38:38] INFO ballsdex.core.bot: Packages loaded: admin, balls, guildconfig, countryballs, info, players, trade
[2026-01-19 00:38:38] INFO ballsdex.core.bot: Syncing global commands...
[2026-01-19 00:38:40] INFO ballsdex.core.bot: Synced 7 global commands.
[2026-01-19 00:39:29] INFO ballsdex.packages.admin.balls: lomadinthe2nd spawned object Purple Block in admin-ocdex-commands.
[2026-01-19 01:10:38] INFO discord.gateway: Shard ID 0 session has been invalidated.
[2026-01-19 01:10:45] INFO discord.gateway: Shard ID 0 has connected to Gateway (Session ID: 07837618c1578dd165508d9970000097).
[2026-01-19 01:13:00] WARNING discord.gateway: Shard ID 0 has stopped responding to the gateway. Closing and restarting.
[2026-01-19 01:13:14] INFO discord.gateway: Shard ID 0 has successfully RESUMED session 07837618c1578dd165508d9970000097.
[2026-01-19 01:33:42] INFO ballsdex.packages.admin.balls: lomadinthe2nd spawned object F8-Ball in general.
[2026-01-19 02:10:44] INFO discord.gateway: Shard ID 0 has successfully RESUMED session 07837618c1578dd165508d9970000097.
[2026-01-19 02:44:24] INFO discord.gateway: Shard ID 0 session has been invalidated.
[2026-01-19 02:44:30] INFO discord.gateway: Shard ID 0 has connected to Gateway (Session ID: 08d31d83f8c552217506700ffa1a54ef).
[2026-01-19 03:44:34] WARNING discord.gateway: Shard ID 0 has stopped responding to the gateway. Closing and restarting.
[2026-01-19 03:44:45] INFO discord.gateway: Shard ID 0 session has been invalidated.
[2026-01-19 03:44:51] INFO discord.gateway: Shard ID 0 has connected to Gateway (Session ID: 3b7353a9ba595633464841f953e31309).
[2026-01-19 04:27:32] INFO ballsdex.packages.admin.balls: lomadinthe2nd spawned object Purple Block in admin-ocdex-commands.
[2026-01-19 05:06:51] INFO discord.gateway: Shard ID 0 has successfully RESUMED session 3b7353a9ba595633464841f953e31309.
[2026-01-19 06:14:52] INFO discord.gateway: Shard ID 0 has successfully RESUMED session 3b7353a9ba595633464841f953e31309.
[2026-01-19 06:48:08] INFO discord.gateway: Shard ID 0 has successfully RESUMED session 3b7353a9ba595633464841f953e31309.
[2026-01-19 07:30:16] INFO discord.gateway: Shard ID 0 has successfully RESUMED session 3b7353a9ba595633464841f953e31309.
[2026-01-19 10:53:38] INFO discord.gateway: Shard ID 0 has successfully RESUMED session 3b7353a9ba595633464841f953e31309.
[2026-01-19 11:21:34] INFO discord.gateway: Shard ID 0 has successfully RESUMED session 3b7353a9ba595633464841f953e31309.
[2026-01-19 11:55:13] INFO discord.gateway: Shard ID 0 has successfully RESUMED session 3b7353a9ba595633464841f953e31309.
[2026-01-19 12:04:00] INFO discord.gateway: Shard ID 0 has successfully RESUMED session 3b7353a9ba595633464841f953e31309.
[2026-01-19 12:40:53] INFO discord.gateway: Shard ID 0 has successfully RESUMED session 3b7353a9ba595633464841f953e31309.
[2026-01-19 23:59:14] WARNING discord.gateway: Shard ID 0 has stopped responding to the gateway. Closing and restarting.
[2026-01-19 23:59:26] ERROR discord.shard: Attempting a reconnect for shard ID 0 in 1.40s
Traceback (most recent call last):
  File "/opt/venv/lib/python3.14/site-packages/aiohttp/connector.py", line 1532, in _create_direct_connection
    hosts = await self._resolve_host(host, port, traces=traces)
            ^^^^^^^^^^^^^^^^^^^^^^^^^^^^^^^^^^^^^^^^^^^^^^^^^^^
  File "/opt/venv/lib/python3.14/site-packages/aiohttp/connector.py", line 1148, in _resolve_host
    return await asyncio.shield(resolved_host_task)
           ^^^^^^^^^^^^^^^^^^^^^^^^^^^^^^^^^^^^^^^^
  File "/opt/venv/lib/python3.14/site-packages/aiohttp/connector.py", line 1179, in _resolve_host_with_throttle
    addrs = await self._resolver.resolve(host, port, family=self._family)
            ^^^^^^^^^^^^^^^^^^^^^^^^^^^^^^^^^^^^^^^^^^^^^^^^^^^^^^^^^^^^^
  File "/opt/venv/lib/python3.14/site-packages/aiohttp/resolver.py", line 40, in resolve
    infos = await self._loop.getaddrinfo(
            ^^^^^^^^^^^^^^^^^^^^^^^^^^^^^
    ...<5 lines>...
    )
    ^
  File "/usr/local/lib/python3.14/asyncio/base_events.py", line 936, in getaddrinfo
    return await self.run_in_executor(
           ^^^^^^^^^^^^^^^^^^^^^^^^^^^
        None, getaddr_func, host, port, family, type, proto, flags)
        ^^^^^^^^^^^^^^^^^^^^^^^^^^^^^^^^^^^^^^^^^^^^^^^^^^^^^^^^^^^
  File "/usr/local/lib/python3.14/concurrent/futures/thread.py", line 86, in run
    result = ctx.run(self.task)
  File "/usr/local/lib/python3.14/concurrent/futures/thread.py", line 73, in run
    return fn(*args, **kwargs)
  File "/usr/local/lib/python3.14/socket.py", line 983, in getaddrinfo
    for res in _socket.getaddrinfo(host, port, family, type, proto, flags):
               ~~~~~~~~~~~~~~~~~~~^^^^^^^^^^^^^^^^^^^^^^^^^^^^^^^^^^^^^^^^
socket.gaierror: [Errno -3] Try again

The above exception was the direct cause of the following exception:

Traceback (most recent call last):
  File "/opt/venv/lib/python3.14/site-packages/discord/shard.py", line 201, in reidentify
    self.ws = await asyncio.wait_for(coro, timeout=60.0)
              ^^^^^^^^^^^^^^^^^^^^^^^^^^^^^^^^^^^^^^^^^^
  File "/usr/local/lib/python3.14/asyncio/tasks.py", line 488, in wait_for
    return await fut
           ^^^^^^^^^
  File "/opt/venv/lib/python3.14/site-packages/discord/gateway.py", line 383, in from_client
    socket = await client.http.ws_connect(str(url))
             ^^^^^^^^^^^^^^^^^^^^^^^^^^^^^^^^^^^^^^
  File "/opt/venv/lib/python3.14/site-packages/discord/http.py", line 566, in ws_connect
    return await self.__session.ws_connect(url, **kwargs)
           ^^^^^^^^^^^^^^^^^^^^^^^^^^^^^^^^^^^^^^^^^^^^^^
  File "/opt/venv/lib/python3.14/site-packages/aiohttp/client.py", line 1076, in _ws_connect
    resp = await self.request(
           ^^^^^^^^^^^^^^^^^^^
    ...<11 lines>...
    )
    ^
  File "/opt/venv/lib/python3.14/site-packages/aiohttp/client.py", line 779, in _request
    resp = await handler(req)
           ^^^^^^^^^^^^^^^^^^
  File "/opt/venv/lib/python3.14/site-packages/aiohttp/client.py", line 734, in _connect_and_send_request
    conn = await self._connector.connect(
           ^^^^^^^^^^^^^^^^^^^^^^^^^^^^^^
        req, traces=traces, timeout=real_timeout
        ^^^^^^^^^^^^^^^^^^^^^^^^^^^^^^^^^^^^^^^^
    )
    ^
  File "/opt/venv/lib/python3.14/site-packages/aiohttp/connector.py", line 642, in connect
    proto = await self._create_connection(req, traces, timeout)
            ^^^^^^^^^^^^^^^^^^^^^^^^^^^^^^^^^^^^^^^^^^^^^^^^^^^
  File "/opt/venv/lib/python3.14/site-packages/aiohttp/connector.py", line 1209, in _create_connection
    _, proto = await self._create_direct_connection(req, traces, timeout)
               ^^^^^^^^^^^^^^^^^^^^^^^^^^^^^^^^^^^^^^^^^^^^^^^^^^^^^^^^^^
  File "/opt/venv/lib/python3.14/site-packages/aiohttp/connector.py", line 1538, in _create_direct_connection
    raise ClientConnectorDNSError(req.connection_key, exc) from exc
aiohttp.client_exceptions.ClientConnectorDNSError: Cannot connect to host gateway-us-east1-d.discord.gg:443 ssl:default [Try again]
[2026-01-19 23:59:35] ERROR discord.shard: Attempting a reconnect for shard ID 0 in 0.97s
Traceback (most recent call last):
  File "/opt/venv/lib/python3.14/site-packages/aiohttp/connector.py", line 1532, in _create_direct_connection
    hosts = await self._resolve_host(host, port, traces=traces)
            ^^^^^^^^^^^^^^^^^^^^^^^^^^^^^^^^^^^^^^^^^^^^^^^^^^^
  File "/opt/venv/lib/python3.14/site-packages/aiohttp/connector.py", line 1148, in _resolve_host
    return await asyncio.shield(resolved_host_task)
           ^^^^^^^^^^^^^^^^^^^^^^^^^^^^^^^^^^^^^^^^
  File "/opt/venv/lib/python3.14/site-packages/aiohttp/connector.py", line 1179, in _resolve_host_with_throttle
    addrs = await self._resolver.resolve(host, port, family=self._family)
            ^^^^^^^^^^^^^^^^^^^^^^^^^^^^^^^^^^^^^^^^^^^^^^^^^^^^^^^^^^^^^
  File "/opt/venv/lib/python3.14/site-packages/aiohttp/resolver.py", line 40, in resolve
    infos = await self._loop.getaddrinfo(
            ^^^^^^^^^^^^^^^^^^^^^^^^^^^^^
    ...<5 lines>...
    )
    ^
  File "/usr/local/lib/python3.14/asyncio/base_events.py", line 936, in getaddrinfo
    return await self.run_in_executor(
           ^^^^^^^^^^^^^^^^^^^^^^^^^^^
        None, getaddr_func, host, port, family, type, proto, flags)
        ^^^^^^^^^^^^^^^^^^^^^^^^^^^^^^^^^^^^^^^^^^^^^^^^^^^^^^^^^^^
  File "/usr/local/lib/python3.14/concurrent/futures/thread.py", line 86, in run
    result = ctx.run(self.task)
  File "/usr/local/lib/python3.14/concurrent/futures/thread.py", line 73, in run
    return fn(*args, **kwargs)
  File "/usr/local/lib/python3.14/socket.py", line 983, in getaddrinfo
    for res in _socket.getaddrinfo(host, port, family, type, proto, flags):
               ~~~~~~~~~~~~~~~~~~~^^^^^^^^^^^^^^^^^^^^^^^^^^^^^^^^^^^^^^^^
socket.gaierror: [Errno -3] Try again

The above exception was the direct cause of the following exception:

Traceback (most recent call last):
  File "/opt/venv/lib/python3.14/site-packages/discord/shard.py", line 219, in reconnect
    self.ws = await asyncio.wait_for(coro, timeout=60.0)
              ^^^^^^^^^^^^^^^^^^^^^^^^^^^^^^^^^^^^^^^^^^
  File "/usr/local/lib/python3.14/asyncio/tasks.py", line 488, in wait_for
    return await fut
           ^^^^^^^^^
  File "/opt/venv/lib/python3.14/site-packages/discord/gateway.py", line 383, in from_client
    socket = await client.http.ws_connect(str(url))
             ^^^^^^^^^^^^^^^^^^^^^^^^^^^^^^^^^^^^^^
  File "/opt/venv/lib/python3.14/site-packages/discord/http.py", line 566, in ws_connect
    return await self.__session.ws_connect(url, **kwargs)
           ^^^^^^^^^^^^^^^^^^^^^^^^^^^^^^^^^^^^^^^^^^^^^^
  File "/opt/venv/lib/python3.14/site-packages/aiohttp/client.py", line 1076, in _ws_connect
    resp = await self.request(
           ^^^^^^^^^^^^^^^^^^^
    ...<11 lines>...
    )
    ^
  File "/opt/venv/lib/python3.14/site-packages/aiohttp/client.py", line 779, in _request
    resp = await handler(req)
           ^^^^^^^^^^^^^^^^^^
  File "/opt/venv/lib/python3.14/site-packages/aiohttp/client.py", line 734, in _connect_and_send_request
    conn = await self._connector.connect(
           ^^^^^^^^^^^^^^^^^^^^^^^^^^^^^^
        req, traces=traces, timeout=real_timeout
        ^^^^^^^^^^^^^^^^^^^^^^^^^^^^^^^^^^^^^^^^
    )
    ^
  File "/opt/venv/lib/python3.14/site-packages/aiohttp/connector.py", line 642, in connect
    proto = await self._create_connection(req, traces, timeout)
            ^^^^^^^^^^^^^^^^^^^^^^^^^^^^^^^^^^^^^^^^^^^^^^^^^^^
  File "/opt/venv/lib/python3.14/site-packages/aiohttp/connector.py", line 1209, in _create_connection
    _, proto = await self._create_direct_connection(req, traces, timeout)
               ^^^^^^^^^^^^^^^^^^^^^^^^^^^^^^^^^^^^^^^^^^^^^^^^^^^^^^^^^^
  File "/opt/venv/lib/python3.14/site-packages/aiohttp/connector.py", line 1538, in _create_direct_connection
    raise ClientConnectorDNSError(req.connection_key, exc) from exc
aiohttp.client_exceptions.ClientConnectorDNSError: Cannot connect to host gateway.discord.gg:443 ssl:default [Try again]
[2026-01-19 23:59:41] ERROR discord.shard: Attempting a reconnect for shard ID 0 in 4.90s
Traceback (most recent call last):
  File "/opt/venv/lib/python3.14/site-packages/aiohttp/connector.py", line 1532, in _create_direct_connection
    hosts = await self._resolve_host(host, port, traces=traces)
            ^^^^^^^^^^^^^^^^^^^^^^^^^^^^^^^^^^^^^^^^^^^^^^^^^^^
  File "/opt/venv/lib/python3.14/site-packages/aiohttp/connector.py", line 1148, in _resolve_host
    return await asyncio.shield(resolved_host_task)
           ^^^^^^^^^^^^^^^^^^^^^^^^^^^^^^^^^^^^^^^^
  File "/opt/venv/lib/python3.14/site-packages/aiohttp/connector.py", line 1179, in _resolve_host_with_throttle
    addrs = await self._resolver.resolve(host, port, family=self._family)
            ^^^^^^^^^^^^^^^^^^^^^^^^^^^^^^^^^^^^^^^^^^^^^^^^^^^^^^^^^^^^^
  File "/opt/venv/lib/python3.14/site-packages/aiohttp/resolver.py", line 40, in resolve
    infos = await self._loop.getaddrinfo(
            ^^^^^^^^^^^^^^^^^^^^^^^^^^^^^
    ...<5 lines>...
    )
    ^
  File "/usr/local/lib/python3.14/asyncio/base_events.py", line 936, in getaddrinfo
    return await self.run_in_executor(
           ^^^^^^^^^^^^^^^^^^^^^^^^^^^
        None, getaddr_func, host, port, family, type, proto, flags)
        ^^^^^^^^^^^^^^^^^^^^^^^^^^^^^^^^^^^^^^^^^^^^^^^^^^^^^^^^^^^
  File "/usr/local/lib/python3.14/concurrent/futures/thread.py", line 86, in run
    result = ctx.run(self.task)
  File "/usr/local/lib/python3.14/concurrent/futures/thread.py", line 73, in run
    return fn(*args, **kwargs)
  File "/usr/local/lib/python3.14/socket.py", line 983, in getaddrinfo
    for res in _socket.getaddrinfo(host, port, family, type, proto, flags):
               ~~~~~~~~~~~~~~~~~~~^^^^^^^^^^^^^^^^^^^^^^^^^^^^^^^^^^^^^^^^
socket.gaierror: [Errno -3] Try again

The above exception was the direct cause of the following exception:

Traceback (most recent call last):
  File "/opt/venv/lib/python3.14/site-packages/discord/shard.py", line 219, in reconnect
    self.ws = await asyncio.wait_for(coro, timeout=60.0)
              ^^^^^^^^^^^^^^^^^^^^^^^^^^^^^^^^^^^^^^^^^^
  File "/usr/local/lib/python3.14/asyncio/tasks.py", line 488, in wait_for
    return await fut
           ^^^^^^^^^
  File "/opt/venv/lib/python3.14/site-packages/discord/gateway.py", line 383, in from_client
    socket = await client.http.ws_connect(str(url))
             ^^^^^^^^^^^^^^^^^^^^^^^^^^^^^^^^^^^^^^
  File "/opt/venv/lib/python3.14/site-packages/discord/http.py", line 566, in ws_connect
    return await self.__session.ws_connect(url, **kwargs)
           ^^^^^^^^^^^^^^^^^^^^^^^^^^^^^^^^^^^^^^^^^^^^^^
  File "/opt/venv/lib/python3.14/site-packages/aiohttp/client.py", line 1076, in _ws_connect
    resp = await self.request(
           ^^^^^^^^^^^^^^^^^^^
    ...<11 lines>...
    )
    ^
  File "/opt/venv/lib/python3.14/site-packages/aiohttp/client.py", line 779, in _request
    resp = await handler(req)
           ^^^^^^^^^^^^^^^^^^
  File "/opt/venv/lib/python3.14/site-packages/aiohttp/client.py", line 734, in _connect_and_send_request
    conn = await self._connector.connect(
           ^^^^^^^^^^^^^^^^^^^^^^^^^^^^^^
        req, traces=traces, timeout=real_timeout
        ^^^^^^^^^^^^^^^^^^^^^^^^^^^^^^^^^^^^^^^^
    )
    ^
  File "/opt/venv/lib/python3.14/site-packages/aiohttp/connector.py", line 642, in connect
    proto = await self._create_connection(req, traces, timeout)
            ^^^^^^^^^^^^^^^^^^^^^^^^^^^^^^^^^^^^^^^^^^^^^^^^^^^
  File "/opt/venv/lib/python3.14/site-packages/aiohttp/connector.py", line 1209, in _create_connection
    _, proto = await self._create_direct_connection(req, traces, timeout)
               ^^^^^^^^^^^^^^^^^^^^^^^^^^^^^^^^^^^^^^^^^^^^^^^^^^^^^^^^^^
  File "/opt/venv/lib/python3.14/site-packages/aiohttp/connector.py", line 1538, in _create_direct_connection
    raise ClientConnectorDNSError(req.connection_key, exc) from exc
aiohttp.client_exceptions.ClientConnectorDNSError: Cannot connect to host gateway.discord.gg:443 ssl:default [Try again]
[2026-01-19 23:59:51] ERROR discord.shard: Attempting a reconnect for shard ID 0 in 0.34s
Traceback (most recent call last):
  File "/opt/venv/lib/python3.14/site-packages/aiohttp/connector.py", line 1532, in _create_direct_connection
    hosts = await self._resolve_host(host, port, traces=traces)
            ^^^^^^^^^^^^^^^^^^^^^^^^^^^^^^^^^^^^^^^^^^^^^^^^^^^
  File "/opt/venv/lib/python3.14/site-packages/aiohttp/connector.py", line 1148, in _resolve_host
    return await asyncio.shield(resolved_host_task)
           ^^^^^^^^^^^^^^^^^^^^^^^^^^^^^^^^^^^^^^^^
  File "/opt/venv/lib/python3.14/site-packages/aiohttp/connector.py", line 1179, in _resolve_host_with_throttle
    addrs = await self._resolver.resolve(host, port, family=self._family)
            ^^^^^^^^^^^^^^^^^^^^^^^^^^^^^^^^^^^^^^^^^^^^^^^^^^^^^^^^^^^^^
  File "/opt/venv/lib/python3.14/site-packages/aiohttp/resolver.py", line 40, in resolve
    infos = await self._loop.getaddrinfo(
            ^^^^^^^^^^^^^^^^^^^^^^^^^^^^^
    ...<5 lines>...
    )
    ^
  File "/usr/local/lib/python3.14/asyncio/base_events.py", line 936, in getaddrinfo
    return await self.run_in_executor(
           ^^^^^^^^^^^^^^^^^^^^^^^^^^^
        None, getaddr_func, host, port, family, type, proto, flags)
        ^^^^^^^^^^^^^^^^^^^^^^^^^^^^^^^^^^^^^^^^^^^^^^^^^^^^^^^^^^^
  File "/usr/local/lib/python3.14/concurrent/futures/thread.py", line 86, in run
    result = ctx.run(self.task)
  File "/usr/local/lib/python3.14/concurrent/futures/thread.py", line 73, in run
    return fn(*args, **kwargs)
  File "/usr/local/lib/python3.14/socket.py", line 983, in getaddrinfo
    for res in _socket.getaddrinfo(host, port, family, type, proto, flags):
               ~~~~~~~~~~~~~~~~~~~^^^^^^^^^^^^^^^^^^^^^^^^^^^^^^^^^^^^^^^^
socket.gaierror: [Errno -3] Try again

The above exception was the direct cause of the following exception:

Traceback (most recent call last):
  File "/opt/venv/lib/python3.14/site-packages/discord/shard.py", line 219, in reconnect
    self.ws = await asyncio.wait_for(coro, timeout=60.0)
              ^^^^^^^^^^^^^^^^^^^^^^^^^^^^^^^^^^^^^^^^^^
  File "/usr/local/lib/python3.14/asyncio/tasks.py", line 488, in wait_for
    return await fut
           ^^^^^^^^^
  File "/opt/venv/lib/python3.14/site-packages/discord/gateway.py", line 383, in from_client
    socket = await client.http.ws_connect(str(url))
             ^^^^^^^^^^^^^^^^^^^^^^^^^^^^^^^^^^^^^^
  File "/opt/venv/lib/python3.14/site-packages/discord/http.py", line 566, in ws_connect
    return await self.__session.ws_connect(url, **kwargs)
           ^^^^^^^^^^^^^^^^^^^^^^^^^^^^^^^^^^^^^^^^^^^^^^
  File "/opt/venv/lib/python3.14/site-packages/aiohttp/client.py", line 1076, in _ws_connect
    resp = await self.request(
           ^^^^^^^^^^^^^^^^^^^
    ...<11 lines>...
    )
    ^
  File "/opt/venv/lib/python3.14/site-packages/aiohttp/client.py", line 779, in _request
    resp = await handler(req)
           ^^^^^^^^^^^^^^^^^^
  File "/opt/venv/lib/python3.14/site-packages/aiohttp/client.py", line 734, in _connect_and_send_request
    conn = await self._connector.connect(
           ^^^^^^^^^^^^^^^^^^^^^^^^^^^^^^
        req, traces=traces, timeout=real_timeout
        ^^^^^^^^^^^^^^^^^^^^^^^^^^^^^^^^^^^^^^^^
    )
    ^
  File "/opt/venv/lib/python3.14/site-packages/aiohttp/connector.py", line 642, in connect
    proto = await self._create_connection(req, traces, timeout)
            ^^^^^^^^^^^^^^^^^^^^^^^^^^^^^^^^^^^^^^^^^^^^^^^^^^^
  File "/opt/venv/lib/python3.14/site-packages/aiohttp/connector.py", line 1209, in _create_connection
    _, proto = await self._create_direct_connection(req, traces, timeout)
               ^^^^^^^^^^^^^^^^^^^^^^^^^^^^^^^^^^^^^^^^^^^^^^^^^^^^^^^^^^
  File "/opt/venv/lib/python3.14/site-packages/aiohttp/connector.py", line 1538, in _create_direct_connection
    raise ClientConnectorDNSError(req.connection_key, exc) from exc
aiohttp.client_exceptions.ClientConnectorDNSError: Cannot connect to host gateway.discord.gg:443 ssl:default [Try again]
[2026-01-19 23:59:57] ERROR discord.shard: Attempting a reconnect for shard ID 0 in 1.27s
Traceback (most recent call last):
  File "/opt/venv/lib/python3.14/site-packages/aiohttp/connector.py", line 1532, in _create_direct_connection
    hosts = await self._resolve_host(host, port, traces=traces)
            ^^^^^^^^^^^^^^^^^^^^^^^^^^^^^^^^^^^^^^^^^^^^^^^^^^^
  File "/opt/venv/lib/python3.14/site-packages/aiohttp/connector.py", line 1148, in _resolve_host
    return await asyncio.shield(resolved_host_task)
           ^^^^^^^^^^^^^^^^^^^^^^^^^^^^^^^^^^^^^^^^
  File "/opt/venv/lib/python3.14/site-packages/aiohttp/connector.py", line 1179, in _resolve_host_with_throttle
    addrs = await self._resolver.resolve(host, port, family=self._family)
            ^^^^^^^^^^^^^^^^^^^^^^^^^^^^^^^^^^^^^^^^^^^^^^^^^^^^^^^^^^^^^
  File "/opt/venv/lib/python3.14/site-packages/aiohttp/resolver.py", line 40, in resolve
    infos = await self._loop.getaddrinfo(
            ^^^^^^^^^^^^^^^^^^^^^^^^^^^^^
    ...<5 lines>...
    )
    ^
  File "/usr/local/lib/python3.14/asyncio/base_events.py", line 936, in getaddrinfo
    return await self.run_in_executor(
           ^^^^^^^^^^^^^^^^^^^^^^^^^^^
        None, getaddr_func, host, port, family, type, proto, flags)
        ^^^^^^^^^^^^^^^^^^^^^^^^^^^^^^^^^^^^^^^^^^^^^^^^^^^^^^^^^^^
  File "/usr/local/lib/python3.14/concurrent/futures/thread.py", line 86, in run
    result = ctx.run(self.task)
  File "/usr/local/lib/python3.14/concurrent/futures/thread.py", line 73, in run
    return fn(*args, **kwargs)
  File "/usr/local/lib/python3.14/socket.py", line 983, in getaddrinfo
    for res in _socket.getaddrinfo(host, port, family, type, proto, flags):
               ~~~~~~~~~~~~~~~~~~~^^^^^^^^^^^^^^^^^^^^^^^^^^^^^^^^^^^^^^^^
socket.gaierror: [Errno -3] Try again

The above exception was the direct cause of the following exception:

Traceback (most recent call last):
  File "/opt/venv/lib/python3.14/site-packages/discord/shard.py", line 219, in reconnect
    self.ws = await asyncio.wait_for(coro, timeout=60.0)
              ^^^^^^^^^^^^^^^^^^^^^^^^^^^^^^^^^^^^^^^^^^
  File "/usr/local/lib/python3.14/asyncio/tasks.py", line 488, in wait_for
    return await fut
           ^^^^^^^^^
  File "/opt/venv/lib/python3.14/site-packages/discord/gateway.py", line 383, in from_client
    socket = await client.http.ws_connect(str(url))
             ^^^^^^^^^^^^^^^^^^^^^^^^^^^^^^^^^^^^^^
  File "/opt/venv/lib/python3.14/site-packages/discord/http.py", line 566, in ws_connect
    return await self.__session.ws_connect(url, **kwargs)
           ^^^^^^^^^^^^^^^^^^^^^^^^^^^^^^^^^^^^^^^^^^^^^^
  File "/opt/venv/lib/python3.14/site-packages/aiohttp/client.py", line 1076, in _ws_connect
    resp = await self.request(
           ^^^^^^^^^^^^^^^^^^^
    ...<11 lines>...
    )
    ^
  File "/opt/venv/lib/python3.14/site-packages/aiohttp/client.py", line 779, in _request
    resp = await handler(req)
           ^^^^^^^^^^^^^^^^^^
  File "/opt/venv/lib/python3.14/site-packages/aiohttp/client.py", line 734, in _connect_and_send_request
    conn = await self._connector.connect(
           ^^^^^^^^^^^^^^^^^^^^^^^^^^^^^^
        req, traces=traces, timeout=real_timeout
        ^^^^^^^^^^^^^^^^^^^^^^^^^^^^^^^^^^^^^^^^
    )
    ^
  File "/opt/venv/lib/python3.14/site-packages/aiohttp/connector.py", line 642, in connect
    proto = await self._create_connection(req, traces, timeout)
            ^^^^^^^^^^^^^^^^^^^^^^^^^^^^^^^^^^^^^^^^^^^^^^^^^^^
  File "/opt/venv/lib/python3.14/site-packages/aiohttp/connector.py", line 1209, in _create_connection
    _, proto = await self._create_direct_connection(req, traces, timeout)
               ^^^^^^^^^^^^^^^^^^^^^^^^^^^^^^^^^^^^^^^^^^^^^^^^^^^^^^^^^^
  File "/opt/venv/lib/python3.14/site-packages/aiohttp/connector.py", line 1538, in _create_direct_connection
    raise ClientConnectorDNSError(req.connection_key, exc) from exc
aiohttp.client_exceptions.ClientConnectorDNSError: Cannot connect to host gateway.discord.gg:443 ssl:default [Try again]
[2026-01-20 00:00:03] ERROR discord.shard: Attempting a reconnect for shard ID 0 in 25.21s
Traceback (most recent call last):
  File "/opt/venv/lib/python3.14/site-packages/aiohttp/connector.py", line 1532, in _create_direct_connection
    hosts = await self._resolve_host(host, port, traces=traces)
            ^^^^^^^^^^^^^^^^^^^^^^^^^^^^^^^^^^^^^^^^^^^^^^^^^^^
  File "/opt/venv/lib/python3.14/site-packages/aiohttp/connector.py", line 1148, in _resolve_host
    return await asyncio.shield(resolved_host_task)
           ^^^^^^^^^^^^^^^^^^^^^^^^^^^^^^^^^^^^^^^^
  File "/opt/venv/lib/python3.14/site-packages/aiohttp/connector.py", line 1179, in _resolve_host_with_throttle
    addrs = await self._resolver.resolve(host, port, family=self._family)
            ^^^^^^^^^^^^^^^^^^^^^^^^^^^^^^^^^^^^^^^^^^^^^^^^^^^^^^^^^^^^^
  File "/opt/venv/lib/python3.14/site-packages/aiohttp/resolver.py", line 40, in resolve
    infos = await self._loop.getaddrinfo(
            ^^^^^^^^^^^^^^^^^^^^^^^^^^^^^
    ...<5 lines>...
    )
    ^
  File "/usr/local/lib/python3.14/asyncio/base_events.py", line 936, in getaddrinfo
    return await self.run_in_executor(
           ^^^^^^^^^^^^^^^^^^^^^^^^^^^
        None, getaddr_func, host, port, family, type, proto, flags)
        ^^^^^^^^^^^^^^^^^^^^^^^^^^^^^^^^^^^^^^^^^^^^^^^^^^^^^^^^^^^
  File "/usr/local/lib/python3.14/concurrent/futures/thread.py", line 86, in run
    result = ctx.run(self.task)
  File "/usr/local/lib/python3.14/concurrent/futures/thread.py", line 73, in run
    return fn(*args, **kwargs)
  File "/usr/local/lib/python3.14/socket.py", line 983, in getaddrinfo
    for res in _socket.getaddrinfo(host, port, family, type, proto, flags):
               ~~~~~~~~~~~~~~~~~~~^^^^^^^^^^^^^^^^^^^^^^^^^^^^^^^^^^^^^^^^
socket.gaierror: [Errno -3] Try again

The above exception was the direct cause of the following exception:

Traceback (most recent call last):
  File "/opt/venv/lib/python3.14/site-packages/discord/shard.py", line 219, in reconnect
    self.ws = await asyncio.wait_for(coro, timeout=60.0)
              ^^^^^^^^^^^^^^^^^^^^^^^^^^^^^^^^^^^^^^^^^^
  File "/usr/local/lib/python3.14/asyncio/tasks.py", line 488, in wait_for
    return await fut
           ^^^^^^^^^
  File "/opt/venv/lib/python3.14/site-packages/discord/gateway.py", line 383, in from_client
    socket = await client.http.ws_connect(str(url))
             ^^^^^^^^^^^^^^^^^^^^^^^^^^^^^^^^^^^^^^
  File "/opt/venv/lib/python3.14/site-packages/discord/http.py", line 566, in ws_connect
    return await self.__session.ws_connect(url, **kwargs)
           ^^^^^^^^^^^^^^^^^^^^^^^^^^^^^^^^^^^^^^^^^^^^^^
  File "/opt/venv/lib/python3.14/site-packages/aiohttp/client.py", line 1076, in _ws_connect
    resp = await self.request(
           ^^^^^^^^^^^^^^^^^^^
    ...<11 lines>...
    )
    ^
  File "/opt/venv/lib/python3.14/site-packages/aiohttp/client.py", line 779, in _request
    resp = await handler(req)
           ^^^^^^^^^^^^^^^^^^
  File "/opt/venv/lib/python3.14/site-packages/aiohttp/client.py", line 734, in _connect_and_send_request
    conn = await self._connector.connect(
           ^^^^^^^^^^^^^^^^^^^^^^^^^^^^^^
        req, traces=traces, timeout=real_timeout
        ^^^^^^^^^^^^^^^^^^^^^^^^^^^^^^^^^^^^^^^^
    )
    ^
  File "/opt/venv/lib/python3.14/site-packages/aiohttp/connector.py", line 642, in connect
    proto = await self._create_connection(req, traces, timeout)
            ^^^^^^^^^^^^^^^^^^^^^^^^^^^^^^^^^^^^^^^^^^^^^^^^^^^
  File "/opt/venv/lib/python3.14/site-packages/aiohttp/connector.py", line 1209, in _create_connection
    _, proto = await self._create_direct_connection(req, traces, timeout)
               ^^^^^^^^^^^^^^^^^^^^^^^^^^^^^^^^^^^^^^^^^^^^^^^^^^^^^^^^^^
  File "/opt/venv/lib/python3.14/site-packages/aiohttp/connector.py", line 1538, in _create_direct_connection
    raise ClientConnectorDNSError(req.connection_key, exc) from exc
aiohttp.client_exceptions.ClientConnectorDNSError: Cannot connect to host gateway.discord.gg:443 ssl:default [Try again]
[2026-01-20 00:00:33] ERROR discord.shard: Attempting a reconnect for shard ID 0 in 60.61s
Traceback (most recent call last):
  File "/opt/venv/lib/python3.14/site-packages/aiohttp/connector.py", line 1532, in _create_direct_connection
    hosts = await self._resolve_host(host, port, traces=traces)
            ^^^^^^^^^^^^^^^^^^^^^^^^^^^^^^^^^^^^^^^^^^^^^^^^^^^
  File "/opt/venv/lib/python3.14/site-packages/aiohttp/connector.py", line 1148, in _resolve_host
    return await asyncio.shield(resolved_host_task)
           ^^^^^^^^^^^^^^^^^^^^^^^^^^^^^^^^^^^^^^^^
  File "/opt/venv/lib/python3.14/site-packages/aiohttp/connector.py", line 1179, in _resolve_host_with_throttle
    addrs = await self._resolver.resolve(host, port, family=self._family)
            ^^^^^^^^^^^^^^^^^^^^^^^^^^^^^^^^^^^^^^^^^^^^^^^^^^^^^^^^^^^^^
  File "/opt/venv/lib/python3.14/site-packages/aiohttp/resolver.py", line 40, in resolve
    infos = await self._loop.getaddrinfo(
            ^^^^^^^^^^^^^^^^^^^^^^^^^^^^^
    ...<5 lines>...
    )
    ^
  File "/usr/local/lib/python3.14/asyncio/base_events.py", line 936, in getaddrinfo
    return await self.run_in_executor(
           ^^^^^^^^^^^^^^^^^^^^^^^^^^^
        None, getaddr_func, host, port, family, type, proto, flags)
        ^^^^^^^^^^^^^^^^^^^^^^^^^^^^^^^^^^^^^^^^^^^^^^^^^^^^^^^^^^^
  File "/usr/local/lib/python3.14/concurrent/futures/thread.py", line 86, in run
    result = ctx.run(self.task)
  File "/usr/local/lib/python3.14/concurrent/futures/thread.py", line 73, in run
    return fn(*args, **kwargs)
  File "/usr/local/lib/python3.14/socket.py", line 983, in getaddrinfo
    for res in _socket.getaddrinfo(host, port, family, type, proto, flags):
               ~~~~~~~~~~~~~~~~~~~^^^^^^^^^^^^^^^^^^^^^^^^^^^^^^^^^^^^^^^^
socket.gaierror: [Errno -3] Try again

The above exception was the direct cause of the following exception:

Traceback (most recent call last):
  File "/opt/venv/lib/python3.14/site-packages/discord/shard.py", line 219, in reconnect
    self.ws = await asyncio.wait_for(coro, timeout=60.0)
              ^^^^^^^^^^^^^^^^^^^^^^^^^^^^^^^^^^^^^^^^^^
  File "/usr/local/lib/python3.14/asyncio/tasks.py", line 488, in wait_for
    return await fut
           ^^^^^^^^^
  File "/opt/venv/lib/python3.14/site-packages/discord/gateway.py", line 383, in from_client
    socket = await client.http.ws_connect(str(url))
             ^^^^^^^^^^^^^^^^^^^^^^^^^^^^^^^^^^^^^^
  File "/opt/venv/lib/python3.14/site-packages/discord/http.py", line 566, in ws_connect
    return await self.__session.ws_connect(url, **kwargs)
           ^^^^^^^^^^^^^^^^^^^^^^^^^^^^^^^^^^^^^^^^^^^^^^
  File "/opt/venv/lib/python3.14/site-packages/aiohttp/client.py", line 1076, in _ws_connect
    resp = await self.request(
           ^^^^^^^^^^^^^^^^^^^
    ...<11 lines>...
    )
    ^
  File "/opt/venv/lib/python3.14/site-packages/aiohttp/client.py", line 779, in _request
    resp = await handler(req)
           ^^^^^^^^^^^^^^^^^^
  File "/opt/venv/lib/python3.14/site-packages/aiohttp/client.py", line 734, in _connect_and_send_request
    conn = await self._connector.connect(
           ^^^^^^^^^^^^^^^^^^^^^^^^^^^^^^
        req, traces=traces, timeout=real_timeout
        ^^^^^^^^^^^^^^^^^^^^^^^^^^^^^^^^^^^^^^^^
    )
    ^
  File "/opt/venv/lib/python3.14/site-packages/aiohttp/connector.py", line 642, in connect
    proto = await self._create_connection(req, traces, timeout)
            ^^^^^^^^^^^^^^^^^^^^^^^^^^^^^^^^^^^^^^^^^^^^^^^^^^^
  File "/opt/venv/lib/python3.14/site-packages/aiohttp/connector.py", line 1209, in _create_connection
    _, proto = await self._create_direct_connection(req, traces, timeout)
               ^^^^^^^^^^^^^^^^^^^^^^^^^^^^^^^^^^^^^^^^^^^^^^^^^^^^^^^^^^
  File "/opt/venv/lib/python3.14/site-packages/aiohttp/connector.py", line 1538, in _create_direct_connection
    raise ClientConnectorDNSError(req.connection_key, exc) from exc
aiohttp.client_exceptions.ClientConnectorDNSError: Cannot connect to host gateway.discord.gg:443 ssl:default [Try again]
[2026-01-20 00:01:38] INFO ballsdex: Received SIGTERM, stopping the bot...
[2026-01-20 00:01:40] INFO uvicorn.error: Shutting down
[2026-01-20 00:01:40] INFO uvicorn.error: Finished server process [1]
[2026-01-20 00:02:17] INFO uvicorn.error: Started server process [1]
[2026-01-20 00:02:17] INFO uvicorn.error: Waiting for application startup.
[2026-01-20 00:02:17] INFO uvicorn.error: ASGI 'lifespan' protocol appears unsupported.
[2026-01-20 00:02:17] INFO uvicorn.error: Application startup complete.
[2026-01-20 00:02:17] INFO uvicorn.error: Uvicorn running on http://0.0.0.0:8000 (Press CTRL+C to quit)
[2026-01-20 00:02:17] INFO ballsdex: Initialized bot, connecting to Discord...
[2026-01-20 00:02:17] INFO discord.client: logging in using static token
[2026-01-20 00:02:18] INFO settings.apps: Settings read successfully.
[2026-01-20 00:02:23] CRITICAL ballsdex: The main bot task didn't handle an exception and has crashed
Traceback (most recent call last):
  File "/opt/venv/lib/python3.14/site-packages/aiohttp/connector.py", line 1532, in _create_direct_connection
    hosts = await self._resolve_host(host, port, traces=traces)
            ^^^^^^^^^^^^^^^^^^^^^^^^^^^^^^^^^^^^^^^^^^^^^^^^^^^
  File "/opt/venv/lib/python3.14/site-packages/aiohttp/connector.py", line 1148, in _resolve_host
    return await asyncio.shield(resolved_host_task)
           ^^^^^^^^^^^^^^^^^^^^^^^^^^^^^^^^^^^^^^^^
  File "/opt/venv/lib/python3.14/site-packages/aiohttp/connector.py", line 1179, in _resolve_host_with_throttle
    addrs = await self._resolver.resolve(host, port, family=self._family)
            ^^^^^^^^^^^^^^^^^^^^^^^^^^^^^^^^^^^^^^^^^^^^^^^^^^^^^^^^^^^^^
  File "/opt/venv/lib/python3.14/site-packages/aiohttp/resolver.py", line 40, in resolve
    infos = await self._loop.getaddrinfo(
            ^^^^^^^^^^^^^^^^^^^^^^^^^^^^^
    ...<5 lines>...
    )
    ^
  File "/usr/local/lib/python3.14/asyncio/base_events.py", line 936, in getaddrinfo
    return await self.run_in_executor(
           ^^^^^^^^^^^^^^^^^^^^^^^^^^^
        None, getaddr_func, host, port, family, type, proto, flags)
        ^^^^^^^^^^^^^^^^^^^^^^^^^^^^^^^^^^^^^^^^^^^^^^^^^^^^^^^^^^^
  File "/usr/local/lib/python3.14/concurrent/futures/thread.py", line 86, in run
    result = ctx.run(self.task)
  File "/usr/local/lib/python3.14/concurrent/futures/thread.py", line 73, in run
    return fn(*args, **kwargs)
  File "/usr/local/lib/python3.14/socket.py", line 983, in getaddrinfo
    for res in _socket.getaddrinfo(host, port, family, type, proto, flags):
               ~~~~~~~~~~~~~~~~~~~^^^^^^^^^^^^^^^^^^^^^^^^^^^^^^^^^^^^^^^^
socket.gaierror: [Errno -3] Try again

The above exception was the direct cause of the following exception:

Traceback (most recent call last):
  File "/opt/venv/lib/python3.14/site-packages/bd_models/management/commands/startbot.py", line 201, in bot_exception_handler
    bot_task.result()
    ~~~~~~~~~~~~~~~^^
  File "/opt/venv/lib/python3.14/site-packages/discord/client.py", line 846, in start
    await self.login(token)
  File "/opt/venv/lib/python3.14/site-packages/discord/client.py", line 675, in login
    data = await self.http.static_login(token)
           ^^^^^^^^^^^^^^^^^^^^^^^^^^^^^^^^^^^
  File "/opt/venv/lib/python3.14/site-packages/discord/http.py", line 839, in static_login
    data = await self.request(Route('GET', '/users/@me'))
           ^^^^^^^^^^^^^^^^^^^^^^^^^^^^^^^^^^^^^^^^^^^^^^
  File "/opt/venv/lib/python3.14/site-packages/discord/http.py", line 654, in request
    async with self.__session.request(method, url, **kwargs) as response:
               ~~~~~~~~~~~~~~~~~~~~~~^^^^^^^^^^^^^^^^^^^^^^^
  File "/opt/venv/lib/python3.14/site-packages/aiohttp/client.py", line 1510, in __aenter__
    self._resp: _RetType = await self._coro
                           ^^^^^^^^^^^^^^^^
  File "/opt/venv/lib/python3.14/site-packages/aiohttp/client.py", line 779, in _request
    resp = await handler(req)
           ^^^^^^^^^^^^^^^^^^
  File "/opt/venv/lib/python3.14/site-packages/aiohttp/client.py", line 734, in _connect_and_send_request
    conn = await self._connector.connect(
           ^^^^^^^^^^^^^^^^^^^^^^^^^^^^^^
        req, traces=traces, timeout=real_timeout
        ^^^^^^^^^^^^^^^^^^^^^^^^^^^^^^^^^^^^^^^^
    )
    ^
  File "/opt/venv/lib/python3.14/site-packages/aiohttp/connector.py", line 642, in connect
    proto = await self._create_connection(req, traces, timeout)
            ^^^^^^^^^^^^^^^^^^^^^^^^^^^^^^^^^^^^^^^^^^^^^^^^^^^
  File "/opt/venv/lib/python3.14/site-packages/aiohttp/connector.py", line 1209, in _create_connection
    _, proto = await self._create_direct_connection(req, traces, timeout)
               ^^^^^^^^^^^^^^^^^^^^^^^^^^^^^^^^^^^^^^^^^^^^^^^^^^^^^^^^^^
  File "/opt/venv/lib/python3.14/site-packages/aiohttp/connector.py", line 1538, in _create_direct_connection
    raise ClientConnectorDNSError(req.connection_key, exc) from exc
aiohttp.client_exceptions.ClientConnectorDNSError: Cannot connect to host discord.com:443 ssl:default [Try again]
[2026-01-20 00:02:23] WARNING ballsdex: Attempting to die as gracefully as possible...
[2026-01-20 00:02:23] INFO ballsdex: Shutting down the bot...
[2026-01-20 00:04:19] INFO ballsdex: Initialized bot, connecting to Discord...
[2026-01-20 00:04:19] INFO discord.client: logging in using static token
[2026-01-20 00:04:24] CRITICAL ballsdex: The main bot task didn't handle an exception and has crashed
Traceback (most recent call last):
  File "/opt/venv/lib/python3.14/site-packages/aiohttp/connector.py", line 1532, in _create_direct_connection
    hosts = await self._resolve_host(host, port, traces=traces)
            ^^^^^^^^^^^^^^^^^^^^^^^^^^^^^^^^^^^^^^^^^^^^^^^^^^^
  File "/opt/venv/lib/python3.14/site-packages/aiohttp/connector.py", line 1148, in _resolve_host
    return await asyncio.shield(resolved_host_task)
           ^^^^^^^^^^^^^^^^^^^^^^^^^^^^^^^^^^^^^^^^
  File "/opt/venv/lib/python3.14/site-packages/aiohttp/connector.py", line 1179, in _resolve_host_with_throttle
    addrs = await self._resolver.resolve(host, port, family=self._family)
            ^^^^^^^^^^^^^^^^^^^^^^^^^^^^^^^^^^^^^^^^^^^^^^^^^^^^^^^^^^^^^
  File "/opt/venv/lib/python3.14/site-packages/aiohttp/resolver.py", line 40, in resolve
    infos = await self._loop.getaddrinfo(
            ^^^^^^^^^^^^^^^^^^^^^^^^^^^^^
    ...<5 lines>...
    )
    ^
  File "/usr/local/lib/python3.14/asyncio/base_events.py", line 936, in getaddrinfo
    return await self.run_in_executor(
           ^^^^^^^^^^^^^^^^^^^^^^^^^^^
        None, getaddr_func, host, port, family, type, proto, flags)
        ^^^^^^^^^^^^^^^^^^^^^^^^^^^^^^^^^^^^^^^^^^^^^^^^^^^^^^^^^^^
  File "/usr/local/lib/python3.14/concurrent/futures/thread.py", line 86, in run
    result = ctx.run(self.task)
  File "/usr/local/lib/python3.14/concurrent/futures/thread.py", line 73, in run
    return fn(*args, **kwargs)
  File "/usr/local/lib/python3.14/socket.py", line 983, in getaddrinfo
    for res in _socket.getaddrinfo(host, port, family, type, proto, flags):
               ~~~~~~~~~~~~~~~~~~~^^^^^^^^^^^^^^^^^^^^^^^^^^^^^^^^^^^^^^^^
socket.gaierror: [Errno -3] Try again

The above exception was the direct cause of the following exception:

Traceback (most recent call last):
  File "/opt/venv/lib/python3.14/site-packages/bd_models/management/commands/startbot.py", line 201, in bot_exception_handler
    bot_task.result()
    ~~~~~~~~~~~~~~~^^
  File "/opt/venv/lib/python3.14/site-packages/discord/client.py", line 846, in start
    await self.login(token)
  File "/opt/venv/lib/python3.14/site-packages/discord/client.py", line 675, in login
    data = await self.http.static_login(token)
           ^^^^^^^^^^^^^^^^^^^^^^^^^^^^^^^^^^^
  File "/opt/venv/lib/python3.14/site-packages/discord/http.py", line 839, in static_login
    data = await self.request(Route('GET', '/users/@me'))
           ^^^^^^^^^^^^^^^^^^^^^^^^^^^^^^^^^^^^^^^^^^^^^^
  File "/opt/venv/lib/python3.14/site-packages/discord/http.py", line 654, in request
    async with self.__session.request(method, url, **kwargs) as response:
               ~~~~~~~~~~~~~~~~~~~~~~^^^^^^^^^^^^^^^^^^^^^^^
  File "/opt/venv/lib/python3.14/site-packages/aiohttp/client.py", line 1510, in __aenter__
    self._resp: _RetType = await self._coro
                           ^^^^^^^^^^^^^^^^
  File "/opt/venv/lib/python3.14/site-packages/aiohttp/client.py", line 779, in _request
    resp = await handler(req)
           ^^^^^^^^^^^^^^^^^^
  File "/opt/venv/lib/python3.14/site-packages/aiohttp/client.py", line 734, in _connect_and_send_request
    conn = await self._connector.connect(
           ^^^^^^^^^^^^^^^^^^^^^^^^^^^^^^
        req, traces=traces, timeout=real_timeout
        ^^^^^^^^^^^^^^^^^^^^^^^^^^^^^^^^^^^^^^^^
    )
    ^
  File "/opt/venv/lib/python3.14/site-packages/aiohttp/connector.py", line 642, in connect
    proto = await self._create_connection(req, traces, timeout)
            ^^^^^^^^^^^^^^^^^^^^^^^^^^^^^^^^^^^^^^^^^^^^^^^^^^^
  File "/opt/venv/lib/python3.14/site-packages/aiohttp/connector.py", line 1209, in _create_connection
    _, proto = await self._create_direct_connection(req, traces, timeout)
               ^^^^^^^^^^^^^^^^^^^^^^^^^^^^^^^^^^^^^^^^^^^^^^^^^^^^^^^^^^
  File "/opt/venv/lib/python3.14/site-packages/aiohttp/connector.py", line 1538, in _create_direct_connection
    raise ClientConnectorDNSError(req.connection_key, exc) from exc
aiohttp.client_exceptions.ClientConnectorDNSError: Cannot connect to host discord.com:443 ssl:default [Try again]
[2026-01-20 00:04:24] WARNING ballsdex: Attempting to die as gracefully as possible...
[2026-01-20 00:04:24] INFO ballsdex: Shutting down the bot...
[2026-01-20 00:13:07] INFO uvicorn.error: Started server process [1]
[2026-01-20 00:13:07] INFO uvicorn.error: Waiting for application startup.
[2026-01-20 00:13:07] INFO uvicorn.error: ASGI 'lifespan' protocol appears unsupported.
[2026-01-20 00:13:07] INFO uvicorn.error: Application startup complete.
[2026-01-20 00:13:07] INFO uvicorn.error: Uvicorn running on http://0.0.0.0:8000 (Press CTRL+C to quit)
[2026-01-20 00:13:07] INFO settings.apps: Settings read successfully.
[2026-01-20 00:13:08] INFO ballsdex: Initialized bot, connecting to Discord...
[2026-01-20 00:13:08] INFO discord.client: logging in using static token
[2026-01-20 00:13:09] INFO ballsdex.core.bot: Starting up with None shards...
[2026-01-20 00:13:11] INFO discord.gateway: Shard ID 0 has connected to Gateway (Session ID: 0207b4427871b2104a8e0751e27f07af).
[2026-01-20 00:13:13] INFO ballsdex.core.bot: Successfully logged in as OCDEX#2184 (1459614981937954931)!
[2026-01-20 00:13:13] INFO ballsdex.core.bot: lomadinthe2nd is the owner of this bot.
[2026-01-20 00:13:13] INFO ballsdex.core.bot: Cache loaded, summary displayed below:
[2026-01-20 00:13:13] INFO ballsdex.core.bot: Loading packages...
[2026-01-20 00:13:20] INFO ballsdex.packages.countryballs: Loaded 1 guild in cache.
[2026-01-20 00:13:23] INFO ballsdex.core.bot: Packages loaded: admin, balls, guildconfig, countryballs, info, players, trade
[2026-01-20 00:13:23] INFO ballsdex.core.bot: Syncing global commands...
[2026-01-20 00:13:26] INFO ballsdex.core.bot: Synced 7 global commands.
[2026-01-20 03:44:57] INFO discord.gateway: Shard ID 0 has successfully RESUMED session 0207b4427871b2104a8e0751e27f07af.
[2026-01-20 06:27:15] INFO discord.gateway: Shard ID 0 has successfully RESUMED session 0207b4427871b2104a8e0751e27f07af.
[2026-01-20 09:46:52] INFO discord.gateway: Shard ID 0 has successfully RESUMED session 0207b4427871b2104a8e0751e27f07af.
[2026-01-20 10:16:15] INFO discord.gateway: Shard ID 0 has successfully RESUMED session 0207b4427871b2104a8e0751e27f07af.
[2026-01-20 11:06:30] INFO discord.gateway: Shard ID 0 has successfully RESUMED session 0207b4427871b2104a8e0751e27f07af.
[2026-01-20 11:06:50] INFO discord.gateway: Shard ID 0 has successfully RESUMED session 0207b4427871b2104a8e0751e27f07af.
[2026-01-20 11:08:20] INFO discord.gateway: Shard ID 0 has successfully RESUMED session 0207b4427871b2104a8e0751e27f07af.
[2026-01-20 14:46:09] INFO discord.gateway: Shard ID 0 has successfully RESUMED session 0207b4427871b2104a8e0751e27f07af.
[2026-01-20 15:56:56] INFO discord.gateway: Shard ID 0 has successfully RESUMED session 0207b4427871b2104a8e0751e27f07af.
[2026-01-20 16:57:12] INFO discord.gateway: Shard ID 0 has successfully RESUMED session 0207b4427871b2104a8e0751e27f07af.
[2026-01-20 17:35:11] WARNING discord.gateway: Can't keep up, shard ID 0 websocket is 10.2s behind.
[2026-01-20 17:35:11] WARNING discord.gateway: Can't keep up, shard ID 0 websocket is 10.3s behind.
[2026-01-20 17:42:12] INFO discord.gateway: Shard ID 0 has successfully RESUMED session 0207b4427871b2104a8e0751e27f07af.
[2026-01-20 19:06:16] INFO discord.gateway: Shard ID 0 has successfully RESUMED session 0207b4427871b2104a8e0751e27f07af.
[2026-01-20 20:13:03] INFO discord.gateway: Shard ID 0 has successfully RESUMED session 0207b4427871b2104a8e0751e27f07af.
[2026-01-20 20:33:31] INFO discord.gateway: Shard ID 0 has successfully RESUMED session 0207b4427871b2104a8e0751e27f07af.
[2026-01-20 21:39:14] INFO discord.gateway: Shard ID 0 has successfully RESUMED session 0207b4427871b2104a8e0751e27f07af.
[2026-01-20 22:21:29] INFO discord.gateway: Shard ID 0 has successfully RESUMED session 0207b4427871b2104a8e0751e27f07af.
[2026-01-20 23:17:03] INFO discord.gateway: Shard ID 0 has successfully RESUMED session 0207b4427871b2104a8e0751e27f07af.
[2026-01-20 23:56:58] WARNING ballsdex.packages.countryballs: Missing permission to spawn ball in channel ocdex～💳.
[2026-01-21 00:34:29] INFO discord.gateway: Shard ID 0 has successfully RESUMED session 0207b4427871b2104a8e0751e27f07af.
[2026-01-21 01:31:22] INFO discord.gateway: Shard ID 0 has successfully RESUMED session 0207b4427871b2104a8e0751e27f07af.
[2026-01-21 02:22:08] INFO discord.gateway: Shard ID 0 has successfully RESUMED session 0207b4427871b2104a8e0751e27f07af.
[2026-01-21 02:29:42] INFO discord.gateway: Shard ID 0 has successfully RESUMED session 0207b4427871b2104a8e0751e27f07af.
[2026-01-21 02:32:20] WARNING ballsdex.packages.countryballs: Missing permission to spawn ball in channel ocdex～💳.
[2026-01-21 03:39:55] INFO discord.gateway: Shard ID 0 session has been invalidated.
[2026-01-21 03:40:03] INFO discord.gateway: Shard ID 0 has connected to Gateway (Session ID: 5fb24b69b4bd3c7f7a4698261f3aa2b7).
[2026-01-21 04:38:11] INFO discord.gateway: Shard ID 0 has successfully RESUMED session 5fb24b69b4bd3c7f7a4698261f3aa2b7.
[2026-01-21 05:11:25] INFO discord.gateway: Shard ID 0 has successfully RESUMED session 5fb24b69b4bd3c7f7a4698261f3aa2b7.
[2026-01-21 08:49:55] INFO discord.gateway: Shard ID 0 has successfully RESUMED session 5fb24b69b4bd3c7f7a4698261f3aa2b7.
[2026-01-21 08:55:22] INFO discord.gateway: Shard ID 0 has successfully RESUMED session 5fb24b69b4bd3c7f7a4698261f3aa2b7.
[2026-01-21 09:57:05] INFO discord.gateway: Shard ID 0 has successfully RESUMED session 5fb24b69b4bd3c7f7a4698261f3aa2b7.
[2026-01-21 11:12:24] INFO discord.gateway: Shard ID 0 has successfully RESUMED session 5fb24b69b4bd3c7f7a4698261f3aa2b7.
[2026-01-21 11:38:23] INFO discord.gateway: Shard ID 0 has successfully RESUMED session 5fb24b69b4bd3c7f7a4698261f3aa2b7.
[2026-01-21 12:12:26] INFO discord.gateway: Shard ID 0 has successfully RESUMED session 5fb24b69b4bd3c7f7a4698261f3aa2b7.
[2026-01-21 13:03:42] INFO discord.gateway: Shard ID 0 has successfully RESUMED session 5fb24b69b4bd3c7f7a4698261f3aa2b7.
[2026-01-21 15:49:07] INFO discord.gateway: Shard ID 0 has successfully RESUMED session 5fb24b69b4bd3c7f7a4698261f3aa2b7.
[2026-01-21 17:11:00] INFO discord.gateway: Shard ID 0 has successfully RESUMED session 5fb24b69b4bd3c7f7a4698261f3aa2b7.
[2026-01-21 17:40:34] INFO discord.gateway: Shard ID 0 has successfully RESUMED session 5fb24b69b4bd3c7f7a4698261f3aa2b7.
[2026-01-21 18:02:03] INFO discord.gateway: Shard ID 0 has successfully RESUMED session 5fb24b69b4bd3c7f7a4698261f3aa2b7.
[2026-01-21 19:00:30] INFO discord.gateway: Shard ID 0 has successfully RESUMED session 5fb24b69b4bd3c7f7a4698261f3aa2b7.
[2026-01-21 19:19:05] INFO discord.gateway: Shard ID 0 has successfully RESUMED session 5fb24b69b4bd3c7f7a4698261f3aa2b7.
[2026-01-21 19:32:50] INFO discord.gateway: Shard ID 0 has successfully RESUMED session 5fb24b69b4bd3c7f7a4698261f3aa2b7.
[2026-01-21 20:25:43] INFO discord.gateway: Shard ID 0 has successfully RESUMED session 5fb24b69b4bd3c7f7a4698261f3aa2b7.
[2026-01-21 21:36:32] WARNING ballsdex.packages.countryballs: Missing permission to spawn ball in channel ocdex～💳.
[2026-01-21 22:26:35] INFO discord.gateway: Shard ID 0 has successfully RESUMED session 5fb24b69b4bd3c7f7a4698261f3aa2b7.
[2026-01-22 00:57:05] INFO discord.gateway: Shard ID 0 has successfully RESUMED session 5fb24b69b4bd3c7f7a4698261f3aa2b7.
[2026-01-22 01:11:42] WARNING ballsdex.packages.countryballs: Missing permission to spawn ball in channel ocdex～💳.
[2026-01-22 02:24:14] WARNING ballsdex.packages.countryballs: Missing permission to spawn ball in channel ocdex～💳.
[2026-01-22 02:30:39] INFO discord.gateway: Shard ID 0 has successfully RESUMED session 5fb24b69b4bd3c7f7a4698261f3aa2b7.
[2026-01-22 04:10:35] INFO discord.gateway: Shard ID 0 has successfully RESUMED session 5fb24b69b4bd3c7f7a4698261f3aa2b7.
[2026-01-22 04:51:30] INFO discord.gateway: Shard ID 0 has successfully RESUMED session 5fb24b69b4bd3c7f7a4698261f3aa2b7.
[2026-01-22 06:55:02] WARNING ballsdex.packages.countryballs: Missing permission to spawn ball in channel ocdex～💳.
[2026-01-22 07:36:56] INFO discord.gateway: Shard ID 0 has successfully RESUMED session 5fb24b69b4bd3c7f7a4698261f3aa2b7.
[2026-01-22 10:11:29] INFO discord.gateway: Shard ID 0 has successfully RESUMED session 5fb24b69b4bd3c7f7a4698261f3aa2b7.
[2026-01-22 13:06:33] INFO discord.gateway: Shard ID 0 has successfully RESUMED session 5fb24b69b4bd3c7f7a4698261f3aa2b7.
[2026-01-22 13:36:53] INFO discord.gateway: Shard ID 0 has successfully RESUMED session 5fb24b69b4bd3c7f7a4698261f3aa2b7.
[2026-01-22 14:25:06] INFO discord.gateway: Shard ID 0 has successfully RESUMED session 5fb24b69b4bd3c7f7a4698261f3aa2b7.
[2026-01-22 14:30:09] INFO discord.gateway: Shard ID 0 has successfully RESUMED session 5fb24b69b4bd3c7f7a4698261f3aa2b7.
[2026-01-22 15:02:16] WARNING discord.gateway: Can't keep up, shard ID 0 websocket is 58.7s behind.
[2026-01-22 15:02:18] WARNING discord.gateway: Can't keep up, shard ID 0 websocket is 60.0s behind.
[2026-01-22 15:02:20] WARNING discord.gateway: Shard ID 0 heartbeat blocked for more than 10 seconds.
Loop thread traceback (most recent call last):
  File "<frozen runpy>", line 198, in _run_module_as_main
  File "<frozen runpy>", line 88, in _run_code
  File "/opt/venv/lib/python3.14/site-packages/ballsdex/__main__.py", line 15, in <module>
    main()
  File "/opt/venv/lib/python3.14/site-packages/ballsdex/__main__.py", line 11, in main
    execute_from_command_line(sys.argv)
  File "/opt/venv/lib/python3.14/site-packages/django/core/management/__init__.py", line 443, in execute_from_command_line
    utility.execute()
  File "/opt/venv/lib/python3.14/site-packages/django/core/management/__init__.py", line 437, in execute
    self.fetch_command(subcommand).run_from_argv(self.argv)
  File "/opt/venv/lib/python3.14/site-packages/django/core/management/base.py", line 416, in run_from_argv
    self.execute(*args, **cmd_options)
  File "/opt/venv/lib/python3.14/site-packages/django/core/management/base.py", line 460, in execute
    output = self.handle(*args, **options)
  File "/opt/venv/lib/python3.14/site-packages/bd_models/management/commands/startbot.py", line 352, in handle
    loop.run_forever()
  File "/usr/local/lib/python3.14/asyncio/base_events.py", line 677, in run_forever
    self._run_once()
  File "/usr/local/lib/python3.14/asyncio/base_events.py", line 2047, in _run_once
    handle = None  # Needed to break cycles when an exception occurs.
  File "/usr/local/lib/python3.14/asyncio/events.py", line 110, in _run
    self = None  # Needed to break cycles when an exception occurs.
  File "/opt/venv/lib/python3.14/site-packages/discord/gateway.py", line 679, in send_heartbeat
    await self.socket.send_str(utils._to_json(data))
  File "/opt/venv/lib/python3.14/site-packages/aiohttp/client_ws.py", line 245, in send_str
    await self._writer.send_frame(
  File "/opt/venv/lib/python3.14/site-packages/aiohttp/_websocket/writer.py", line 119, in send_frame
    if self._output_size > self._limit:
  File "/opt/venv/lib/python3.14/site-packages/aiohttp/_websocket/writer.py", line 172, in _write_websocket_frame
    self._output_size += header_len + msg_length
  File "/usr/local/lib/python3.14/asyncio/sslproto.py", line 222, in write
    self._ssl_protocol._write_appdata((data,))
  File "/usr/local/lib/python3.14/asyncio/sslproto.py", line 697, in _write_appdata
    self._do_write()
  File "/usr/local/lib/python3.14/asyncio/sslproto.py", line 716, in _do_write
    self._process_outgoing()
  File "/usr/local/lib/python3.14/asyncio/sslproto.py", line 723, in _process_outgoing
    self._control_app_writing()
  File "/usr/local/lib/python3.14/asyncio/selector_events.py", line 1082, in write
    return

[2026-01-22 17:37:24] INFO discord.gateway: Shard ID 0 has successfully RESUMED session 5fb24b69b4bd3c7f7a4698261f3aa2b7.
[2026-01-22 18:43:15] INFO discord.gateway: Shard ID 0 has successfully RESUMED session 5fb24b69b4bd3c7f7a4698261f3aa2b7.
[2026-01-22 19:11:46] WARNING discord.gateway: Can't keep up, shard ID 0 websocket is 52.9s behind.
[2026-01-22 19:12:21] WARNING discord.gateway: Can't keep up, shard ID 0 websocket is 35.6s behind.
[2026-01-22 19:55:21] INFO discord.gateway: Shard ID 0 has successfully RESUMED session 5fb24b69b4bd3c7f7a4698261f3aa2b7.
[2026-01-22 20:51:35] WARNING ballsdex.packages.countryballs: Missing permission to spawn ball in channel ocdex～💳.
[2026-01-22 21:07:42] WARNING ballsdex.packages.countryballs: Missing permission to spawn ball in channel ocdex～💳.
[2026-01-22 21:33:45] WARNING ballsdex.packages.countryballs: Missing permission to spawn ball in channel ocdex～💳.
[2026-01-22 22:02:47] INFO discord.gateway: Shard ID 0 has successfully RESUMED session 5fb24b69b4bd3c7f7a4698261f3aa2b7.
[2026-01-22 22:21:18] WARNING discord.gateway: Shard ID 0 has stopped responding to the gateway. Closing and restarting.
[2026-01-22 22:21:26] INFO discord.gateway: Shard ID 0 has successfully RESUMED session 5fb24b69b4bd3c7f7a4698261f3aa2b7.
[2026-01-22 22:44:27] WARNING discord.gateway: Can't keep up, shard ID 0 websocket is 14.3s behind.
[2026-01-22 22:56:57] WARNING ballsdex.packages.countryballs: Missing permission to spawn ball in channel ocdex～💳.
[2026-01-22 23:06:56] WARNING discord.gateway: Shard ID 0 heartbeat blocked for more than 10 seconds.
Loop thread traceback (most recent call last):
  File "<frozen runpy>", line 198, in _run_module_as_main
  File "<frozen runpy>", line 88, in _run_code
  File "/opt/venv/lib/python3.14/site-packages/ballsdex/__main__.py", line 15, in <module>
    main()
  File "/opt/venv/lib/python3.14/site-packages/ballsdex/__main__.py", line 11, in main
    execute_from_command_line(sys.argv)
  File "/opt/venv/lib/python3.14/site-packages/django/core/management/__init__.py", line 443, in execute_from_command_line
    utility.execute()
  File "/opt/venv/lib/python3.14/site-packages/django/core/management/__init__.py", line 437, in execute
    self.fetch_command(subcommand).run_from_argv(self.argv)
  File "/opt/venv/lib/python3.14/site-packages/django/core/management/base.py", line 416, in run_from_argv
    self.execute(*args, **cmd_options)
  File "/opt/venv/lib/python3.14/site-packages/django/core/management/base.py", line 460, in execute
    output = self.handle(*args, **options)
  File "/opt/venv/lib/python3.14/site-packages/bd_models/management/commands/startbot.py", line 352, in handle
    loop.run_forever()
  File "/usr/local/lib/python3.14/asyncio/base_events.py", line 677, in run_forever
    self._run_once()
  File "/usr/local/lib/python3.14/asyncio/base_events.py", line 2046, in _run_once
    handle._run()
  File "/usr/local/lib/python3.14/asyncio/events.py", line 94, in _run
    self._context.run(self._callback, *self._args)
  File "/opt/venv/lib/python3.14/site-packages/discord/gateway.py", line 679, in send_heartbeat
    await self.socket.send_str(utils._to_json(data))
  File "/opt/venv/lib/python3.14/site-packages/discord/utils.py", line 667, in _to_json
    return json.dumps(obj, separators=(',', ':'), ensure_ascii=True)
  File "/usr/local/lib/python3.14/json/__init__.py", line 234, in dumps
    return cls(
  File "/usr/local/lib/python3.14/json/encoder.py", line 158, in __init__
    if default is not None:

[2026-01-22 23:06:59] INFO discord.gateway: Shard ID 0 has successfully RESUMED session 5fb24b69b4bd3c7f7a4698261f3aa2b7.
[2026-01-22 23:31:31] WARNING discord.gateway: Shard ID 0 heartbeat blocked for more than 10 seconds.
Loop thread traceback (most recent call last):
  File "<frozen runpy>", line 198, in _run_module_as_main
  File "<frozen runpy>", line 88, in _run_code
  File "/opt/venv/lib/python3.14/site-packages/ballsdex/__main__.py", line 15, in <module>
    main()
  File "/opt/venv/lib/python3.14/site-packages/ballsdex/__main__.py", line 11, in main
    execute_from_command_line(sys.argv)
  File "/opt/venv/lib/python3.14/site-packages/django/core/management/__init__.py", line 443, in execute_from_command_line
    utility.execute()
  File "/opt/venv/lib/python3.14/site-packages/django/core/management/__init__.py", line 437, in execute
    self.fetch_command(subcommand).run_from_argv(self.argv)
  File "/opt/venv/lib/python3.14/site-packages/django/core/management/base.py", line 416, in run_from_argv
    self.execute(*args, **cmd_options)
  File "/opt/venv/lib/python3.14/site-packages/django/core/management/base.py", line 460, in execute
    output = self.handle(*args, **options)
  File "/opt/venv/lib/python3.14/site-packages/bd_models/management/commands/startbot.py", line 352, in handle
    loop.run_forever()
  File "/usr/local/lib/python3.14/asyncio/base_events.py", line 677, in run_forever
    self._run_once()
  File "/usr/local/lib/python3.14/asyncio/base_events.py", line 2046, in _run_once
    handle._run()
  File "/usr/local/lib/python3.14/asyncio/events.py", line 94, in _run
    self._context.run(self._callback, *self._args)
  File "/opt/venv/lib/python3.14/site-packages/discord/gateway.py", line 679, in send_heartbeat
    await self.socket.send_str(utils._to_json(data))
  File "/opt/venv/lib/python3.14/site-packages/aiohttp/client_ws.py", line 245, in send_str
    await self._writer.send_frame(
  File "/opt/venv/lib/python3.14/site-packages/aiohttp/_websocket/writer.py", line 83, in send_frame
    self._write_websocket_frame(message, opcode, 0)
  File "/opt/venv/lib/python3.14/site-packages/aiohttp/_websocket/writer.py", line 164, in _write_websocket_frame
    self.transport.write(header + mask + message)
  File "/usr/local/lib/python3.14/asyncio/sslproto.py", line 222, in write
    self._ssl_protocol._write_appdata((data,))
  File "/usr/local/lib/python3.14/asyncio/sslproto.py", line 697, in _write_appdata
    self._do_write()

[2026-01-22 23:31:32] ERROR discord.shard: Attempting a reconnect for shard ID 0 in 1.90s
Traceback (most recent call last):
  File "/opt/venv/lib/python3.14/site-packages/discord/shard.py", line 173, in worker
    await self.ws.poll_event()
  File "/opt/venv/lib/python3.14/site-packages/discord/gateway.py", line 635, in poll_event
    await self.received_message(msg.data)
  File "/opt/venv/lib/python3.14/site-packages/discord/gateway.py", line 540, in received_message
    await self.send_as_json(beat)
  File "/opt/venv/lib/python3.14/site-packages/discord/gateway.py", line 671, in send_as_json
    await self.send(utils._to_json(data))
  File "/opt/venv/lib/python3.14/site-packages/discord/gateway.py", line 667, in send
    await self.socket.send_str(data)
  File "/opt/venv/lib/python3.14/site-packages/aiohttp/client_ws.py", line 245, in send_str
    await self._writer.send_frame(
        data.encode("utf-8"), WSMsgType.TEXT, compress=compress
    )
  File "/opt/venv/lib/python3.14/site-packages/aiohttp/_websocket/writer.py", line 83, in send_frame
    self._write_websocket_frame(message, opcode, 0)
    ~~~~~~~~~~~~~~~~~~~~~~~~~~~^^^^^^^^^^^^^^^^^^^^
  File "/opt/venv/lib/python3.14/site-packages/aiohttp/_websocket/writer.py", line 151, in _write_websocket_frame
    raise ClientConnectionResetError("Cannot write to closing transport")
aiohttp.client_exceptions.ClientConnectionResetError: Cannot write to closing transport
[2026-01-22 23:31:42] INFO discord.gateway: Shard ID 0 has connected to Gateway (Session ID: 28274e0e82be02fb6ecd93137556b141).
[2026-01-22 23:55:51] WARNING discord.gateway: Shard ID 0 heartbeat blocked for more than 10 seconds.
Loop thread traceback (most recent call last):
  File "<frozen runpy>", line 198, in _run_module_as_main
  File "<frozen runpy>", line 88, in _run_code
  File "/opt/venv/lib/python3.14/site-packages/ballsdex/__main__.py", line 15, in <module>
    main()
  File "/opt/venv/lib/python3.14/site-packages/ballsdex/__main__.py", line 11, in main
    execute_from_command_line(sys.argv)
  File "/opt/venv/lib/python3.14/site-packages/django/core/management/__init__.py", line 443, in execute_from_command_line
    utility.execute()
  File "/opt/venv/lib/python3.14/site-packages/django/core/management/__init__.py", line 437, in execute
    self.fetch_command(subcommand).run_from_argv(self.argv)
  File "/opt/venv/lib/python3.14/site-packages/django/core/management/base.py", line 416, in run_from_argv
    self.execute(*args, **cmd_options)
  File "/opt/venv/lib/python3.14/site-packages/django/core/management/base.py", line 460, in execute
    output = self.handle(*args, **options)
  File "/opt/venv/lib/python3.14/site-packages/bd_models/management/commands/startbot.py", line 352, in handle
    loop.run_forever()
  File "/usr/local/lib/python3.14/asyncio/base_events.py", line 677, in run_forever
    self._run_once()
  File "/usr/local/lib/python3.14/asyncio/base_events.py", line 2047, in _run_once
    handle = None  # Needed to break cycles when an exception occurs.
  File "/usr/local/lib/python3.14/asyncio/events.py", line 110, in _run
    self = None  # Needed to break cycles when an exception occurs.
  File "/usr/local/lib/python3.14/asyncio/selector_events.py", line 966, in _read_ready
    self._read_ready_cb()
  File "/usr/local/lib/python3.14/asyncio/selector_events.py", line 998, in _read_ready__get_buffer
    self._protocol.buffer_updated(nbytes)
  File "/usr/local/lib/python3.14/asyncio/sslproto.py", line 445, in buffer_updated
    self._do_read()
  File "/usr/local/lib/python3.14/asyncio/sslproto.py", line 745, in _do_read
    self._control_ssl_reading()
  File "/usr/local/lib/python3.14/asyncio/sslproto.py", line 723, in _process_outgoing
    self._control_app_writing()

[2026-01-22 23:55:55] INFO discord.gateway: Shard ID 0 has successfully RESUMED session 28274e0e82be02fb6ecd93137556b141.
[2026-01-23 00:49:26] WARNING discord.gateway: Shard ID 0 heartbeat blocked for more than 10 seconds.
Loop thread traceback (most recent call last):
  File "<frozen runpy>", line 198, in _run_module_as_main
  File "<frozen runpy>", line 88, in _run_code
  File "/opt/venv/lib/python3.14/site-packages/ballsdex/__main__.py", line 15, in <module>
    main()
  File "/opt/venv/lib/python3.14/site-packages/ballsdex/__main__.py", line 11, in main
    execute_from_command_line(sys.argv)
  File "/opt/venv/lib/python3.14/site-packages/django/core/management/__init__.py", line 443, in execute_from_command_line
    utility.execute()
  File "/opt/venv/lib/python3.14/site-packages/django/core/management/__init__.py", line 437, in execute
    self.fetch_command(subcommand).run_from_argv(self.argv)
  File "/opt/venv/lib/python3.14/site-packages/django/core/management/base.py", line 416, in run_from_argv
    self.execute(*args, **cmd_options)
  File "/opt/venv/lib/python3.14/site-packages/django/core/management/base.py", line 460, in execute
    output = self.handle(*args, **options)
  File "/opt/venv/lib/python3.14/site-packages/bd_models/management/commands/startbot.py", line 352, in handle
    loop.run_forever()
  File "/usr/local/lib/python3.14/asyncio/base_events.py", line 677, in run_forever
    self._run_once()
  File "/usr/local/lib/python3.14/asyncio/base_events.py", line 2047, in _run_once
    handle = None  # Needed to break cycles when an exception occurs.
  File "/usr/local/lib/python3.14/asyncio/events.py", line 110, in _run
    self = None  # Needed to break cycles when an exception occurs.
  File "/opt/venv/lib/python3.14/site-packages/discord/gateway.py", line 679, in send_heartbeat
    await self.socket.send_str(utils._to_json(data))
  File "/opt/venv/lib/python3.14/site-packages/aiohttp/client_ws.py", line 245, in send_str
    await self._writer.send_frame(
  File "/opt/venv/lib/python3.14/site-packages/aiohttp/_websocket/writer.py", line 119, in send_frame
    if self._output_size > self._limit:
  File "/opt/venv/lib/python3.14/site-packages/aiohttp/_websocket/writer.py", line 172, in _write_websocket_frame
    self._output_size += header_len + msg_length
  File "/usr/local/lib/python3.14/asyncio/sslproto.py", line 222, in write
    self._ssl_protocol._write_appdata((data,))
  File "/usr/local/lib/python3.14/asyncio/sslproto.py", line 697, in _write_appdata
    self._do_write()
  File "/usr/local/lib/python3.14/asyncio/sslproto.py", line 716, in _do_write
    self._process_outgoing()
  File "/usr/local/lib/python3.14/ssl.py", line 877, in write
    return self._sslobj.write(data)

[2026-01-23 00:49:28] INFO discord.gateway: Shard ID 0 session has been invalidated.
[2026-01-23 00:49:34] INFO discord.gateway: Shard ID 0 has connected to Gateway (Session ID: fff57c03873f5358410122191e27fbc4).
[2026-01-23 01:10:42] WARNING discord.gateway: Shard ID 0 has stopped responding to the gateway. Closing and restarting.
[2026-01-23 01:10:48] INFO discord.gateway: Shard ID 0 session has been invalidated.
[2026-01-23 01:11:01] INFO discord.gateway: Shard ID 0 has connected to Gateway (Session ID: ced1d7355cd58d796275c34ecc348fae).
[2026-01-23 01:55:34] WARNING discord.gateway: Shard ID 0 has stopped responding to the gateway. Closing and restarting.
[2026-01-23 01:57:10] ERROR discord.shard: Attempting a reconnect for shard ID 0 in 0.49s
Traceback (most recent call last):
  File "/usr/local/lib/python3.14/asyncio/tasks.py", line 488, in wait_for
    return await fut
           ^^^^^^^^^
  File "/opt/venv/lib/python3.14/site-packages/discord/gateway.py", line 383, in from_client
    socket = await client.http.ws_connect(str(url))
             ^^^^^^^^^^^^^^^^^^^^^^^^^^^^^^^^^^^^^^
  File "/opt/venv/lib/python3.14/site-packages/discord/http.py", line 566, in ws_connect
    return await self.__session.ws_connect(url, **kwargs)
           ^^^^^^^^^^^^^^^^^^^^^^^^^^^^^^^^^^^^^^^^^^^^^^
  File "/opt/venv/lib/python3.14/site-packages/aiohttp/client.py", line 1076, in _ws_connect
    resp = await self.request(
           ^^^^^^^^^^^^^^^^^^^
    ...<11 lines>...
    )
    ^
  File "/opt/venv/lib/python3.14/site-packages/aiohttp/client.py", line 779, in _request
    resp = await handler(req)
           ^^^^^^^^^^^^^^^^^^
  File "/opt/venv/lib/python3.14/site-packages/aiohttp/client.py", line 734, in _connect_and_send_request
    conn = await self._connector.connect(
           ^^^^^^^^^^^^^^^^^^^^^^^^^^^^^^
        req, traces=traces, timeout=real_timeout
        ^^^^^^^^^^^^^^^^^^^^^^^^^^^^^^^^^^^^^^^^
    )
    ^
  File "/opt/venv/lib/python3.14/site-packages/aiohttp/connector.py", line 642, in connect
    proto = await self._create_connection(req, traces, timeout)
            ^^^^^^^^^^^^^^^^^^^^^^^^^^^^^^^^^^^^^^^^^^^^^^^^^^^
  File "/opt/venv/lib/python3.14/site-packages/aiohttp/connector.py", line 1209, in _create_connection
    _, proto = await self._create_direct_connection(req, traces, timeout)
               ^^^^^^^^^^^^^^^^^^^^^^^^^^^^^^^^^^^^^^^^^^^^^^^^^^^^^^^^^^
  File "/opt/venv/lib/python3.14/site-packages/aiohttp/connector.py", line 1550, in _create_direct_connection
    transp, proto = await self._wrap_create_connection(
                    ^^^^^^^^^^^^^^^^^^^^^^^^^^^^^^^^^^^
    ...<7 lines>...
    )
    ^
  File "/opt/venv/lib/python3.14/site-packages/aiohttp/connector.py", line 1283, in _wrap_create_connection
    return await self._loop.create_connection(*args, **kwargs, sock=sock)
           ^^^^^^^^^^^^^^^^^^^^^^^^^^^^^^^^^^^^^^^^^^^^^^^^^^^^^^^^^^^^^^
  File "/usr/local/lib/python3.14/asyncio/base_events.py", line 1198, in create_connection
    transport, protocol = await self._create_connection_transport(
                          ^^^^^^^^^^^^^^^^^^^^^^^^^^^^^^^^^^^^^^^^
    ...<2 lines>...
        ssl_shutdown_timeout=ssl_shutdown_timeout)
        ^^^^^^^^^^^^^^^^^^^^^^^^^^^^^^^^^^^^^^^^^^
  File "/usr/local/lib/python3.14/asyncio/base_events.py", line 1231, in _create_connection_transport
    await waiter
asyncio.exceptions.CancelledError

The above exception was the direct cause of the following exception:

Traceback (most recent call last):
  File "/opt/venv/lib/python3.14/site-packages/discord/shard.py", line 201, in reidentify
    self.ws = await asyncio.wait_for(coro, timeout=60.0)
              ^^^^^^^^^^^^^^^^^^^^^^^^^^^^^^^^^^^^^^^^^^
  File "/usr/local/lib/python3.14/asyncio/tasks.py", line 487, in wait_for
    async with timeouts.timeout(timeout):
               ~~~~~~~~~~~~~~~~^^^^^^^^^
  File "/usr/local/lib/python3.14/asyncio/timeouts.py", line 114, in __aexit__
    raise TimeoutError from exc_val
TimeoutError
[2026-01-23 01:57:20] INFO discord.gateway: Shard ID 0 has connected to Gateway (Session ID: e27a5ff606c9a8fc634ca62518a3421c).
[2026-01-23 01:59:23] WARNING discord.gateway: Shard ID 0 has stopped responding to the gateway. Closing and restarting.
[2026-01-23 01:59:28] INFO discord.gateway: Shard ID 0 has successfully RESUMED session e27a5ff606c9a8fc634ca62518a3421c.
[2026-01-23 02:24:23] INFO discord.gateway: Shard ID 0 has successfully RESUMED session e27a5ff606c9a8fc634ca62518a3421c.
[2026-01-23 02:29:41] WARNING discord.gateway: Shard ID 0 heartbeat blocked for more than 10 seconds.
Loop thread traceback (most recent call last):
  File "<frozen runpy>", line 198, in _run_module_as_main
  File "<frozen runpy>", line 88, in _run_code
  File "/opt/venv/lib/python3.14/site-packages/ballsdex/__main__.py", line 15, in <module>
    main()
  File "/opt/venv/lib/python3.14/site-packages/ballsdex/__main__.py", line 11, in main
    execute_from_command_line(sys.argv)
  File "/opt/venv/lib/python3.14/site-packages/django/core/management/__init__.py", line 443, in execute_from_command_line
    utility.execute()
  File "/opt/venv/lib/python3.14/site-packages/django/core/management/__init__.py", line 437, in execute
    self.fetch_command(subcommand).run_from_argv(self.argv)
  File "/opt/venv/lib/python3.14/site-packages/django/core/management/base.py", line 416, in run_from_argv
    self.execute(*args, **cmd_options)
  File "/opt/venv/lib/python3.14/site-packages/django/core/management/base.py", line 460, in execute
    output = self.handle(*args, **options)
  File "/opt/venv/lib/python3.14/site-packages/bd_models/management/commands/startbot.py", line 352, in handle
    loop.run_forever()
  File "/usr/local/lib/python3.14/asyncio/base_events.py", line 677, in run_forever
    self._run_once()
  File "/usr/local/lib/python3.14/asyncio/base_events.py", line 2047, in _run_once
    handle = None  # Needed to break cycles when an exception occurs.
  File "/usr/local/lib/python3.14/asyncio/events.py", line 110, in _run
    self = None  # Needed to break cycles when an exception occurs.
  File "/opt/venv/lib/python3.14/site-packages/discord/gateway.py", line 679, in send_heartbeat
    await self.socket.send_str(utils._to_json(data))
  File "/opt/venv/lib/python3.14/site-packages/aiohttp/client_ws.py", line 245, in send_str
    await self._writer.send_frame(
  File "/opt/venv/lib/python3.14/site-packages/aiohttp/_websocket/writer.py", line 119, in send_frame
    if self._output_size > self._limit:
  File "/opt/venv/lib/python3.14/site-packages/aiohttp/_websocket/writer.py", line 172, in _write_websocket_frame
    self._output_size += header_len + msg_length
  File "/usr/local/lib/python3.14/asyncio/sslproto.py", line 222, in write
    self._ssl_protocol._write_appdata((data,))
  File "/usr/local/lib/python3.14/asyncio/sslproto.py", line 697, in _write_appdata
    self._do_write()
  File "/usr/local/lib/python3.14/asyncio/sslproto.py", line 716, in _do_write
    self._process_outgoing()
  File "/usr/local/lib/python3.14/ssl.py", line 877, in write
    return self._sslobj.write(data)

[2026-01-23 02:29:52] INFO discord.gateway: Shard ID 0 session has been invalidated.
[2026-01-23 02:29:59] INFO discord.gateway: Shard ID 0 has connected to Gateway (Session ID: be95f71a7ccec6bfb770c6bd09133af5).
[2026-01-23 02:30:35] WARNING discord.gateway: Can't keep up, shard ID 0 websocket is 41.7s behind.
[2026-01-23 02:32:54] WARNING discord.gateway: Shard ID 0 has stopped responding to the gateway. Closing and restarting.
[2026-01-23 02:32:58] INFO discord.gateway: Shard ID 0 session has been invalidated.
[2026-01-23 02:33:05] INFO discord.gateway: Shard ID 0 has connected to Gateway (Session ID: 6485687bc7eb40cac9bf3c572ca65880).
[2026-01-23 02:38:53] WARNING discord.gateway: Shard ID 0 heartbeat blocked for more than 10 seconds.
Loop thread traceback (most recent call last):
  File "<frozen runpy>", line 198, in _run_module_as_main
  File "<frozen runpy>", line 88, in _run_code
  File "/opt/venv/lib/python3.14/site-packages/ballsdex/__main__.py", line 15, in <module>
    main()
  File "/opt/venv/lib/python3.14/site-packages/ballsdex/__main__.py", line 11, in main
    execute_from_command_line(sys.argv)
  File "/opt/venv/lib/python3.14/site-packages/django/core/management/__init__.py", line 443, in execute_from_command_line
    utility.execute()
  File "/opt/venv/lib/python3.14/site-packages/django/core/management/__init__.py", line 437, in execute
    self.fetch_command(subcommand).run_from_argv(self.argv)
  File "/opt/venv/lib/python3.14/site-packages/django/core/management/base.py", line 416, in run_from_argv
    self.execute(*args, **cmd_options)
  File "/opt/venv/lib/python3.14/site-packages/django/core/management/base.py", line 460, in execute
    output = self.handle(*args, **options)
  File "/opt/venv/lib/python3.14/site-packages/bd_models/management/commands/startbot.py", line 352, in handle
    loop.run_forever()
  File "/usr/local/lib/python3.14/asyncio/base_events.py", line 677, in run_forever
    self._run_once()
  File "/usr/local/lib/python3.14/asyncio/base_events.py", line 2047, in _run_once
    handle = None  # Needed to break cycles when an exception occurs.
  File "/usr/local/lib/python3.14/asyncio/events.py", line 110, in _run
    self = None  # Needed to break cycles when an exception occurs.
  File "/usr/local/lib/python3.14/asyncio/base_events.py", line 834, in call_soon
    return handle
  File "/usr/local/lib/python3.14/asyncio/base_events.py", line 851, in _call_soon
    return handle

[2026-01-23 02:39:03] INFO discord.gateway: Shard ID 0 has successfully RESUMED session 6485687bc7eb40cac9bf3c572ca65880.
[2026-01-23 03:01:25] WARNING discord.gateway: Shard ID 0 has stopped responding to the gateway. Closing and restarting.
[2026-01-23 03:01:33] INFO discord.gateway: Shard ID 0 session has been invalidated.
[2026-01-23 03:01:39] INFO discord.gateway: Shard ID 0 has connected to Gateway (Session ID: 6206adc7baf6770274cb43e88ed5ef4f).
[2026-01-23 03:06:04] WARNING ballsdex.packages.countryballs: Missing permission to spawn ball in channel ocdex～💳.
[2026-01-23 03:24:38] WARNING discord.gateway: Can't keep up, shard ID 0 websocket is 270.1s behind.
[2026-01-23 03:24:48] WARNING discord.gateway: Can't keep up, shard ID 0 websocket is 281.2s behind.
[2026-01-23 03:24:49] WARNING discord.gateway: Shard ID 0 heartbeat blocked for more than 10 seconds.
Loop thread traceback (most recent call last):
  File "<frozen runpy>", line 198, in _run_module_as_main
  File "<frozen runpy>", line 88, in _run_code
  File "/opt/venv/lib/python3.14/site-packages/ballsdex/__main__.py", line 15, in <module>
    main()
  File "/opt/venv/lib/python3.14/site-packages/ballsdex/__main__.py", line 11, in main
    execute_from_command_line(sys.argv)
  File "/opt/venv/lib/python3.14/site-packages/django/core/management/__init__.py", line 443, in execute_from_command_line
    utility.execute()
  File "/opt/venv/lib/python3.14/site-packages/django/core/management/__init__.py", line 437, in execute
    self.fetch_command(subcommand).run_from_argv(self.argv)
  File "/opt/venv/lib/python3.14/site-packages/django/core/management/base.py", line 416, in run_from_argv
    self.execute(*args, **cmd_options)
  File "/opt/venv/lib/python3.14/site-packages/django/core/management/base.py", line 460, in execute
    output = self.handle(*args, **options)
  File "/opt/venv/lib/python3.14/site-packages/bd_models/management/commands/startbot.py", line 352, in handle
    loop.run_forever()
  File "/usr/local/lib/python3.14/asyncio/base_events.py", line 677, in run_forever
    self._run_once()
  File "/usr/local/lib/python3.14/asyncio/base_events.py", line 2046, in _run_once
    handle._run()
  File "/usr/local/lib/python3.14/asyncio/events.py", line 94, in _run
    self._context.run(self._callback, *self._args)
  File "/opt/venv/lib/python3.14/site-packages/discord/shard.py", line 173, in worker
    await self.ws.poll_event()
  File "/opt/venv/lib/python3.14/site-packages/discord/gateway.py", line 635, in poll_event
    await self.received_message(msg.data)
  File "/opt/venv/lib/python3.14/site-packages/discord/gateway.py", line 541, in received_message
    return
  File "/usr/local/lib/python3.14/json/__init__.py", line 346, in loads
    return _default_decoder.decode(s)
  File "/usr/local/lib/python3.14/json/decoder.py", line 349, in decode
    return obj

[2026-01-23 03:25:41] ERROR discord.shard: Attempting a reconnect for shard ID 0 in 0.32s
Traceback (most recent call last):
  File "/opt/venv/lib/python3.14/site-packages/discord/shard.py", line 173, in worker
    await self.ws.poll_event()
  File "/opt/venv/lib/python3.14/site-packages/discord/gateway.py", line 635, in poll_event
    await self.received_message(msg.data)
  File "/opt/venv/lib/python3.14/site-packages/discord/gateway.py", line 540, in received_message
    await self.send_as_json(beat)
  File "/opt/venv/lib/python3.14/site-packages/discord/gateway.py", line 671, in send_as_json
    await self.send(utils._to_json(data))
  File "/opt/venv/lib/python3.14/site-packages/discord/gateway.py", line 667, in send
    await self.socket.send_str(data)
  File "/opt/venv/lib/python3.14/site-packages/aiohttp/client_ws.py", line 245, in send_str
    await self._writer.send_frame(
        data.encode("utf-8"), WSMsgType.TEXT, compress=compress
    )
  File "/opt/venv/lib/python3.14/site-packages/aiohttp/_websocket/writer.py", line 83, in send_frame
    self._write_websocket_frame(message, opcode, 0)
    ~~~~~~~~~~~~~~~~~~~~~~~~~~~^^^^^^^^^^^^^^^^^^^^
  File "/opt/venv/lib/python3.14/site-packages/aiohttp/_websocket/writer.py", line 151, in _write_websocket_frame
    raise ClientConnectionResetError("Cannot write to closing transport")
aiohttp.client_exceptions.ClientConnectionResetError: Cannot write to closing transport
[2026-01-23 03:25:55] INFO discord.gateway: Shard ID 0 has connected to Gateway (Session ID: caa3b0db768728bde2921bba3b369615).
[2026-01-23 03:30:49] WARNING discord.gateway: Shard ID 0 has stopped responding to the gateway. Closing and restarting.
[2026-01-23 03:30:55] INFO discord.gateway: Shard ID 0 session has been invalidated.
[2026-01-23 03:31:02] INFO discord.gateway: Shard ID 0 has connected to Gateway (Session ID: 2a4e3a967c86bdeb361fc6b3b8ffec32).
[2026-01-23 03:36:06] INFO discord.gateway: Shard ID 0 has successfully RESUMED session 2a4e3a967c86bdeb361fc6b3b8ffec32.
[2026-01-23 03:41:47] INFO discord.gateway: Shard ID 0 has successfully RESUMED session 2a4e3a967c86bdeb361fc6b3b8ffec32.
[2026-01-23 04:04:02] WARNING discord.gateway: Shard ID 0 heartbeat blocked for more than 10 seconds.
Loop thread traceback (most recent call last):
  File "<frozen runpy>", line 198, in _run_module_as_main
  File "<frozen runpy>", line 88, in _run_code
  File "/opt/venv/lib/python3.14/site-packages/ballsdex/__main__.py", line 15, in <module>
    main()
  File "/opt/venv/lib/python3.14/site-packages/ballsdex/__main__.py", line 11, in main
    execute_from_command_line(sys.argv)
  File "/opt/venv/lib/python3.14/site-packages/django/core/management/__init__.py", line 443, in execute_from_command_line
    utility.execute()
  File "/opt/venv/lib/python3.14/site-packages/django/core/management/__init__.py", line 437, in execute
    self.fetch_command(subcommand).run_from_argv(self.argv)
  File "/opt/venv/lib/python3.14/site-packages/django/core/management/base.py", line 416, in run_from_argv
    self.execute(*args, **cmd_options)
  File "/opt/venv/lib/python3.14/site-packages/django/core/management/base.py", line 460, in execute
    output = self.handle(*args, **options)
  File "/opt/venv/lib/python3.14/site-packages/bd_models/management/commands/startbot.py", line 352, in handle
    loop.run_forever()
  File "/usr/local/lib/python3.14/asyncio/base_events.py", line 677, in run_forever
    self._run_once()
  File "/usr/local/lib/python3.14/asyncio/base_events.py", line 2046, in _run_once
    handle._run()
  File "/usr/local/lib/python3.14/asyncio/events.py", line 94, in _run
    self._context.run(self._callback, *self._args)
  File "/usr/local/lib/python3.14/asyncio/selector_events.py", line 966, in _read_ready
    self._read_ready_cb()
  File "/usr/local/lib/python3.14/asyncio/selector_events.py", line 998, in _read_ready__get_buffer
    self._protocol.buffer_updated(nbytes)
  File "/usr/local/lib/python3.14/asyncio/sslproto.py", line 445, in buffer_updated
    self._do_read()
  File "/usr/local/lib/python3.14/asyncio/sslproto.py", line 740, in _do_read
    self._do_read__copied()
  File "/usr/local/lib/python3.14/asyncio/sslproto.py", line 806, in _do_read__copied
    self._start_shutdown()
  File "/opt/venv/lib/python3.14/site-packages/aiohttp/client_proto.py", line 306, in data_received
    return

[2026-01-23 04:04:02] ERROR discord.shard: Attempting a reconnect for shard ID 0 in 0.09s
Traceback (most recent call last):
  File "/opt/venv/lib/python3.14/site-packages/discord/shard.py", line 173, in worker
    await self.ws.poll_event()
  File "/opt/venv/lib/python3.14/site-packages/discord/gateway.py", line 635, in poll_event
    await self.received_message(msg.data)
  File "/opt/venv/lib/python3.14/site-packages/discord/gateway.py", line 540, in received_message
    await self.send_as_json(beat)
  File "/opt/venv/lib/python3.14/site-packages/discord/gateway.py", line 671, in send_as_json
    await self.send(utils._to_json(data))
  File "/opt/venv/lib/python3.14/site-packages/discord/gateway.py", line 667, in send
    await self.socket.send_str(data)
  File "/opt/venv/lib/python3.14/site-packages/aiohttp/client_ws.py", line 245, in send_str
    await self._writer.send_frame(
        data.encode("utf-8"), WSMsgType.TEXT, compress=compress
    )
  File "/opt/venv/lib/python3.14/site-packages/aiohttp/_websocket/writer.py", line 83, in send_frame
    self._write_websocket_frame(message, opcode, 0)
    ~~~~~~~~~~~~~~~~~~~~~~~~~~~^^^^^^^^^^^^^^^^^^^^
  File "/opt/venv/lib/python3.14/site-packages/aiohttp/_websocket/writer.py", line 151, in _write_websocket_frame
    raise ClientConnectionResetError("Cannot write to closing transport")
aiohttp.client_exceptions.ClientConnectionResetError: Cannot write to closing transport
[2026-01-23 04:04:13] INFO discord.gateway: Shard ID 0 has connected to Gateway (Session ID: 7483b2828534f93f3ab00ad7d941e4ed).
[2026-01-23 04:53:39] INFO discord.gateway: Shard ID 0 has successfully RESUMED session 7483b2828534f93f3ab00ad7d941e4ed.
[2026-01-23 06:11:06] ERROR discord.shard: Attempting a reconnect for shard ID 0 in 0.03s
Traceback (most recent call last):
  File "/opt/venv/lib/python3.14/site-packages/discord/shard.py", line 201, in reidentify
    self.ws = await asyncio.wait_for(coro, timeout=60.0)
              ^^^^^^^^^^^^^^^^^^^^^^^^^^^^^^^^^^^^^^^^^^
  File "/usr/local/lib/python3.14/asyncio/tasks.py", line 488, in wait_for
    return await fut
           ^^^^^^^^^
  File "/opt/venv/lib/python3.14/site-packages/discord/gateway.py", line 383, in from_client
    socket = await client.http.ws_connect(str(url))
             ^^^^^^^^^^^^^^^^^^^^^^^^^^^^^^^^^^^^^^
  File "/opt/venv/lib/python3.14/site-packages/discord/http.py", line 566, in ws_connect
    return await self.__session.ws_connect(url, **kwargs)
           ^^^^^^^^^^^^^^^^^^^^^^^^^^^^^^^^^^^^^^^^^^^^^^
  File "/opt/venv/lib/python3.14/site-packages/aiohttp/client.py", line 1093, in _ws_connect
    raise WSServerHandshakeError(
    ...<5 lines>...
    )
aiohttp.client_exceptions.WSServerHandshakeError: 522, message='Invalid response status', url='wss://gateway-us-east1-c.discord.gg/?v=10&encoding=json&compress=zstd-stream'
[2026-01-23 06:12:06] ERROR discord.shard: Attempting a reconnect for shard ID 0 in 0.49s
Traceback (most recent call last):
  File "/usr/local/lib/python3.14/asyncio/tasks.py", line 488, in wait_for
    return await fut
           ^^^^^^^^^
  File "/opt/venv/lib/python3.14/site-packages/discord/gateway.py", line 383, in from_client
    socket = await client.http.ws_connect(str(url))
             ^^^^^^^^^^^^^^^^^^^^^^^^^^^^^^^^^^^^^^
  File "/opt/venv/lib/python3.14/site-packages/discord/http.py", line 566, in ws_connect
    return await self.__session.ws_connect(url, **kwargs)
           ^^^^^^^^^^^^^^^^^^^^^^^^^^^^^^^^^^^^^^^^^^^^^^
  File "/opt/venv/lib/python3.14/site-packages/aiohttp/client.py", line 1076, in _ws_connect
    resp = await self.request(
           ^^^^^^^^^^^^^^^^^^^
    ...<11 lines>...
    )
    ^
  File "/opt/venv/lib/python3.14/site-packages/aiohttp/client.py", line 779, in _request
    resp = await handler(req)
           ^^^^^^^^^^^^^^^^^^
  File "/opt/venv/lib/python3.14/site-packages/aiohttp/client.py", line 757, in _connect_and_send_request
    await resp.start(conn)
  File "/opt/venv/lib/python3.14/site-packages/aiohttp/client_reqrep.py", line 539, in start
    message, payload = await protocol.read()  # type: ignore[union-attr]
                       ^^^^^^^^^^^^^^^^^^^^^
  File "/opt/venv/lib/python3.14/site-packages/aiohttp/streams.py", line 680, in read
    await self._waiter
asyncio.exceptions.CancelledError

The above exception was the direct cause of the following exception:

Traceback (most recent call last):
  File "/opt/venv/lib/python3.14/site-packages/discord/shard.py", line 219, in reconnect
    self.ws = await asyncio.wait_for(coro, timeout=60.0)
              ^^^^^^^^^^^^^^^^^^^^^^^^^^^^^^^^^^^^^^^^^^
  File "/usr/local/lib/python3.14/asyncio/tasks.py", line 487, in wait_for
    async with timeouts.timeout(timeout):
               ~~~~~~~~~~~~~~~~^^^^^^^^^
  File "/usr/local/lib/python3.14/asyncio/timeouts.py", line 114, in __aexit__
    raise TimeoutError from exc_val
TimeoutError
[2026-01-23 06:12:12] INFO discord.gateway: Shard ID 0 has connected to Gateway (Session ID: e496002157de7fbff4f66dab53750911).
[2026-01-23 07:07:48] INFO discord.gateway: Shard ID 0 has successfully RESUMED session e496002157de7fbff4f66dab53750911.
[2026-01-23 07:08:30] INFO discord.gateway: Shard ID 0 has successfully RESUMED session e496002157de7fbff4f66dab53750911.
[2026-01-23 07:57:01] INFO discord.gateway: Shard ID 0 has successfully RESUMED session e496002157de7fbff4f66dab53750911.
[2026-01-23 08:55:05] INFO discord.gateway: Shard ID 0 has successfully RESUMED session e496002157de7fbff4f66dab53750911.
[2026-01-23 08:59:01] INFO discord.gateway: Shard ID 0 has successfully RESUMED session e496002157de7fbff4f66dab53750911.
[2026-01-23 09:23:46] INFO discord.gateway: Shard ID 0 has successfully RESUMED session e496002157de7fbff4f66dab53750911.
[2026-01-23 10:05:50] INFO discord.gateway: Shard ID 0 has successfully RESUMED session e496002157de7fbff4f66dab53750911.
[2026-01-23 11:44:21] WARNING ballsdex.packages.countryballs: Missing permission to spawn ball in channel ocdex～💳.
[2026-01-23 12:05:27] INFO discord.gateway: Shard ID 0 has successfully RESUMED session e496002157de7fbff4f66dab53750911.
[2026-01-23 13:06:07] INFO discord.gateway: Shard ID 0 has successfully RESUMED session e496002157de7fbff4f66dab53750911.
[2026-01-23 14:04:16] INFO discord.gateway: Shard ID 0 has successfully RESUMED session e496002157de7fbff4f66dab53750911.
[2026-01-23 15:04:27] INFO discord.gateway: Shard ID 0 has successfully RESUMED session e496002157de7fbff4f66dab53750911.
[2026-01-23 16:46:14] INFO discord.gateway: Shard ID 0 has successfully RESUMED session e496002157de7fbff4f66dab53750911.
[2026-01-23 18:42:43] INFO discord.gateway: Shard ID 0 has successfully RESUMED session e496002157de7fbff4f66dab53750911.
[2026-01-23 18:56:04] INFO discord.gateway: Shard ID 0 has successfully RESUMED session e496002157de7fbff4f66dab53750911.
[2026-01-23 19:28:49] INFO discord.gateway: Shard ID 0 has successfully RESUMED session e496002157de7fbff4f66dab53750911.
[2026-01-23 20:08:44] INFO discord.gateway: Shard ID 0 has successfully RESUMED session e496002157de7fbff4f66dab53750911.
[2026-01-23 22:41:56] INFO discord.gateway: Shard ID 0 has successfully RESUMED session e496002157de7fbff4f66dab53750911.
[2026-01-24 00:10:15] INFO discord.gateway: Shard ID 0 has successfully RESUMED session e496002157de7fbff4f66dab53750911.
[2026-01-24 01:00:41] INFO discord.gateway: Shard ID 0 has successfully RESUMED session e496002157de7fbff4f66dab53750911.
[2026-01-24 01:47:19] WARNING ballsdex.packages.countryballs: Missing permission to spawn ball in channel ocdex～💳.
[2026-01-24 03:42:02] INFO discord.gateway: Shard ID 0 has successfully RESUMED session e496002157de7fbff4f66dab53750911.
[2026-01-24 04:46:00] INFO discord.gateway: Shard ID 0 has successfully RESUMED session e496002157de7fbff4f66dab53750911.
[2026-01-24 05:47:16] INFO discord.gateway: Shard ID 0 has successfully RESUMED session e496002157de7fbff4f66dab53750911.
[2026-01-24 05:58:33] WARNING ballsdex.packages.countryballs: Missing permission to spawn ball in channel ocdex～💳.
[2026-01-24 06:15:04] INFO discord.gateway: Shard ID 0 has successfully RESUMED session e496002157de7fbff4f66dab53750911.
[2026-01-24 07:29:09] INFO discord.gateway: Shard ID 0 has successfully RESUMED session e496002157de7fbff4f66dab53750911.
[2026-01-24 09:32:18] INFO discord.gateway: Shard ID 0 has successfully RESUMED session e496002157de7fbff4f66dab53750911.
[2026-01-24 10:57:48] WARNING ballsdex.packages.countryballs: Missing permission to spawn ball in channel ocdex～💳.
[2026-01-24 11:44:57] INFO discord.gateway: Shard ID 0 has successfully RESUMED session e496002157de7fbff4f66dab53750911.
[2026-01-24 11:46:44] WARNING ballsdex.packages.countryballs: Missing permission to spawn ball in channel ocdex～💳.
[2026-01-24 14:01:31] WARNING ballsdex.packages.countryballs: Missing permission to spawn ball in channel ocdex～💳.
[2026-01-24 15:33:34] INFO discord.gateway: Shard ID 0 has successfully RESUMED session e496002157de7fbff4f66dab53750911.
[2026-01-24 15:43:37] INFO discord.gateway: Shard ID 0 has successfully RESUMED session e496002157de7fbff4f66dab53750911.
[2026-01-24 16:11:57] INFO discord.gateway: Shard ID 0 has successfully RESUMED session e496002157de7fbff4f66dab53750911.
[2026-01-24 16:17:39] INFO discord.gateway: Shard ID 0 has successfully RESUMED session e496002157de7fbff4f66dab53750911.
[2026-01-24 17:30:43] WARNING ballsdex.packages.countryballs: Missing permission to spawn ball in channel ocdex～💳.
[2026-01-24 19:56:59] WARNING ballsdex.packages.countryballs: Missing permission to spawn ball in channel ocdex～💳.
[2026-01-24 20:02:32] INFO discord.gateway: Shard ID 0 has successfully RESUMED session e496002157de7fbff4f66dab53750911.
[2026-01-24 20:48:01] WARNING ballsdex.packages.countryballs: Missing permission to spawn ball in channel ocdex～💳.
[2026-01-24 22:20:27] INFO discord.gateway: Shard ID 0 has successfully RESUMED session e496002157de7fbff4f66dab53750911.
[2026-01-24 23:29:54] WARNING ballsdex.packages.countryballs: Missing permission to spawn ball in channel ocdex～💳.
[2026-01-25 00:06:02] WARNING ballsdex.packages.countryballs: Missing permission to spawn ball in channel ocdex～💳.
[2026-01-25 00:21:21] INFO discord.gateway: Shard ID 0 has successfully RESUMED session e496002157de7fbff4f66dab53750911.
[2026-01-25 03:55:19] INFO discord.gateway: Shard ID 0 has successfully RESUMED session e496002157de7fbff4f66dab53750911.
[2026-01-25 07:49:53] INFO discord.gateway: Shard ID 0 has successfully RESUMED session e496002157de7fbff4f66dab53750911.
[2026-01-25 09:07:40] INFO discord.gateway: Shard ID 0 has successfully RESUMED session e496002157de7fbff4f66dab53750911.
[2026-01-25 12:27:37] INFO discord.gateway: Shard ID 0 has successfully RESUMED session e496002157de7fbff4f66dab53750911.
[2026-01-25 15:02:15] INFO discord.gateway: Shard ID 0 has successfully RESUMED session e496002157de7fbff4f66dab53750911.
[2026-01-25 16:06:33] INFO discord.gateway: Shard ID 0 has successfully RESUMED session e496002157de7fbff4f66dab53750911.
[2026-01-25 17:00:37] INFO discord.gateway: Shard ID 0 has successfully RESUMED session e496002157de7fbff4f66dab53750911.
[2026-01-25 17:09:16] ERROR discord.shard: Attempting a reconnect for shard ID 0 in 1.78s
Traceback (most recent call last):
  File "/opt/venv/lib/python3.14/site-packages/aiohttp/connector.py", line 1532, in _create_direct_connection
    hosts = await self._resolve_host(host, port, traces=traces)
            ^^^^^^^^^^^^^^^^^^^^^^^^^^^^^^^^^^^^^^^^^^^^^^^^^^^
  File "/opt/venv/lib/python3.14/site-packages/aiohttp/connector.py", line 1148, in _resolve_host
    return await asyncio.shield(resolved_host_task)
           ^^^^^^^^^^^^^^^^^^^^^^^^^^^^^^^^^^^^^^^^
  File "/opt/venv/lib/python3.14/site-packages/aiohttp/connector.py", line 1179, in _resolve_host_with_throttle
    addrs = await self._resolver.resolve(host, port, family=self._family)
            ^^^^^^^^^^^^^^^^^^^^^^^^^^^^^^^^^^^^^^^^^^^^^^^^^^^^^^^^^^^^^
  File "/opt/venv/lib/python3.14/site-packages/aiohttp/resolver.py", line 40, in resolve
    infos = await self._loop.getaddrinfo(
            ^^^^^^^^^^^^^^^^^^^^^^^^^^^^^
    ...<5 lines>...
    )
    ^
  File "/usr/local/lib/python3.14/asyncio/base_events.py", line 936, in getaddrinfo
    return await self.run_in_executor(
           ^^^^^^^^^^^^^^^^^^^^^^^^^^^
        None, getaddr_func, host, port, family, type, proto, flags)
        ^^^^^^^^^^^^^^^^^^^^^^^^^^^^^^^^^^^^^^^^^^^^^^^^^^^^^^^^^^^
  File "/usr/local/lib/python3.14/concurrent/futures/thread.py", line 86, in run
    result = ctx.run(self.task)
  File "/usr/local/lib/python3.14/concurrent/futures/thread.py", line 73, in run
    return fn(*args, **kwargs)
  File "/usr/local/lib/python3.14/socket.py", line 983, in getaddrinfo
    for res in _socket.getaddrinfo(host, port, family, type, proto, flags):
               ~~~~~~~~~~~~~~~~~~~^^^^^^^^^^^^^^^^^^^^^^^^^^^^^^^^^^^^^^^^
socket.gaierror: [Errno -3] Try again

The above exception was the direct cause of the following exception:

Traceback (most recent call last):
  File "/opt/venv/lib/python3.14/site-packages/discord/shard.py", line 201, in reidentify
    self.ws = await asyncio.wait_for(coro, timeout=60.0)
              ^^^^^^^^^^^^^^^^^^^^^^^^^^^^^^^^^^^^^^^^^^
  File "/usr/local/lib/python3.14/asyncio/tasks.py", line 488, in wait_for
    return await fut
           ^^^^^^^^^
  File "/opt/venv/lib/python3.14/site-packages/discord/gateway.py", line 383, in from_client
    socket = await client.http.ws_connect(str(url))
             ^^^^^^^^^^^^^^^^^^^^^^^^^^^^^^^^^^^^^^
  File "/opt/venv/lib/python3.14/site-packages/discord/http.py", line 566, in ws_connect
    return await self.__session.ws_connect(url, **kwargs)
           ^^^^^^^^^^^^^^^^^^^^^^^^^^^^^^^^^^^^^^^^^^^^^^
  File "/opt/venv/lib/python3.14/site-packages/aiohttp/client.py", line 1076, in _ws_connect
    resp = await self.request(
           ^^^^^^^^^^^^^^^^^^^
    ...<11 lines>...
    )
    ^
  File "/opt/venv/lib/python3.14/site-packages/aiohttp/client.py", line 779, in _request
    resp = await handler(req)
           ^^^^^^^^^^^^^^^^^^
  File "/opt/venv/lib/python3.14/site-packages/aiohttp/client.py", line 734, in _connect_and_send_request
    conn = await self._connector.connect(
           ^^^^^^^^^^^^^^^^^^^^^^^^^^^^^^
        req, traces=traces, timeout=real_timeout
        ^^^^^^^^^^^^^^^^^^^^^^^^^^^^^^^^^^^^^^^^
    )
    ^
  File "/opt/venv/lib/python3.14/site-packages/aiohttp/connector.py", line 642, in connect
    proto = await self._create_connection(req, traces, timeout)
            ^^^^^^^^^^^^^^^^^^^^^^^^^^^^^^^^^^^^^^^^^^^^^^^^^^^
  File "/opt/venv/lib/python3.14/site-packages/aiohttp/connector.py", line 1209, in _create_connection
    _, proto = await self._create_direct_connection(req, traces, timeout)
               ^^^^^^^^^^^^^^^^^^^^^^^^^^^^^^^^^^^^^^^^^^^^^^^^^^^^^^^^^^
  File "/opt/venv/lib/python3.14/site-packages/aiohttp/connector.py", line 1538, in _create_direct_connection
    raise ClientConnectorDNSError(req.connection_key, exc) from exc
aiohttp.client_exceptions.ClientConnectorDNSError: Cannot connect to host gateway-us-east1-c.discord.gg:443 ssl:default [Try again]
[2026-01-25 17:09:24] ERROR discord.shard: Attempting a reconnect for shard ID 0 in 0.89s
Traceback (most recent call last):
  File "/opt/venv/lib/python3.14/site-packages/aiohttp/connector.py", line 1532, in _create_direct_connection
    hosts = await self._resolve_host(host, port, traces=traces)
            ^^^^^^^^^^^^^^^^^^^^^^^^^^^^^^^^^^^^^^^^^^^^^^^^^^^
  File "/opt/venv/lib/python3.14/site-packages/aiohttp/connector.py", line 1148, in _resolve_host
    return await asyncio.shield(resolved_host_task)
           ^^^^^^^^^^^^^^^^^^^^^^^^^^^^^^^^^^^^^^^^
  File "/opt/venv/lib/python3.14/site-packages/aiohttp/connector.py", line 1179, in _resolve_host_with_throttle
    addrs = await self._resolver.resolve(host, port, family=self._family)
            ^^^^^^^^^^^^^^^^^^^^^^^^^^^^^^^^^^^^^^^^^^^^^^^^^^^^^^^^^^^^^
  File "/opt/venv/lib/python3.14/site-packages/aiohttp/resolver.py", line 40, in resolve
    infos = await self._loop.getaddrinfo(
            ^^^^^^^^^^^^^^^^^^^^^^^^^^^^^
    ...<5 lines>...
    )
    ^
  File "/usr/local/lib/python3.14/asyncio/base_events.py", line 936, in getaddrinfo
    return await self.run_in_executor(
           ^^^^^^^^^^^^^^^^^^^^^^^^^^^
        None, getaddr_func, host, port, family, type, proto, flags)
        ^^^^^^^^^^^^^^^^^^^^^^^^^^^^^^^^^^^^^^^^^^^^^^^^^^^^^^^^^^^
  File "/usr/local/lib/python3.14/concurrent/futures/thread.py", line 86, in run
    result = ctx.run(self.task)
  File "/usr/local/lib/python3.14/concurrent/futures/thread.py", line 73, in run
    return fn(*args, **kwargs)
  File "/usr/local/lib/python3.14/socket.py", line 983, in getaddrinfo
    for res in _socket.getaddrinfo(host, port, family, type, proto, flags):
               ~~~~~~~~~~~~~~~~~~~^^^^^^^^^^^^^^^^^^^^^^^^^^^^^^^^^^^^^^^^
socket.gaierror: [Errno -3] Try again

The above exception was the direct cause of the following exception:

Traceback (most recent call last):
  File "/opt/venv/lib/python3.14/site-packages/discord/shard.py", line 219, in reconnect
    self.ws = await asyncio.wait_for(coro, timeout=60.0)
              ^^^^^^^^^^^^^^^^^^^^^^^^^^^^^^^^^^^^^^^^^^
  File "/usr/local/lib/python3.14/asyncio/tasks.py", line 488, in wait_for
    return await fut
           ^^^^^^^^^
  File "/opt/venv/lib/python3.14/site-packages/discord/gateway.py", line 383, in from_client
    socket = await client.http.ws_connect(str(url))
             ^^^^^^^^^^^^^^^^^^^^^^^^^^^^^^^^^^^^^^
  File "/opt/venv/lib/python3.14/site-packages/discord/http.py", line 566, in ws_connect
    return await self.__session.ws_connect(url, **kwargs)
           ^^^^^^^^^^^^^^^^^^^^^^^^^^^^^^^^^^^^^^^^^^^^^^
  File "/opt/venv/lib/python3.14/site-packages/aiohttp/client.py", line 1076, in _ws_connect
    resp = await self.request(
           ^^^^^^^^^^^^^^^^^^^
    ...<11 lines>...
    )
    ^
  File "/opt/venv/lib/python3.14/site-packages/aiohttp/client.py", line 779, in _request
    resp = await handler(req)
           ^^^^^^^^^^^^^^^^^^
  File "/opt/venv/lib/python3.14/site-packages/aiohttp/client.py", line 734, in _connect_and_send_request
    conn = await self._connector.connect(
           ^^^^^^^^^^^^^^^^^^^^^^^^^^^^^^
        req, traces=traces, timeout=real_timeout
        ^^^^^^^^^^^^^^^^^^^^^^^^^^^^^^^^^^^^^^^^
    )
    ^
  File "/opt/venv/lib/python3.14/site-packages/aiohttp/connector.py", line 642, in connect
    proto = await self._create_connection(req, traces, timeout)
            ^^^^^^^^^^^^^^^^^^^^^^^^^^^^^^^^^^^^^^^^^^^^^^^^^^^
  File "/opt/venv/lib/python3.14/site-packages/aiohttp/connector.py", line 1209, in _create_connection
    _, proto = await self._create_direct_connection(req, traces, timeout)
               ^^^^^^^^^^^^^^^^^^^^^^^^^^^^^^^^^^^^^^^^^^^^^^^^^^^^^^^^^^
  File "/opt/venv/lib/python3.14/site-packages/aiohttp/connector.py", line 1538, in _create_direct_connection
    raise ClientConnectorDNSError(req.connection_key, exc) from exc
aiohttp.client_exceptions.ClientConnectorDNSError: Cannot connect to host gateway.discord.gg:443 ssl:default [Try again]
[2026-01-25 17:09:30] ERROR discord.shard: Attempting a reconnect for shard ID 0 in 3.21s
Traceback (most recent call last):
  File "/opt/venv/lib/python3.14/site-packages/aiohttp/connector.py", line 1532, in _create_direct_connection
    hosts = await self._resolve_host(host, port, traces=traces)
            ^^^^^^^^^^^^^^^^^^^^^^^^^^^^^^^^^^^^^^^^^^^^^^^^^^^
  File "/opt/venv/lib/python3.14/site-packages/aiohttp/connector.py", line 1148, in _resolve_host
    return await asyncio.shield(resolved_host_task)
           ^^^^^^^^^^^^^^^^^^^^^^^^^^^^^^^^^^^^^^^^
  File "/opt/venv/lib/python3.14/site-packages/aiohttp/connector.py", line 1179, in _resolve_host_with_throttle
    addrs = await self._resolver.resolve(host, port, family=self._family)
            ^^^^^^^^^^^^^^^^^^^^^^^^^^^^^^^^^^^^^^^^^^^^^^^^^^^^^^^^^^^^^
  File "/opt/venv/lib/python3.14/site-packages/aiohttp/resolver.py", line 40, in resolve
    infos = await self._loop.getaddrinfo(
            ^^^^^^^^^^^^^^^^^^^^^^^^^^^^^
    ...<5 lines>...
    )
    ^
  File "/usr/local/lib/python3.14/asyncio/base_events.py", line 936, in getaddrinfo
    return await self.run_in_executor(
           ^^^^^^^^^^^^^^^^^^^^^^^^^^^
        None, getaddr_func, host, port, family, type, proto, flags)
        ^^^^^^^^^^^^^^^^^^^^^^^^^^^^^^^^^^^^^^^^^^^^^^^^^^^^^^^^^^^
  File "/usr/local/lib/python3.14/concurrent/futures/thread.py", line 86, in run
    result = ctx.run(self.task)
  File "/usr/local/lib/python3.14/concurrent/futures/thread.py", line 73, in run
    return fn(*args, **kwargs)
  File "/usr/local/lib/python3.14/socket.py", line 983, in getaddrinfo
    for res in _socket.getaddrinfo(host, port, family, type, proto, flags):
               ~~~~~~~~~~~~~~~~~~~^^^^^^^^^^^^^^^^^^^^^^^^^^^^^^^^^^^^^^^^
socket.gaierror: [Errno -3] Try again

The above exception was the direct cause of the following exception:

Traceback (most recent call last):
  File "/opt/venv/lib/python3.14/site-packages/discord/shard.py", line 219, in reconnect
    self.ws = await asyncio.wait_for(coro, timeout=60.0)
              ^^^^^^^^^^^^^^^^^^^^^^^^^^^^^^^^^^^^^^^^^^
  File "/usr/local/lib/python3.14/asyncio/tasks.py", line 488, in wait_for
    return await fut
           ^^^^^^^^^
  File "/opt/venv/lib/python3.14/site-packages/discord/gateway.py", line 383, in from_client
    socket = await client.http.ws_connect(str(url))
             ^^^^^^^^^^^^^^^^^^^^^^^^^^^^^^^^^^^^^^
  File "/opt/venv/lib/python3.14/site-packages/discord/http.py", line 566, in ws_connect
    return await self.__session.ws_connect(url, **kwargs)
           ^^^^^^^^^^^^^^^^^^^^^^^^^^^^^^^^^^^^^^^^^^^^^^
  File "/opt/venv/lib/python3.14/site-packages/aiohttp/client.py", line 1076, in _ws_connect
    resp = await self.request(
           ^^^^^^^^^^^^^^^^^^^
    ...<11 lines>...
    )
    ^
  File "/opt/venv/lib/python3.14/site-packages/aiohttp/client.py", line 779, in _request
    resp = await handler(req)
           ^^^^^^^^^^^^^^^^^^
  File "/opt/venv/lib/python3.14/site-packages/aiohttp/client.py", line 734, in _connect_and_send_request
    conn = await self._connector.connect(
           ^^^^^^^^^^^^^^^^^^^^^^^^^^^^^^
        req, traces=traces, timeout=real_timeout
        ^^^^^^^^^^^^^^^^^^^^^^^^^^^^^^^^^^^^^^^^
    )
    ^
  File "/opt/venv/lib/python3.14/site-packages/aiohttp/connector.py", line 642, in connect
    proto = await self._create_connection(req, traces, timeout)
            ^^^^^^^^^^^^^^^^^^^^^^^^^^^^^^^^^^^^^^^^^^^^^^^^^^^
  File "/opt/venv/lib/python3.14/site-packages/aiohttp/connector.py", line 1209, in _create_connection
    _, proto = await self._create_direct_connection(req, traces, timeout)
               ^^^^^^^^^^^^^^^^^^^^^^^^^^^^^^^^^^^^^^^^^^^^^^^^^^^^^^^^^^
  File "/opt/venv/lib/python3.14/site-packages/aiohttp/connector.py", line 1538, in _create_direct_connection
    raise ClientConnectorDNSError(req.connection_key, exc) from exc
aiohttp.client_exceptions.ClientConnectorDNSError: Cannot connect to host gateway.discord.gg:443 ssl:default [Try again]
[2026-01-25 17:09:39] ERROR discord.shard: Attempting a reconnect for shard ID 0 in 7.60s
Traceback (most recent call last):
  File "/opt/venv/lib/python3.14/site-packages/aiohttp/connector.py", line 1532, in _create_direct_connection
    hosts = await self._resolve_host(host, port, traces=traces)
            ^^^^^^^^^^^^^^^^^^^^^^^^^^^^^^^^^^^^^^^^^^^^^^^^^^^
  File "/opt/venv/lib/python3.14/site-packages/aiohttp/connector.py", line 1148, in _resolve_host
    return await asyncio.shield(resolved_host_task)
           ^^^^^^^^^^^^^^^^^^^^^^^^^^^^^^^^^^^^^^^^
  File "/opt/venv/lib/python3.14/site-packages/aiohttp/connector.py", line 1179, in _resolve_host_with_throttle
    addrs = await self._resolver.resolve(host, port, family=self._family)
            ^^^^^^^^^^^^^^^^^^^^^^^^^^^^^^^^^^^^^^^^^^^^^^^^^^^^^^^^^^^^^
  File "/opt/venv/lib/python3.14/site-packages/aiohttp/resolver.py", line 40, in resolve
    infos = await self._loop.getaddrinfo(
            ^^^^^^^^^^^^^^^^^^^^^^^^^^^^^
    ...<5 lines>...
    )
    ^
  File "/usr/local/lib/python3.14/asyncio/base_events.py", line 936, in getaddrinfo
    return await self.run_in_executor(
           ^^^^^^^^^^^^^^^^^^^^^^^^^^^
        None, getaddr_func, host, port, family, type, proto, flags)
        ^^^^^^^^^^^^^^^^^^^^^^^^^^^^^^^^^^^^^^^^^^^^^^^^^^^^^^^^^^^
  File "/usr/local/lib/python3.14/concurrent/futures/thread.py", line 86, in run
    result = ctx.run(self.task)
  File "/usr/local/lib/python3.14/concurrent/futures/thread.py", line 73, in run
    return fn(*args, **kwargs)
  File "/usr/local/lib/python3.14/socket.py", line 983, in getaddrinfo
    for res in _socket.getaddrinfo(host, port, family, type, proto, flags):
               ~~~~~~~~~~~~~~~~~~~^^^^^^^^^^^^^^^^^^^^^^^^^^^^^^^^^^^^^^^^
socket.gaierror: [Errno -3] Try again

The above exception was the direct cause of the following exception:

Traceback (most recent call last):
  File "/opt/venv/lib/python3.14/site-packages/discord/shard.py", line 219, in reconnect
    self.ws = await asyncio.wait_for(coro, timeout=60.0)
              ^^^^^^^^^^^^^^^^^^^^^^^^^^^^^^^^^^^^^^^^^^
  File "/usr/local/lib/python3.14/asyncio/tasks.py", line 488, in wait_for
    return await fut
           ^^^^^^^^^
  File "/opt/venv/lib/python3.14/site-packages/discord/gateway.py", line 383, in from_client
    socket = await client.http.ws_connect(str(url))
             ^^^^^^^^^^^^^^^^^^^^^^^^^^^^^^^^^^^^^^
  File "/opt/venv/lib/python3.14/site-packages/discord/http.py", line 566, in ws_connect
    return await self.__session.ws_connect(url, **kwargs)
           ^^^^^^^^^^^^^^^^^^^^^^^^^^^^^^^^^^^^^^^^^^^^^^
  File "/opt/venv/lib/python3.14/site-packages/aiohttp/client.py", line 1076, in _ws_connect
    resp = await self.request(
           ^^^^^^^^^^^^^^^^^^^
    ...<11 lines>...
    )
    ^
  File "/opt/venv/lib/python3.14/site-packages/aiohttp/client.py", line 779, in _request
    resp = await handler(req)
           ^^^^^^^^^^^^^^^^^^
  File "/opt/venv/lib/python3.14/site-packages/aiohttp/client.py", line 734, in _connect_and_send_request
    conn = await self._connector.connect(
           ^^^^^^^^^^^^^^^^^^^^^^^^^^^^^^
        req, traces=traces, timeout=real_timeout
        ^^^^^^^^^^^^^^^^^^^^^^^^^^^^^^^^^^^^^^^^
    )
    ^
  File "/opt/venv/lib/python3.14/site-packages/aiohttp/connector.py", line 642, in connect
    proto = await self._create_connection(req, traces, timeout)
            ^^^^^^^^^^^^^^^^^^^^^^^^^^^^^^^^^^^^^^^^^^^^^^^^^^^
  File "/opt/venv/lib/python3.14/site-packages/aiohttp/connector.py", line 1209, in _create_connection
    _, proto = await self._create_direct_connection(req, traces, timeout)
               ^^^^^^^^^^^^^^^^^^^^^^^^^^^^^^^^^^^^^^^^^^^^^^^^^^^^^^^^^^
  File "/opt/venv/lib/python3.14/site-packages/aiohttp/connector.py", line 1538, in _create_direct_connection
    raise ClientConnectorDNSError(req.connection_key, exc) from exc
aiohttp.client_exceptions.ClientConnectorDNSError: Cannot connect to host gateway.discord.gg:443 ssl:default [Try again]
[2026-01-25 17:09:52] ERROR discord.shard: Attempting a reconnect for shard ID 0 in 7.59s
Traceback (most recent call last):
  File "/opt/venv/lib/python3.14/site-packages/aiohttp/connector.py", line 1532, in _create_direct_connection
    hosts = await self._resolve_host(host, port, traces=traces)
            ^^^^^^^^^^^^^^^^^^^^^^^^^^^^^^^^^^^^^^^^^^^^^^^^^^^
  File "/opt/venv/lib/python3.14/site-packages/aiohttp/connector.py", line 1148, in _resolve_host
    return await asyncio.shield(resolved_host_task)
           ^^^^^^^^^^^^^^^^^^^^^^^^^^^^^^^^^^^^^^^^
  File "/opt/venv/lib/python3.14/site-packages/aiohttp/connector.py", line 1179, in _resolve_host_with_throttle
    addrs = await self._resolver.resolve(host, port, family=self._family)
            ^^^^^^^^^^^^^^^^^^^^^^^^^^^^^^^^^^^^^^^^^^^^^^^^^^^^^^^^^^^^^
  File "/opt/venv/lib/python3.14/site-packages/aiohttp/resolver.py", line 40, in resolve
    infos = await self._loop.getaddrinfo(
            ^^^^^^^^^^^^^^^^^^^^^^^^^^^^^
    ...<5 lines>...
    )
    ^
  File "/usr/local/lib/python3.14/asyncio/base_events.py", line 936, in getaddrinfo
    return await self.run_in_executor(
           ^^^^^^^^^^^^^^^^^^^^^^^^^^^
        None, getaddr_func, host, port, family, type, proto, flags)
        ^^^^^^^^^^^^^^^^^^^^^^^^^^^^^^^^^^^^^^^^^^^^^^^^^^^^^^^^^^^
  File "/usr/local/lib/python3.14/concurrent/futures/thread.py", line 86, in run
    result = ctx.run(self.task)
  File "/usr/local/lib/python3.14/concurrent/futures/thread.py", line 73, in run
    return fn(*args, **kwargs)
  File "/usr/local/lib/python3.14/socket.py", line 983, in getaddrinfo
    for res in _socket.getaddrinfo(host, port, family, type, proto, flags):
               ~~~~~~~~~~~~~~~~~~~^^^^^^^^^^^^^^^^^^^^^^^^^^^^^^^^^^^^^^^^
socket.gaierror: [Errno -3] Try again

The above exception was the direct cause of the following exception:

Traceback (most recent call last):
  File "/opt/venv/lib/python3.14/site-packages/discord/shard.py", line 219, in reconnect
    self.ws = await asyncio.wait_for(coro, timeout=60.0)
              ^^^^^^^^^^^^^^^^^^^^^^^^^^^^^^^^^^^^^^^^^^
  File "/usr/local/lib/python3.14/asyncio/tasks.py", line 488, in wait_for
    return await fut
           ^^^^^^^^^
  File "/opt/venv/lib/python3.14/site-packages/discord/gateway.py", line 383, in from_client
    socket = await client.http.ws_connect(str(url))
             ^^^^^^^^^^^^^^^^^^^^^^^^^^^^^^^^^^^^^^
  File "/opt/venv/lib/python3.14/site-packages/discord/http.py", line 566, in ws_connect
    return await self.__session.ws_connect(url, **kwargs)
           ^^^^^^^^^^^^^^^^^^^^^^^^^^^^^^^^^^^^^^^^^^^^^^
  File "/opt/venv/lib/python3.14/site-packages/aiohttp/client.py", line 1076, in _ws_connect
    resp = await self.request(
           ^^^^^^^^^^^^^^^^^^^
    ...<11 lines>...
    )
    ^
  File "/opt/venv/lib/python3.14/site-packages/aiohttp/client.py", line 779, in _request
    resp = await handler(req)
           ^^^^^^^^^^^^^^^^^^
  File "/opt/venv/lib/python3.14/site-packages/aiohttp/client.py", line 734, in _connect_and_send_request
    conn = await self._connector.connect(
           ^^^^^^^^^^^^^^^^^^^^^^^^^^^^^^
        req, traces=traces, timeout=real_timeout
        ^^^^^^^^^^^^^^^^^^^^^^^^^^^^^^^^^^^^^^^^
    )
    ^
  File "/opt/venv/lib/python3.14/site-packages/aiohttp/connector.py", line 642, in connect
    proto = await self._create_connection(req, traces, timeout)
            ^^^^^^^^^^^^^^^^^^^^^^^^^^^^^^^^^^^^^^^^^^^^^^^^^^^
  File "/opt/venv/lib/python3.14/site-packages/aiohttp/connector.py", line 1209, in _create_connection
    _, proto = await self._create_direct_connection(req, traces, timeout)
               ^^^^^^^^^^^^^^^^^^^^^^^^^^^^^^^^^^^^^^^^^^^^^^^^^^^^^^^^^^
  File "/opt/venv/lib/python3.14/site-packages/aiohttp/connector.py", line 1538, in _create_direct_connection
    raise ClientConnectorDNSError(req.connection_key, exc) from exc
aiohttp.client_exceptions.ClientConnectorDNSError: Cannot connect to host gateway.discord.gg:443 ssl:default [Try again]
[2026-01-25 17:10:05] ERROR discord.shard: Attempting a reconnect for shard ID 0 in 17.52s
Traceback (most recent call last):
  File "/opt/venv/lib/python3.14/site-packages/aiohttp/connector.py", line 1532, in _create_direct_connection
    hosts = await self._resolve_host(host, port, traces=traces)
            ^^^^^^^^^^^^^^^^^^^^^^^^^^^^^^^^^^^^^^^^^^^^^^^^^^^
  File "/opt/venv/lib/python3.14/site-packages/aiohttp/connector.py", line 1148, in _resolve_host
    return await asyncio.shield(resolved_host_task)
           ^^^^^^^^^^^^^^^^^^^^^^^^^^^^^^^^^^^^^^^^
  File "/opt/venv/lib/python3.14/site-packages/aiohttp/connector.py", line 1179, in _resolve_host_with_throttle
    addrs = await self._resolver.resolve(host, port, family=self._family)
            ^^^^^^^^^^^^^^^^^^^^^^^^^^^^^^^^^^^^^^^^^^^^^^^^^^^^^^^^^^^^^
  File "/opt/venv/lib/python3.14/site-packages/aiohttp/resolver.py", line 40, in resolve
    infos = await self._loop.getaddrinfo(
            ^^^^^^^^^^^^^^^^^^^^^^^^^^^^^
    ...<5 lines>...
    )
    ^
  File "/usr/local/lib/python3.14/asyncio/base_events.py", line 936, in getaddrinfo
    return await self.run_in_executor(
           ^^^^^^^^^^^^^^^^^^^^^^^^^^^
        None, getaddr_func, host, port, family, type, proto, flags)
        ^^^^^^^^^^^^^^^^^^^^^^^^^^^^^^^^^^^^^^^^^^^^^^^^^^^^^^^^^^^
  File "/usr/local/lib/python3.14/concurrent/futures/thread.py", line 86, in run
    result = ctx.run(self.task)
  File "/usr/local/lib/python3.14/concurrent/futures/thread.py", line 73, in run
    return fn(*args, **kwargs)
  File "/usr/local/lib/python3.14/socket.py", line 983, in getaddrinfo
    for res in _socket.getaddrinfo(host, port, family, type, proto, flags):
               ~~~~~~~~~~~~~~~~~~~^^^^^^^^^^^^^^^^^^^^^^^^^^^^^^^^^^^^^^^^
socket.gaierror: [Errno -3] Try again

The above exception was the direct cause of the following exception:

Traceback (most recent call last):
  File "/opt/venv/lib/python3.14/site-packages/discord/shard.py", line 219, in reconnect
    self.ws = await asyncio.wait_for(coro, timeout=60.0)
              ^^^^^^^^^^^^^^^^^^^^^^^^^^^^^^^^^^^^^^^^^^
  File "/usr/local/lib/python3.14/asyncio/tasks.py", line 488, in wait_for
    return await fut
           ^^^^^^^^^
  File "/opt/venv/lib/python3.14/site-packages/discord/gateway.py", line 383, in from_client
    socket = await client.http.ws_connect(str(url))
             ^^^^^^^^^^^^^^^^^^^^^^^^^^^^^^^^^^^^^^
  File "/opt/venv/lib/python3.14/site-packages/discord/http.py", line 566, in ws_connect
    return await self.__session.ws_connect(url, **kwargs)
           ^^^^^^^^^^^^^^^^^^^^^^^^^^^^^^^^^^^^^^^^^^^^^^
  File "/opt/venv/lib/python3.14/site-packages/aiohttp/client.py", line 1076, in _ws_connect
    resp = await self.request(
           ^^^^^^^^^^^^^^^^^^^
    ...<11 lines>...
    )
    ^
  File "/opt/venv/lib/python3.14/site-packages/aiohttp/client.py", line 779, in _request
    resp = await handler(req)
           ^^^^^^^^^^^^^^^^^^
  File "/opt/venv/lib/python3.14/site-packages/aiohttp/client.py", line 734, in _connect_and_send_request
    conn = await self._connector.connect(
           ^^^^^^^^^^^^^^^^^^^^^^^^^^^^^^
        req, traces=traces, timeout=real_timeout
        ^^^^^^^^^^^^^^^^^^^^^^^^^^^^^^^^^^^^^^^^
    )
    ^
  File "/opt/venv/lib/python3.14/site-packages/aiohttp/connector.py", line 642, in connect
    proto = await self._create_connection(req, traces, timeout)
            ^^^^^^^^^^^^^^^^^^^^^^^^^^^^^^^^^^^^^^^^^^^^^^^^^^^
  File "/opt/venv/lib/python3.14/site-packages/aiohttp/connector.py", line 1209, in _create_connection
    _, proto = await self._create_direct_connection(req, traces, timeout)
               ^^^^^^^^^^^^^^^^^^^^^^^^^^^^^^^^^^^^^^^^^^^^^^^^^^^^^^^^^^
  File "/opt/venv/lib/python3.14/site-packages/aiohttp/connector.py", line 1538, in _create_direct_connection
    raise ClientConnectorDNSError(req.connection_key, exc) from exc
aiohttp.client_exceptions.ClientConnectorDNSError: Cannot connect to host gateway.discord.gg:443 ssl:default [Try again]
[2026-01-25 17:10:27] ERROR discord.shard: Attempting a reconnect for shard ID 0 in 8.67s
Traceback (most recent call last):
  File "/opt/venv/lib/python3.14/site-packages/aiohttp/connector.py", line 1532, in _create_direct_connection
    hosts = await self._resolve_host(host, port, traces=traces)
            ^^^^^^^^^^^^^^^^^^^^^^^^^^^^^^^^^^^^^^^^^^^^^^^^^^^
  File "/opt/venv/lib/python3.14/site-packages/aiohttp/connector.py", line 1148, in _resolve_host
    return await asyncio.shield(resolved_host_task)
           ^^^^^^^^^^^^^^^^^^^^^^^^^^^^^^^^^^^^^^^^
  File "/opt/venv/lib/python3.14/site-packages/aiohttp/connector.py", line 1179, in _resolve_host_with_throttle
    addrs = await self._resolver.resolve(host, port, family=self._family)
            ^^^^^^^^^^^^^^^^^^^^^^^^^^^^^^^^^^^^^^^^^^^^^^^^^^^^^^^^^^^^^
  File "/opt/venv/lib/python3.14/site-packages/aiohttp/resolver.py", line 40, in resolve
    infos = await self._loop.getaddrinfo(
            ^^^^^^^^^^^^^^^^^^^^^^^^^^^^^
    ...<5 lines>...
    )
    ^
  File "/usr/local/lib/python3.14/asyncio/base_events.py", line 936, in getaddrinfo
    return await self.run_in_executor(
           ^^^^^^^^^^^^^^^^^^^^^^^^^^^
        None, getaddr_func, host, port, family, type, proto, flags)
        ^^^^^^^^^^^^^^^^^^^^^^^^^^^^^^^^^^^^^^^^^^^^^^^^^^^^^^^^^^^
  File "/usr/local/lib/python3.14/concurrent/futures/thread.py", line 86, in run
    result = ctx.run(self.task)
  File "/usr/local/lib/python3.14/concurrent/futures/thread.py", line 73, in run
    return fn(*args, **kwargs)
  File "/usr/local/lib/python3.14/socket.py", line 983, in getaddrinfo
    for res in _socket.getaddrinfo(host, port, family, type, proto, flags):
               ~~~~~~~~~~~~~~~~~~~^^^^^^^^^^^^^^^^^^^^^^^^^^^^^^^^^^^^^^^^
socket.gaierror: [Errno -3] Try again

The above exception was the direct cause of the following exception:

Traceback (most recent call last):
  File "/opt/venv/lib/python3.14/site-packages/discord/shard.py", line 219, in reconnect
    self.ws = await asyncio.wait_for(coro, timeout=60.0)
              ^^^^^^^^^^^^^^^^^^^^^^^^^^^^^^^^^^^^^^^^^^
  File "/usr/local/lib/python3.14/asyncio/tasks.py", line 488, in wait_for
    return await fut
           ^^^^^^^^^
  File "/opt/venv/lib/python3.14/site-packages/discord/gateway.py", line 383, in from_client
    socket = await client.http.ws_connect(str(url))
             ^^^^^^^^^^^^^^^^^^^^^^^^^^^^^^^^^^^^^^
  File "/opt/venv/lib/python3.14/site-packages/discord/http.py", line 566, in ws_connect
    return await self.__session.ws_connect(url, **kwargs)
           ^^^^^^^^^^^^^^^^^^^^^^^^^^^^^^^^^^^^^^^^^^^^^^
  File "/opt/venv/lib/python3.14/site-packages/aiohttp/client.py", line 1076, in _ws_connect
    resp = await self.request(
           ^^^^^^^^^^^^^^^^^^^
    ...<11 lines>...
    )
    ^
  File "/opt/venv/lib/python3.14/site-packages/aiohttp/client.py", line 779, in _request
    resp = await handler(req)
           ^^^^^^^^^^^^^^^^^^
  File "/opt/venv/lib/python3.14/site-packages/aiohttp/client.py", line 734, in _connect_and_send_request
    conn = await self._connector.connect(
           ^^^^^^^^^^^^^^^^^^^^^^^^^^^^^^
        req, traces=traces, timeout=real_timeout
        ^^^^^^^^^^^^^^^^^^^^^^^^^^^^^^^^^^^^^^^^
    )
    ^
  File "/opt/venv/lib/python3.14/site-packages/aiohttp/connector.py", line 642, in connect
    proto = await self._create_connection(req, traces, timeout)
            ^^^^^^^^^^^^^^^^^^^^^^^^^^^^^^^^^^^^^^^^^^^^^^^^^^^
  File "/opt/venv/lib/python3.14/site-packages/aiohttp/connector.py", line 1209, in _create_connection
    _, proto = await self._create_direct_connection(req, traces, timeout)
               ^^^^^^^^^^^^^^^^^^^^^^^^^^^^^^^^^^^^^^^^^^^^^^^^^^^^^^^^^^
  File "/opt/venv/lib/python3.14/site-packages/aiohttp/connector.py", line 1538, in _create_direct_connection
    raise ClientConnectorDNSError(req.connection_key, exc) from exc
aiohttp.client_exceptions.ClientConnectorDNSError: Cannot connect to host gateway.discord.gg:443 ssl:default [Try again]
[2026-01-25 17:10:41] ERROR discord.shard: Attempting a reconnect for shard ID 0 in 53.29s
Traceback (most recent call last):
  File "/opt/venv/lib/python3.14/site-packages/aiohttp/connector.py", line 1532, in _create_direct_connection
    hosts = await self._resolve_host(host, port, traces=traces)
            ^^^^^^^^^^^^^^^^^^^^^^^^^^^^^^^^^^^^^^^^^^^^^^^^^^^
  File "/opt/venv/lib/python3.14/site-packages/aiohttp/connector.py", line 1148, in _resolve_host
    return await asyncio.shield(resolved_host_task)
           ^^^^^^^^^^^^^^^^^^^^^^^^^^^^^^^^^^^^^^^^
  File "/opt/venv/lib/python3.14/site-packages/aiohttp/connector.py", line 1179, in _resolve_host_with_throttle
    addrs = await self._resolver.resolve(host, port, family=self._family)
            ^^^^^^^^^^^^^^^^^^^^^^^^^^^^^^^^^^^^^^^^^^^^^^^^^^^^^^^^^^^^^
  File "/opt/venv/lib/python3.14/site-packages/aiohttp/resolver.py", line 40, in resolve
    infos = await self._loop.getaddrinfo(
            ^^^^^^^^^^^^^^^^^^^^^^^^^^^^^
    ...<5 lines>...
    )
    ^
  File "/usr/local/lib/python3.14/asyncio/base_events.py", line 936, in getaddrinfo
    return await self.run_in_executor(
           ^^^^^^^^^^^^^^^^^^^^^^^^^^^
        None, getaddr_func, host, port, family, type, proto, flags)
        ^^^^^^^^^^^^^^^^^^^^^^^^^^^^^^^^^^^^^^^^^^^^^^^^^^^^^^^^^^^
  File "/usr/local/lib/python3.14/concurrent/futures/thread.py", line 86, in run
    result = ctx.run(self.task)
  File "/usr/local/lib/python3.14/concurrent/futures/thread.py", line 73, in run
    return fn(*args, **kwargs)
  File "/usr/local/lib/python3.14/socket.py", line 983, in getaddrinfo
    for res in _socket.getaddrinfo(host, port, family, type, proto, flags):
               ~~~~~~~~~~~~~~~~~~~^^^^^^^^^^^^^^^^^^^^^^^^^^^^^^^^^^^^^^^^
socket.gaierror: [Errno -3] Try again

The above exception was the direct cause of the following exception:

Traceback (most recent call last):
  File "/opt/venv/lib/python3.14/site-packages/discord/shard.py", line 219, in reconnect
    self.ws = await asyncio.wait_for(coro, timeout=60.0)
              ^^^^^^^^^^^^^^^^^^^^^^^^^^^^^^^^^^^^^^^^^^
  File "/usr/local/lib/python3.14/asyncio/tasks.py", line 488, in wait_for
    return await fut
           ^^^^^^^^^
  File "/opt/venv/lib/python3.14/site-packages/discord/gateway.py", line 383, in from_client
    socket = await client.http.ws_connect(str(url))
             ^^^^^^^^^^^^^^^^^^^^^^^^^^^^^^^^^^^^^^
  File "/opt/venv/lib/python3.14/site-packages/discord/http.py", line 566, in ws_connect
    return await self.__session.ws_connect(url, **kwargs)
           ^^^^^^^^^^^^^^^^^^^^^^^^^^^^^^^^^^^^^^^^^^^^^^
  File "/opt/venv/lib/python3.14/site-packages/aiohttp/client.py", line 1076, in _ws_connect
    resp = await self.request(
           ^^^^^^^^^^^^^^^^^^^
    ...<11 lines>...
    )
    ^
  File "/opt/venv/lib/python3.14/site-packages/aiohttp/client.py", line 779, in _request
    resp = await handler(req)
           ^^^^^^^^^^^^^^^^^^
  File "/opt/venv/lib/python3.14/site-packages/aiohttp/client.py", line 734, in _connect_and_send_request
    conn = await self._connector.connect(
           ^^^^^^^^^^^^^^^^^^^^^^^^^^^^^^
        req, traces=traces, timeout=real_timeout
        ^^^^^^^^^^^^^^^^^^^^^^^^^^^^^^^^^^^^^^^^
    )
    ^
  File "/opt/venv/lib/python3.14/site-packages/aiohttp/connector.py", line 642, in connect
    proto = await self._create_connection(req, traces, timeout)
            ^^^^^^^^^^^^^^^^^^^^^^^^^^^^^^^^^^^^^^^^^^^^^^^^^^^
  File "/opt/venv/lib/python3.14/site-packages/aiohttp/connector.py", line 1209, in _create_connection
    _, proto = await self._create_direct_connection(req, traces, timeout)
               ^^^^^^^^^^^^^^^^^^^^^^^^^^^^^^^^^^^^^^^^^^^^^^^^^^^^^^^^^^
  File "/opt/venv/lib/python3.14/site-packages/aiohttp/connector.py", line 1538, in _create_direct_connection
    raise ClientConnectorDNSError(req.connection_key, exc) from exc
aiohttp.client_exceptions.ClientConnectorDNSError: Cannot connect to host gateway.discord.gg:443 ssl:default [Try again]
[2026-01-25 17:11:39] ERROR discord.shard: Attempting a reconnect for shard ID 0 in 284.86s
Traceback (most recent call last):
  File "/opt/venv/lib/python3.14/site-packages/aiohttp/connector.py", line 1532, in _create_direct_connection
    hosts = await self._resolve_host(host, port, traces=traces)
            ^^^^^^^^^^^^^^^^^^^^^^^^^^^^^^^^^^^^^^^^^^^^^^^^^^^
  File "/opt/venv/lib/python3.14/site-packages/aiohttp/connector.py", line 1148, in _resolve_host
    return await asyncio.shield(resolved_host_task)
           ^^^^^^^^^^^^^^^^^^^^^^^^^^^^^^^^^^^^^^^^
  File "/opt/venv/lib/python3.14/site-packages/aiohttp/connector.py", line 1179, in _resolve_host_with_throttle
    addrs = await self._resolver.resolve(host, port, family=self._family)
            ^^^^^^^^^^^^^^^^^^^^^^^^^^^^^^^^^^^^^^^^^^^^^^^^^^^^^^^^^^^^^
  File "/opt/venv/lib/python3.14/site-packages/aiohttp/resolver.py", line 40, in resolve
    infos = await self._loop.getaddrinfo(
            ^^^^^^^^^^^^^^^^^^^^^^^^^^^^^
    ...<5 lines>...
    )
    ^
  File "/usr/local/lib/python3.14/asyncio/base_events.py", line 936, in getaddrinfo
    return await self.run_in_executor(
           ^^^^^^^^^^^^^^^^^^^^^^^^^^^
        None, getaddr_func, host, port, family, type, proto, flags)
        ^^^^^^^^^^^^^^^^^^^^^^^^^^^^^^^^^^^^^^^^^^^^^^^^^^^^^^^^^^^
  File "/usr/local/lib/python3.14/concurrent/futures/thread.py", line 86, in run
    result = ctx.run(self.task)
  File "/usr/local/lib/python3.14/concurrent/futures/thread.py", line 73, in run
    return fn(*args, **kwargs)
  File "/usr/local/lib/python3.14/socket.py", line 983, in getaddrinfo
    for res in _socket.getaddrinfo(host, port, family, type, proto, flags):
               ~~~~~~~~~~~~~~~~~~~^^^^^^^^^^^^^^^^^^^^^^^^^^^^^^^^^^^^^^^^
socket.gaierror: [Errno -3] Try again

The above exception was the direct cause of the following exception:

Traceback (most recent call last):
  File "/opt/venv/lib/python3.14/site-packages/discord/shard.py", line 219, in reconnect
    self.ws = await asyncio.wait_for(coro, timeout=60.0)
              ^^^^^^^^^^^^^^^^^^^^^^^^^^^^^^^^^^^^^^^^^^
  File "/usr/local/lib/python3.14/asyncio/tasks.py", line 488, in wait_for
    return await fut
           ^^^^^^^^^
  File "/opt/venv/lib/python3.14/site-packages/discord/gateway.py", line 383, in from_client
    socket = await client.http.ws_connect(str(url))
             ^^^^^^^^^^^^^^^^^^^^^^^^^^^^^^^^^^^^^^
  File "/opt/venv/lib/python3.14/site-packages/discord/http.py", line 566, in ws_connect
    return await self.__session.ws_connect(url, **kwargs)
           ^^^^^^^^^^^^^^^^^^^^^^^^^^^^^^^^^^^^^^^^^^^^^^
  File "/opt/venv/lib/python3.14/site-packages/aiohttp/client.py", line 1076, in _ws_connect
    resp = await self.request(
           ^^^^^^^^^^^^^^^^^^^
    ...<11 lines>...
    )
    ^
  File "/opt/venv/lib/python3.14/site-packages/aiohttp/client.py", line 779, in _request
    resp = await handler(req)
           ^^^^^^^^^^^^^^^^^^
  File "/opt/venv/lib/python3.14/site-packages/aiohttp/client.py", line 734, in _connect_and_send_request
    conn = await self._connector.connect(
           ^^^^^^^^^^^^^^^^^^^^^^^^^^^^^^
        req, traces=traces, timeout=real_timeout
        ^^^^^^^^^^^^^^^^^^^^^^^^^^^^^^^^^^^^^^^^
    )
    ^
  File "/opt/venv/lib/python3.14/site-packages/aiohttp/connector.py", line 642, in connect
    proto = await self._create_connection(req, traces, timeout)
            ^^^^^^^^^^^^^^^^^^^^^^^^^^^^^^^^^^^^^^^^^^^^^^^^^^^
  File "/opt/venv/lib/python3.14/site-packages/aiohttp/connector.py", line 1209, in _create_connection
    _, proto = await self._create_direct_connection(req, traces, timeout)
               ^^^^^^^^^^^^^^^^^^^^^^^^^^^^^^^^^^^^^^^^^^^^^^^^^^^^^^^^^^
  File "/opt/venv/lib/python3.14/site-packages/aiohttp/connector.py", line 1538, in _create_direct_connection
    raise ClientConnectorDNSError(req.connection_key, exc) from exc
aiohttp.client_exceptions.ClientConnectorDNSError: Cannot connect to host gateway.discord.gg:443 ssl:default [Try again]
[2026-01-25 17:16:30] INFO discord.gateway: Shard ID 0 has connected to Gateway (Session ID: 3d62c8dabc79b1c421c7849271efa573).
[2026-01-25 17:49:49] ERROR discord.shard: Attempting a reconnect for shard ID 0 in 1.59s
Traceback (most recent call last):
  File "/opt/venv/lib/python3.14/site-packages/aiohttp/connector.py", line 1532, in _create_direct_connection
    hosts = await self._resolve_host(host, port, traces=traces)
            ^^^^^^^^^^^^^^^^^^^^^^^^^^^^^^^^^^^^^^^^^^^^^^^^^^^
  File "/opt/venv/lib/python3.14/site-packages/aiohttp/connector.py", line 1148, in _resolve_host
    return await asyncio.shield(resolved_host_task)
           ^^^^^^^^^^^^^^^^^^^^^^^^^^^^^^^^^^^^^^^^
  File "/opt/venv/lib/python3.14/site-packages/aiohttp/connector.py", line 1179, in _resolve_host_with_throttle
    addrs = await self._resolver.resolve(host, port, family=self._family)
            ^^^^^^^^^^^^^^^^^^^^^^^^^^^^^^^^^^^^^^^^^^^^^^^^^^^^^^^^^^^^^
  File "/opt/venv/lib/python3.14/site-packages/aiohttp/resolver.py", line 40, in resolve
    infos = await self._loop.getaddrinfo(
            ^^^^^^^^^^^^^^^^^^^^^^^^^^^^^
    ...<5 lines>...
    )
    ^
  File "/usr/local/lib/python3.14/asyncio/base_events.py", line 936, in getaddrinfo
    return await self.run_in_executor(
           ^^^^^^^^^^^^^^^^^^^^^^^^^^^
        None, getaddr_func, host, port, family, type, proto, flags)
        ^^^^^^^^^^^^^^^^^^^^^^^^^^^^^^^^^^^^^^^^^^^^^^^^^^^^^^^^^^^
  File "/usr/local/lib/python3.14/concurrent/futures/thread.py", line 86, in run
    result = ctx.run(self.task)
  File "/usr/local/lib/python3.14/concurrent/futures/thread.py", line 73, in run
    return fn(*args, **kwargs)
  File "/usr/local/lib/python3.14/socket.py", line 983, in getaddrinfo
    for res in _socket.getaddrinfo(host, port, family, type, proto, flags):
               ~~~~~~~~~~~~~~~~~~~^^^^^^^^^^^^^^^^^^^^^^^^^^^^^^^^^^^^^^^^
socket.gaierror: [Errno -3] Try again

The above exception was the direct cause of the following exception:

Traceback (most recent call last):
  File "/opt/venv/lib/python3.14/site-packages/discord/shard.py", line 201, in reidentify
    self.ws = await asyncio.wait_for(coro, timeout=60.0)
              ^^^^^^^^^^^^^^^^^^^^^^^^^^^^^^^^^^^^^^^^^^
  File "/usr/local/lib/python3.14/asyncio/tasks.py", line 488, in wait_for
    return await fut
           ^^^^^^^^^
  File "/opt/venv/lib/python3.14/site-packages/discord/gateway.py", line 383, in from_client
    socket = await client.http.ws_connect(str(url))
             ^^^^^^^^^^^^^^^^^^^^^^^^^^^^^^^^^^^^^^
  File "/opt/venv/lib/python3.14/site-packages/discord/http.py", line 566, in ws_connect
    return await self.__session.ws_connect(url, **kwargs)
           ^^^^^^^^^^^^^^^^^^^^^^^^^^^^^^^^^^^^^^^^^^^^^^
  File "/opt/venv/lib/python3.14/site-packages/aiohttp/client.py", line 1076, in _ws_connect
    resp = await self.request(
           ^^^^^^^^^^^^^^^^^^^
    ...<11 lines>...
    )
    ^
  File "/opt/venv/lib/python3.14/site-packages/aiohttp/client.py", line 779, in _request
    resp = await handler(req)
           ^^^^^^^^^^^^^^^^^^
  File "/opt/venv/lib/python3.14/site-packages/aiohttp/client.py", line 734, in _connect_and_send_request
    conn = await self._connector.connect(
           ^^^^^^^^^^^^^^^^^^^^^^^^^^^^^^
        req, traces=traces, timeout=real_timeout
        ^^^^^^^^^^^^^^^^^^^^^^^^^^^^^^^^^^^^^^^^
    )
    ^
  File "/opt/venv/lib/python3.14/site-packages/aiohttp/connector.py", line 642, in connect
    proto = await self._create_connection(req, traces, timeout)
            ^^^^^^^^^^^^^^^^^^^^^^^^^^^^^^^^^^^^^^^^^^^^^^^^^^^
  File "/opt/venv/lib/python3.14/site-packages/aiohttp/connector.py", line 1209, in _create_connection
    _, proto = await self._create_direct_connection(req, traces, timeout)
               ^^^^^^^^^^^^^^^^^^^^^^^^^^^^^^^^^^^^^^^^^^^^^^^^^^^^^^^^^^
  File "/opt/venv/lib/python3.14/site-packages/aiohttp/connector.py", line 1538, in _create_direct_connection
    raise ClientConnectorDNSError(req.connection_key, exc) from exc
aiohttp.client_exceptions.ClientConnectorDNSError: Cannot connect to host gateway-us-east1-c.discord.gg:443 ssl:default [Try again]
[2026-01-25 17:49:55] ERROR discord.shard: Attempting a reconnect for shard ID 0 in 0.95s
Traceback (most recent call last):
  File "/opt/venv/lib/python3.14/site-packages/aiohttp/connector.py", line 1532, in _create_direct_connection
    hosts = await self._resolve_host(host, port, traces=traces)
            ^^^^^^^^^^^^^^^^^^^^^^^^^^^^^^^^^^^^^^^^^^^^^^^^^^^
  File "/opt/venv/lib/python3.14/site-packages/aiohttp/connector.py", line 1148, in _resolve_host
    return await asyncio.shield(resolved_host_task)
           ^^^^^^^^^^^^^^^^^^^^^^^^^^^^^^^^^^^^^^^^
  File "/opt/venv/lib/python3.14/site-packages/aiohttp/connector.py", line 1179, in _resolve_host_with_throttle
    addrs = await self._resolver.resolve(host, port, family=self._family)
            ^^^^^^^^^^^^^^^^^^^^^^^^^^^^^^^^^^^^^^^^^^^^^^^^^^^^^^^^^^^^^
  File "/opt/venv/lib/python3.14/site-packages/aiohttp/resolver.py", line 40, in resolve
    infos = await self._loop.getaddrinfo(
            ^^^^^^^^^^^^^^^^^^^^^^^^^^^^^
    ...<5 lines>...
    )
    ^
  File "/usr/local/lib/python3.14/asyncio/base_events.py", line 936, in getaddrinfo
    return await self.run_in_executor(
           ^^^^^^^^^^^^^^^^^^^^^^^^^^^
        None, getaddr_func, host, port, family, type, proto, flags)
        ^^^^^^^^^^^^^^^^^^^^^^^^^^^^^^^^^^^^^^^^^^^^^^^^^^^^^^^^^^^
  File "/usr/local/lib/python3.14/concurrent/futures/thread.py", line 86, in run
    result = ctx.run(self.task)
  File "/usr/local/lib/python3.14/concurrent/futures/thread.py", line 73, in run
    return fn(*args, **kwargs)
  File "/usr/local/lib/python3.14/socket.py", line 983, in getaddrinfo
    for res in _socket.getaddrinfo(host, port, family, type, proto, flags):
               ~~~~~~~~~~~~~~~~~~~^^^^^^^^^^^^^^^^^^^^^^^^^^^^^^^^^^^^^^^^
socket.gaierror: [Errno -3] Try again

The above exception was the direct cause of the following exception:

Traceback (most recent call last):
  File "/opt/venv/lib/python3.14/site-packages/discord/shard.py", line 219, in reconnect
    self.ws = await asyncio.wait_for(coro, timeout=60.0)
              ^^^^^^^^^^^^^^^^^^^^^^^^^^^^^^^^^^^^^^^^^^
  File "/usr/local/lib/python3.14/asyncio/tasks.py", line 488, in wait_for
    return await fut
           ^^^^^^^^^
  File "/opt/venv/lib/python3.14/site-packages/discord/gateway.py", line 383, in from_client
    socket = await client.http.ws_connect(str(url))
             ^^^^^^^^^^^^^^^^^^^^^^^^^^^^^^^^^^^^^^
  File "/opt/venv/lib/python3.14/site-packages/discord/http.py", line 566, in ws_connect
    return await self.__session.ws_connect(url, **kwargs)
           ^^^^^^^^^^^^^^^^^^^^^^^^^^^^^^^^^^^^^^^^^^^^^^
  File "/opt/venv/lib/python3.14/site-packages/aiohttp/client.py", line 1076, in _ws_connect
    resp = await self.request(
           ^^^^^^^^^^^^^^^^^^^
    ...<11 lines>...
    )
    ^
  File "/opt/venv/lib/python3.14/site-packages/aiohttp/client.py", line 779, in _request
    resp = await handler(req)
           ^^^^^^^^^^^^^^^^^^
  File "/opt/venv/lib/python3.14/site-packages/aiohttp/client.py", line 734, in _connect_and_send_request
    conn = await self._connector.connect(
           ^^^^^^^^^^^^^^^^^^^^^^^^^^^^^^
        req, traces=traces, timeout=real_timeout
        ^^^^^^^^^^^^^^^^^^^^^^^^^^^^^^^^^^^^^^^^
    )
    ^
  File "/opt/venv/lib/python3.14/site-packages/aiohttp/connector.py", line 642, in connect
    proto = await self._create_connection(req, traces, timeout)
            ^^^^^^^^^^^^^^^^^^^^^^^^^^^^^^^^^^^^^^^^^^^^^^^^^^^
  File "/opt/venv/lib/python3.14/site-packages/aiohttp/connector.py", line 1209, in _create_connection
    _, proto = await self._create_direct_connection(req, traces, timeout)
               ^^^^^^^^^^^^^^^^^^^^^^^^^^^^^^^^^^^^^^^^^^^^^^^^^^^^^^^^^^
  File "/opt/venv/lib/python3.14/site-packages/aiohttp/connector.py", line 1538, in _create_direct_connection
    raise ClientConnectorDNSError(req.connection_key, exc) from exc
aiohttp.client_exceptions.ClientConnectorDNSError: Cannot connect to host gateway.discord.gg:443 ssl:default [Try again]
[2026-01-25 17:50:01] ERROR discord.shard: Attempting a reconnect for shard ID 0 in 1.50s
Traceback (most recent call last):
  File "/opt/venv/lib/python3.14/site-packages/aiohttp/connector.py", line 1532, in _create_direct_connection
    hosts = await self._resolve_host(host, port, traces=traces)
            ^^^^^^^^^^^^^^^^^^^^^^^^^^^^^^^^^^^^^^^^^^^^^^^^^^^
  File "/opt/venv/lib/python3.14/site-packages/aiohttp/connector.py", line 1148, in _resolve_host
    return await asyncio.shield(resolved_host_task)
           ^^^^^^^^^^^^^^^^^^^^^^^^^^^^^^^^^^^^^^^^
  File "/opt/venv/lib/python3.14/site-packages/aiohttp/connector.py", line 1179, in _resolve_host_with_throttle
    addrs = await self._resolver.resolve(host, port, family=self._family)
            ^^^^^^^^^^^^^^^^^^^^^^^^^^^^^^^^^^^^^^^^^^^^^^^^^^^^^^^^^^^^^
  File "/opt/venv/lib/python3.14/site-packages/aiohttp/resolver.py", line 40, in resolve
    infos = await self._loop.getaddrinfo(
            ^^^^^^^^^^^^^^^^^^^^^^^^^^^^^
    ...<5 lines>...
    )
    ^
  File "/usr/local/lib/python3.14/asyncio/base_events.py", line 936, in getaddrinfo
    return await self.run_in_executor(
           ^^^^^^^^^^^^^^^^^^^^^^^^^^^
        None, getaddr_func, host, port, family, type, proto, flags)
        ^^^^^^^^^^^^^^^^^^^^^^^^^^^^^^^^^^^^^^^^^^^^^^^^^^^^^^^^^^^
  File "/usr/local/lib/python3.14/concurrent/futures/thread.py", line 86, in run
    result = ctx.run(self.task)
  File "/usr/local/lib/python3.14/concurrent/futures/thread.py", line 73, in run
    return fn(*args, **kwargs)
  File "/usr/local/lib/python3.14/socket.py", line 983, in getaddrinfo
    for res in _socket.getaddrinfo(host, port, family, type, proto, flags):
               ~~~~~~~~~~~~~~~~~~~^^^^^^^^^^^^^^^^^^^^^^^^^^^^^^^^^^^^^^^^
socket.gaierror: [Errno -3] Try again

The above exception was the direct cause of the following exception:

Traceback (most recent call last):
  File "/opt/venv/lib/python3.14/site-packages/discord/shard.py", line 219, in reconnect
    self.ws = await asyncio.wait_for(coro, timeout=60.0)
              ^^^^^^^^^^^^^^^^^^^^^^^^^^^^^^^^^^^^^^^^^^
  File "/usr/local/lib/python3.14/asyncio/tasks.py", line 488, in wait_for
    return await fut
           ^^^^^^^^^
  File "/opt/venv/lib/python3.14/site-packages/discord/gateway.py", line 383, in from_client
    socket = await client.http.ws_connect(str(url))
             ^^^^^^^^^^^^^^^^^^^^^^^^^^^^^^^^^^^^^^
  File "/opt/venv/lib/python3.14/site-packages/discord/http.py", line 566, in ws_connect
    return await self.__session.ws_connect(url, **kwargs)
           ^^^^^^^^^^^^^^^^^^^^^^^^^^^^^^^^^^^^^^^^^^^^^^
  File "/opt/venv/lib/python3.14/site-packages/aiohttp/client.py", line 1076, in _ws_connect
    resp = await self.request(
           ^^^^^^^^^^^^^^^^^^^
    ...<11 lines>...
    )
    ^
  File "/opt/venv/lib/python3.14/site-packages/aiohttp/client.py", line 779, in _request
    resp = await handler(req)
           ^^^^^^^^^^^^^^^^^^
  File "/opt/venv/lib/python3.14/site-packages/aiohttp/client.py", line 734, in _connect_and_send_request
    conn = await self._connector.connect(
           ^^^^^^^^^^^^^^^^^^^^^^^^^^^^^^
        req, traces=traces, timeout=real_timeout
        ^^^^^^^^^^^^^^^^^^^^^^^^^^^^^^^^^^^^^^^^
    )
    ^
  File "/opt/venv/lib/python3.14/site-packages/aiohttp/connector.py", line 642, in connect
    proto = await self._create_connection(req, traces, timeout)
            ^^^^^^^^^^^^^^^^^^^^^^^^^^^^^^^^^^^^^^^^^^^^^^^^^^^
  File "/opt/venv/lib/python3.14/site-packages/aiohttp/connector.py", line 1209, in _create_connection
    _, proto = await self._create_direct_connection(req, traces, timeout)
               ^^^^^^^^^^^^^^^^^^^^^^^^^^^^^^^^^^^^^^^^^^^^^^^^^^^^^^^^^^
  File "/opt/venv/lib/python3.14/site-packages/aiohttp/connector.py", line 1538, in _create_direct_connection
    raise ClientConnectorDNSError(req.connection_key, exc) from exc
aiohttp.client_exceptions.ClientConnectorDNSError: Cannot connect to host gateway.discord.gg:443 ssl:default [Try again]
[2026-01-25 17:50:08] ERROR discord.shard: Attempting a reconnect for shard ID 0 in 15.04s
Traceback (most recent call last):
  File "/opt/venv/lib/python3.14/site-packages/aiohttp/connector.py", line 1532, in _create_direct_connection
    hosts = await self._resolve_host(host, port, traces=traces)
            ^^^^^^^^^^^^^^^^^^^^^^^^^^^^^^^^^^^^^^^^^^^^^^^^^^^
  File "/opt/venv/lib/python3.14/site-packages/aiohttp/connector.py", line 1148, in _resolve_host
    return await asyncio.shield(resolved_host_task)
           ^^^^^^^^^^^^^^^^^^^^^^^^^^^^^^^^^^^^^^^^
  File "/opt/venv/lib/python3.14/site-packages/aiohttp/connector.py", line 1179, in _resolve_host_with_throttle
    addrs = await self._resolver.resolve(host, port, family=self._family)
            ^^^^^^^^^^^^^^^^^^^^^^^^^^^^^^^^^^^^^^^^^^^^^^^^^^^^^^^^^^^^^
  File "/opt/venv/lib/python3.14/site-packages/aiohttp/resolver.py", line 40, in resolve
    infos = await self._loop.getaddrinfo(
            ^^^^^^^^^^^^^^^^^^^^^^^^^^^^^
    ...<5 lines>...
    )
    ^
  File "/usr/local/lib/python3.14/asyncio/base_events.py", line 936, in getaddrinfo
    return await self.run_in_executor(
           ^^^^^^^^^^^^^^^^^^^^^^^^^^^
        None, getaddr_func, host, port, family, type, proto, flags)
        ^^^^^^^^^^^^^^^^^^^^^^^^^^^^^^^^^^^^^^^^^^^^^^^^^^^^^^^^^^^
  File "/usr/local/lib/python3.14/concurrent/futures/thread.py", line 86, in run
    result = ctx.run(self.task)
  File "/usr/local/lib/python3.14/concurrent/futures/thread.py", line 73, in run
    return fn(*args, **kwargs)
  File "/usr/local/lib/python3.14/socket.py", line 983, in getaddrinfo
    for res in _socket.getaddrinfo(host, port, family, type, proto, flags):
               ~~~~~~~~~~~~~~~~~~~^^^^^^^^^^^^^^^^^^^^^^^^^^^^^^^^^^^^^^^^
socket.gaierror: [Errno -3] Try again

The above exception was the direct cause of the following exception:

Traceback (most recent call last):
  File "/opt/venv/lib/python3.14/site-packages/discord/shard.py", line 219, in reconnect
    self.ws = await asyncio.wait_for(coro, timeout=60.0)
              ^^^^^^^^^^^^^^^^^^^^^^^^^^^^^^^^^^^^^^^^^^
  File "/usr/local/lib/python3.14/asyncio/tasks.py", line 488, in wait_for
    return await fut
           ^^^^^^^^^
  File "/opt/venv/lib/python3.14/site-packages/discord/gateway.py", line 383, in from_client
    socket = await client.http.ws_connect(str(url))
             ^^^^^^^^^^^^^^^^^^^^^^^^^^^^^^^^^^^^^^
  File "/opt/venv/lib/python3.14/site-packages/discord/http.py", line 566, in ws_connect
    return await self.__session.ws_connect(url, **kwargs)
           ^^^^^^^^^^^^^^^^^^^^^^^^^^^^^^^^^^^^^^^^^^^^^^
  File "/opt/venv/lib/python3.14/site-packages/aiohttp/client.py", line 1076, in _ws_connect
    resp = await self.request(
           ^^^^^^^^^^^^^^^^^^^
    ...<11 lines>...
    )
    ^
  File "/opt/venv/lib/python3.14/site-packages/aiohttp/client.py", line 779, in _request
    resp = await handler(req)
           ^^^^^^^^^^^^^^^^^^
  File "/opt/venv/lib/python3.14/site-packages/aiohttp/client.py", line 734, in _connect_and_send_request
    conn = await self._connector.connect(
           ^^^^^^^^^^^^^^^^^^^^^^^^^^^^^^
        req, traces=traces, timeout=real_timeout
        ^^^^^^^^^^^^^^^^^^^^^^^^^^^^^^^^^^^^^^^^
    )
    ^
  File "/opt/venv/lib/python3.14/site-packages/aiohttp/connector.py", line 642, in connect
    proto = await self._create_connection(req, traces, timeout)
            ^^^^^^^^^^^^^^^^^^^^^^^^^^^^^^^^^^^^^^^^^^^^^^^^^^^
  File "/opt/venv/lib/python3.14/site-packages/aiohttp/connector.py", line 1209, in _create_connection
    _, proto = await self._create_direct_connection(req, traces, timeout)
               ^^^^^^^^^^^^^^^^^^^^^^^^^^^^^^^^^^^^^^^^^^^^^^^^^^^^^^^^^^
  File "/opt/venv/lib/python3.14/site-packages/aiohttp/connector.py", line 1538, in _create_direct_connection
    raise ClientConnectorDNSError(req.connection_key, exc) from exc
aiohttp.client_exceptions.ClientConnectorDNSError: Cannot connect to host gateway.discord.gg:443 ssl:default [Try again]
[2026-01-25 17:50:28] ERROR discord.shard: Attempting a reconnect for shard ID 0 in 15.63s
Traceback (most recent call last):
  File "/opt/venv/lib/python3.14/site-packages/aiohttp/connector.py", line 1532, in _create_direct_connection
    hosts = await self._resolve_host(host, port, traces=traces)
            ^^^^^^^^^^^^^^^^^^^^^^^^^^^^^^^^^^^^^^^^^^^^^^^^^^^
  File "/opt/venv/lib/python3.14/site-packages/aiohttp/connector.py", line 1148, in _resolve_host
    return await asyncio.shield(resolved_host_task)
           ^^^^^^^^^^^^^^^^^^^^^^^^^^^^^^^^^^^^^^^^
  File "/opt/venv/lib/python3.14/site-packages/aiohttp/connector.py", line 1179, in _resolve_host_with_throttle
    addrs = await self._resolver.resolve(host, port, family=self._family)
            ^^^^^^^^^^^^^^^^^^^^^^^^^^^^^^^^^^^^^^^^^^^^^^^^^^^^^^^^^^^^^
  File "/opt/venv/lib/python3.14/site-packages/aiohttp/resolver.py", line 40, in resolve
    infos = await self._loop.getaddrinfo(
            ^^^^^^^^^^^^^^^^^^^^^^^^^^^^^
    ...<5 lines>...
    )
    ^
  File "/usr/local/lib/python3.14/asyncio/base_events.py", line 936, in getaddrinfo
    return await self.run_in_executor(
           ^^^^^^^^^^^^^^^^^^^^^^^^^^^
        None, getaddr_func, host, port, family, type, proto, flags)
        ^^^^^^^^^^^^^^^^^^^^^^^^^^^^^^^^^^^^^^^^^^^^^^^^^^^^^^^^^^^
  File "/usr/local/lib/python3.14/concurrent/futures/thread.py", line 86, in run
    result = ctx.run(self.task)
  File "/usr/local/lib/python3.14/concurrent/futures/thread.py", line 73, in run
    return fn(*args, **kwargs)
  File "/usr/local/lib/python3.14/socket.py", line 983, in getaddrinfo
    for res in _socket.getaddrinfo(host, port, family, type, proto, flags):
               ~~~~~~~~~~~~~~~~~~~^^^^^^^^^^^^^^^^^^^^^^^^^^^^^^^^^^^^^^^^
socket.gaierror: [Errno -3] Try again

The above exception was the direct cause of the following exception:

Traceback (most recent call last):
  File "/opt/venv/lib/python3.14/site-packages/discord/shard.py", line 219, in reconnect
    self.ws = await asyncio.wait_for(coro, timeout=60.0)
              ^^^^^^^^^^^^^^^^^^^^^^^^^^^^^^^^^^^^^^^^^^
  File "/usr/local/lib/python3.14/asyncio/tasks.py", line 488, in wait_for
    return await fut
           ^^^^^^^^^
  File "/opt/venv/lib/python3.14/site-packages/discord/gateway.py", line 383, in from_client
    socket = await client.http.ws_connect(str(url))
             ^^^^^^^^^^^^^^^^^^^^^^^^^^^^^^^^^^^^^^
  File "/opt/venv/lib/python3.14/site-packages/discord/http.py", line 566, in ws_connect
    return await self.__session.ws_connect(url, **kwargs)
           ^^^^^^^^^^^^^^^^^^^^^^^^^^^^^^^^^^^^^^^^^^^^^^
  File "/opt/venv/lib/python3.14/site-packages/aiohttp/client.py", line 1076, in _ws_connect
    resp = await self.request(
           ^^^^^^^^^^^^^^^^^^^
    ...<11 lines>...
    )
    ^
  File "/opt/venv/lib/python3.14/site-packages/aiohttp/client.py", line 779, in _request
    resp = await handler(req)
           ^^^^^^^^^^^^^^^^^^
  File "/opt/venv/lib/python3.14/site-packages/aiohttp/client.py", line 734, in _connect_and_send_request
    conn = await self._connector.connect(
           ^^^^^^^^^^^^^^^^^^^^^^^^^^^^^^
        req, traces=traces, timeout=real_timeout
        ^^^^^^^^^^^^^^^^^^^^^^^^^^^^^^^^^^^^^^^^
    )
    ^
  File "/opt/venv/lib/python3.14/site-packages/aiohttp/connector.py", line 642, in connect
    proto = await self._create_connection(req, traces, timeout)
            ^^^^^^^^^^^^^^^^^^^^^^^^^^^^^^^^^^^^^^^^^^^^^^^^^^^
  File "/opt/venv/lib/python3.14/site-packages/aiohttp/connector.py", line 1209, in _create_connection
    _, proto = await self._create_direct_connection(req, traces, timeout)
               ^^^^^^^^^^^^^^^^^^^^^^^^^^^^^^^^^^^^^^^^^^^^^^^^^^^^^^^^^^
  File "/opt/venv/lib/python3.14/site-packages/aiohttp/connector.py", line 1538, in _create_direct_connection
    raise ClientConnectorDNSError(req.connection_key, exc) from exc
aiohttp.client_exceptions.ClientConnectorDNSError: Cannot connect to host gateway.discord.gg:443 ssl:default [Try again]
[2026-01-25 17:50:49] ERROR discord.shard: Attempting a reconnect for shard ID 0 in 28.67s
Traceback (most recent call last):
  File "/opt/venv/lib/python3.14/site-packages/aiohttp/connector.py", line 1532, in _create_direct_connection
    hosts = await self._resolve_host(host, port, traces=traces)
            ^^^^^^^^^^^^^^^^^^^^^^^^^^^^^^^^^^^^^^^^^^^^^^^^^^^
  File "/opt/venv/lib/python3.14/site-packages/aiohttp/connector.py", line 1148, in _resolve_host
    return await asyncio.shield(resolved_host_task)
           ^^^^^^^^^^^^^^^^^^^^^^^^^^^^^^^^^^^^^^^^
  File "/opt/venv/lib/python3.14/site-packages/aiohttp/connector.py", line 1179, in _resolve_host_with_throttle
    addrs = await self._resolver.resolve(host, port, family=self._family)
            ^^^^^^^^^^^^^^^^^^^^^^^^^^^^^^^^^^^^^^^^^^^^^^^^^^^^^^^^^^^^^
  File "/opt/venv/lib/python3.14/site-packages/aiohttp/resolver.py", line 40, in resolve
    infos = await self._loop.getaddrinfo(
            ^^^^^^^^^^^^^^^^^^^^^^^^^^^^^
    ...<5 lines>...
    )
    ^
  File "/usr/local/lib/python3.14/asyncio/base_events.py", line 936, in getaddrinfo
    return await self.run_in_executor(
           ^^^^^^^^^^^^^^^^^^^^^^^^^^^
        None, getaddr_func, host, port, family, type, proto, flags)
        ^^^^^^^^^^^^^^^^^^^^^^^^^^^^^^^^^^^^^^^^^^^^^^^^^^^^^^^^^^^
  File "/usr/local/lib/python3.14/concurrent/futures/thread.py", line 86, in run
    result = ctx.run(self.task)
  File "/usr/local/lib/python3.14/concurrent/futures/thread.py", line 73, in run
    return fn(*args, **kwargs)
  File "/usr/local/lib/python3.14/socket.py", line 983, in getaddrinfo
    for res in _socket.getaddrinfo(host, port, family, type, proto, flags):
               ~~~~~~~~~~~~~~~~~~~^^^^^^^^^^^^^^^^^^^^^^^^^^^^^^^^^^^^^^^^
socket.gaierror: [Errno -3] Try again

The above exception was the direct cause of the following exception:

Traceback (most recent call last):
  File "/opt/venv/lib/python3.14/site-packages/discord/shard.py", line 219, in reconnect
    self.ws = await asyncio.wait_for(coro, timeout=60.0)
              ^^^^^^^^^^^^^^^^^^^^^^^^^^^^^^^^^^^^^^^^^^
  File "/usr/local/lib/python3.14/asyncio/tasks.py", line 488, in wait_for
    return await fut
           ^^^^^^^^^
  File "/opt/venv/lib/python3.14/site-packages/discord/gateway.py", line 383, in from_client
    socket = await client.http.ws_connect(str(url))
             ^^^^^^^^^^^^^^^^^^^^^^^^^^^^^^^^^^^^^^
  File "/opt/venv/lib/python3.14/site-packages/discord/http.py", line 566, in ws_connect
    return await self.__session.ws_connect(url, **kwargs)
           ^^^^^^^^^^^^^^^^^^^^^^^^^^^^^^^^^^^^^^^^^^^^^^
  File "/opt/venv/lib/python3.14/site-packages/aiohttp/client.py", line 1076, in _ws_connect
    resp = await self.request(
           ^^^^^^^^^^^^^^^^^^^
    ...<11 lines>...
    )
    ^
  File "/opt/venv/lib/python3.14/site-packages/aiohttp/client.py", line 779, in _request
    resp = await handler(req)
           ^^^^^^^^^^^^^^^^^^
  File "/opt/venv/lib/python3.14/site-packages/aiohttp/client.py", line 734, in _connect_and_send_request
    conn = await self._connector.connect(
           ^^^^^^^^^^^^^^^^^^^^^^^^^^^^^^
        req, traces=traces, timeout=real_timeout
        ^^^^^^^^^^^^^^^^^^^^^^^^^^^^^^^^^^^^^^^^
    )
    ^
  File "/opt/venv/lib/python3.14/site-packages/aiohttp/connector.py", line 642, in connect
    proto = await self._create_connection(req, traces, timeout)
            ^^^^^^^^^^^^^^^^^^^^^^^^^^^^^^^^^^^^^^^^^^^^^^^^^^^
  File "/opt/venv/lib/python3.14/site-packages/aiohttp/connector.py", line 1209, in _create_connection
    _, proto = await self._create_direct_connection(req, traces, timeout)
               ^^^^^^^^^^^^^^^^^^^^^^^^^^^^^^^^^^^^^^^^^^^^^^^^^^^^^^^^^^
  File "/opt/venv/lib/python3.14/site-packages/aiohttp/connector.py", line 1538, in _create_direct_connection
    raise ClientConnectorDNSError(req.connection_key, exc) from exc
aiohttp.client_exceptions.ClientConnectorDNSError: Cannot connect to host gateway.discord.gg:443 ssl:default [Try again]
[2026-01-25 17:51:22] ERROR discord.shard: Attempting a reconnect for shard ID 0 in 73.15s
Traceback (most recent call last):
  File "/opt/venv/lib/python3.14/site-packages/aiohttp/connector.py", line 1532, in _create_direct_connection
    hosts = await self._resolve_host(host, port, traces=traces)
            ^^^^^^^^^^^^^^^^^^^^^^^^^^^^^^^^^^^^^^^^^^^^^^^^^^^
  File "/opt/venv/lib/python3.14/site-packages/aiohttp/connector.py", line 1148, in _resolve_host
    return await asyncio.shield(resolved_host_task)
           ^^^^^^^^^^^^^^^^^^^^^^^^^^^^^^^^^^^^^^^^
  File "/opt/venv/lib/python3.14/site-packages/aiohttp/connector.py", line 1179, in _resolve_host_with_throttle
    addrs = await self._resolver.resolve(host, port, family=self._family)
            ^^^^^^^^^^^^^^^^^^^^^^^^^^^^^^^^^^^^^^^^^^^^^^^^^^^^^^^^^^^^^
  File "/opt/venv/lib/python3.14/site-packages/aiohttp/resolver.py", line 40, in resolve
    infos = await self._loop.getaddrinfo(
            ^^^^^^^^^^^^^^^^^^^^^^^^^^^^^
    ...<5 lines>...
    )
    ^
  File "/usr/local/lib/python3.14/asyncio/base_events.py", line 936, in getaddrinfo
    return await self.run_in_executor(
           ^^^^^^^^^^^^^^^^^^^^^^^^^^^
        None, getaddr_func, host, port, family, type, proto, flags)
        ^^^^^^^^^^^^^^^^^^^^^^^^^^^^^^^^^^^^^^^^^^^^^^^^^^^^^^^^^^^
  File "/usr/local/lib/python3.14/concurrent/futures/thread.py", line 86, in run
    result = ctx.run(self.task)
  File "/usr/local/lib/python3.14/concurrent/futures/thread.py", line 73, in run
    return fn(*args, **kwargs)
  File "/usr/local/lib/python3.14/socket.py", line 983, in getaddrinfo
    for res in _socket.getaddrinfo(host, port, family, type, proto, flags):
               ~~~~~~~~~~~~~~~~~~~^^^^^^^^^^^^^^^^^^^^^^^^^^^^^^^^^^^^^^^^
socket.gaierror: [Errno -3] Try again

The above exception was the direct cause of the following exception:

Traceback (most recent call last):
  File "/opt/venv/lib/python3.14/site-packages/discord/shard.py", line 219, in reconnect
    self.ws = await asyncio.wait_for(coro, timeout=60.0)
              ^^^^^^^^^^^^^^^^^^^^^^^^^^^^^^^^^^^^^^^^^^
  File "/usr/local/lib/python3.14/asyncio/tasks.py", line 488, in wait_for
    return await fut
           ^^^^^^^^^
  File "/opt/venv/lib/python3.14/site-packages/discord/gateway.py", line 383, in from_client
    socket = await client.http.ws_connect(str(url))
             ^^^^^^^^^^^^^^^^^^^^^^^^^^^^^^^^^^^^^^
  File "/opt/venv/lib/python3.14/site-packages/discord/http.py", line 566, in ws_connect
    return await self.__session.ws_connect(url, **kwargs)
           ^^^^^^^^^^^^^^^^^^^^^^^^^^^^^^^^^^^^^^^^^^^^^^
  File "/opt/venv/lib/python3.14/site-packages/aiohttp/client.py", line 1076, in _ws_connect
    resp = await self.request(
           ^^^^^^^^^^^^^^^^^^^
    ...<11 lines>...
    )
    ^
  File "/opt/venv/lib/python3.14/site-packages/aiohttp/client.py", line 779, in _request
    resp = await handler(req)
           ^^^^^^^^^^^^^^^^^^
  File "/opt/venv/lib/python3.14/site-packages/aiohttp/client.py", line 734, in _connect_and_send_request
    conn = await self._connector.connect(
           ^^^^^^^^^^^^^^^^^^^^^^^^^^^^^^
        req, traces=traces, timeout=real_timeout
        ^^^^^^^^^^^^^^^^^^^^^^^^^^^^^^^^^^^^^^^^
    )
    ^
  File "/opt/venv/lib/python3.14/site-packages/aiohttp/connector.py", line 642, in connect
    proto = await self._create_connection(req, traces, timeout)
            ^^^^^^^^^^^^^^^^^^^^^^^^^^^^^^^^^^^^^^^^^^^^^^^^^^^
  File "/opt/venv/lib/python3.14/site-packages/aiohttp/connector.py", line 1209, in _create_connection
    _, proto = await self._create_direct_connection(req, traces, timeout)
               ^^^^^^^^^^^^^^^^^^^^^^^^^^^^^^^^^^^^^^^^^^^^^^^^^^^^^^^^^^
  File "/opt/venv/lib/python3.14/site-packages/aiohttp/connector.py", line 1538, in _create_direct_connection
    raise ClientConnectorDNSError(req.connection_key, exc) from exc
aiohttp.client_exceptions.ClientConnectorDNSError: Cannot connect to host gateway.discord.gg:443 ssl:default [Try again]
[2026-01-25 17:52:41] ERROR discord.shard: Attempting a reconnect for shard ID 0 in 74.14s
Traceback (most recent call last):
  File "/opt/venv/lib/python3.14/site-packages/aiohttp/connector.py", line 1532, in _create_direct_connection
    hosts = await self._resolve_host(host, port, traces=traces)
            ^^^^^^^^^^^^^^^^^^^^^^^^^^^^^^^^^^^^^^^^^^^^^^^^^^^
  File "/opt/venv/lib/python3.14/site-packages/aiohttp/connector.py", line 1148, in _resolve_host
    return await asyncio.shield(resolved_host_task)
           ^^^^^^^^^^^^^^^^^^^^^^^^^^^^^^^^^^^^^^^^
  File "/opt/venv/lib/python3.14/site-packages/aiohttp/connector.py", line 1179, in _resolve_host_with_throttle
    addrs = await self._resolver.resolve(host, port, family=self._family)
            ^^^^^^^^^^^^^^^^^^^^^^^^^^^^^^^^^^^^^^^^^^^^^^^^^^^^^^^^^^^^^
  File "/opt/venv/lib/python3.14/site-packages/aiohttp/resolver.py", line 40, in resolve
    infos = await self._loop.getaddrinfo(
            ^^^^^^^^^^^^^^^^^^^^^^^^^^^^^
    ...<5 lines>...
    )
    ^
  File "/usr/local/lib/python3.14/asyncio/base_events.py", line 936, in getaddrinfo
    return await self.run_in_executor(
           ^^^^^^^^^^^^^^^^^^^^^^^^^^^
        None, getaddr_func, host, port, family, type, proto, flags)
        ^^^^^^^^^^^^^^^^^^^^^^^^^^^^^^^^^^^^^^^^^^^^^^^^^^^^^^^^^^^
  File "/usr/local/lib/python3.14/concurrent/futures/thread.py", line 86, in run
    result = ctx.run(self.task)
  File "/usr/local/lib/python3.14/concurrent/futures/thread.py", line 73, in run
    return fn(*args, **kwargs)
  File "/usr/local/lib/python3.14/socket.py", line 983, in getaddrinfo
    for res in _socket.getaddrinfo(host, port, family, type, proto, flags):
               ~~~~~~~~~~~~~~~~~~~^^^^^^^^^^^^^^^^^^^^^^^^^^^^^^^^^^^^^^^^
socket.gaierror: [Errno -3] Try again

The above exception was the direct cause of the following exception:

Traceback (most recent call last):
  File "/opt/venv/lib/python3.14/site-packages/discord/shard.py", line 219, in reconnect
    self.ws = await asyncio.wait_for(coro, timeout=60.0)
              ^^^^^^^^^^^^^^^^^^^^^^^^^^^^^^^^^^^^^^^^^^
  File "/usr/local/lib/python3.14/asyncio/tasks.py", line 488, in wait_for
    return await fut
           ^^^^^^^^^
  File "/opt/venv/lib/python3.14/site-packages/discord/gateway.py", line 383, in from_client
    socket = await client.http.ws_connect(str(url))
             ^^^^^^^^^^^^^^^^^^^^^^^^^^^^^^^^^^^^^^
  File "/opt/venv/lib/python3.14/site-packages/discord/http.py", line 566, in ws_connect
    return await self.__session.ws_connect(url, **kwargs)
           ^^^^^^^^^^^^^^^^^^^^^^^^^^^^^^^^^^^^^^^^^^^^^^
  File "/opt/venv/lib/python3.14/site-packages/aiohttp/client.py", line 1076, in _ws_connect
    resp = await self.request(
           ^^^^^^^^^^^^^^^^^^^
    ...<11 lines>...
    )
    ^
  File "/opt/venv/lib/python3.14/site-packages/aiohttp/client.py", line 779, in _request
    resp = await handler(req)
           ^^^^^^^^^^^^^^^^^^
  File "/opt/venv/lib/python3.14/site-packages/aiohttp/client.py", line 734, in _connect_and_send_request
    conn = await self._connector.connect(
           ^^^^^^^^^^^^^^^^^^^^^^^^^^^^^^
        req, traces=traces, timeout=real_timeout
        ^^^^^^^^^^^^^^^^^^^^^^^^^^^^^^^^^^^^^^^^
    )
    ^
  File "/opt/venv/lib/python3.14/site-packages/aiohttp/connector.py", line 642, in connect
    proto = await self._create_connection(req, traces, timeout)
            ^^^^^^^^^^^^^^^^^^^^^^^^^^^^^^^^^^^^^^^^^^^^^^^^^^^
  File "/opt/venv/lib/python3.14/site-packages/aiohttp/connector.py", line 1209, in _create_connection
    _, proto = await self._create_direct_connection(req, traces, timeout)
               ^^^^^^^^^^^^^^^^^^^^^^^^^^^^^^^^^^^^^^^^^^^^^^^^^^^^^^^^^^
  File "/opt/venv/lib/python3.14/site-packages/aiohttp/connector.py", line 1538, in _create_direct_connection
    raise ClientConnectorDNSError(req.connection_key, exc) from exc
aiohttp.client_exceptions.ClientConnectorDNSError: Cannot connect to host gateway.discord.gg:443 ssl:default [Try again]
[2026-01-25 17:54:02] INFO discord.gateway: Shard ID 0 has connected to Gateway (Session ID: 3657f95efc4a9aeea86d4db76795f2ff).
[2026-01-25 18:37:15] WARNING ballsdex.packages.countryballs: Missing permission to spawn ball in channel ocdex～💳.
[2026-01-25 19:59:50] WARNING ballsdex.packages.countryballs: Missing permission to spawn ball in channel ocdex～💳.
[2026-01-25 20:56:12] INFO discord.gateway: Shard ID 0 has successfully RESUMED session 3657f95efc4a9aeea86d4db76795f2ff.
[2026-01-25 21:37:23] WARNING ballsdex.packages.countryballs: Missing permission to spawn ball in channel ocdex～💳.
[2026-01-25 21:55:01] WARNING ballsdex.packages.countryballs: Missing permission to spawn ball in channel ocdex～💳.
[2026-01-25 22:35:27] WARNING ballsdex.packages.countryballs: Missing permission to spawn ball in channel ocdex～💳.
[2026-01-25 22:42:35] INFO discord.gateway: Shard ID 0 has successfully RESUMED session 3657f95efc4a9aeea86d4db76795f2ff.
[2026-01-26 01:22:28] INFO discord.gateway: Shard ID 0 has successfully RESUMED session 3657f95efc4a9aeea86d4db76795f2ff.
[2026-01-26 02:32:26] INFO discord.gateway: Shard ID 0 has successfully RESUMED session 3657f95efc4a9aeea86d4db76795f2ff.
[2026-01-26 05:16:18] INFO discord.gateway: Shard ID 0 has successfully RESUMED session 3657f95efc4a9aeea86d4db76795f2ff.
[2026-01-26 08:28:06] INFO discord.gateway: Shard ID 0 has successfully RESUMED session 3657f95efc4a9aeea86d4db76795f2ff.
[2026-01-26 08:55:09] INFO discord.gateway: Shard ID 0 has successfully RESUMED session 3657f95efc4a9aeea86d4db76795f2ff.
[2026-01-26 10:00:23] WARNING ballsdex.packages.countryballs: Missing permission to spawn ball in channel ocdex～💳.
[2026-01-26 10:45:32] INFO discord.gateway: Shard ID 0 has successfully RESUMED session 3657f95efc4a9aeea86d4db76795f2ff.
[2026-01-26 14:00:44] INFO discord.gateway: Shard ID 0 has successfully RESUMED session 3657f95efc4a9aeea86d4db76795f2ff.
[2026-01-26 15:06:17] INFO discord.gateway: Shard ID 0 has successfully RESUMED session 3657f95efc4a9aeea86d4db76795f2ff.
[2026-01-26 17:13:37] INFO discord.gateway: Shard ID 0 has successfully RESUMED session 3657f95efc4a9aeea86d4db76795f2ff.
[2026-01-26 18:57:52] WARNING ballsdex.packages.countryballs: Missing permission to spawn ball in channel ocdex～💳.
[2026-01-26 19:40:34] INFO discord.gateway: Shard ID 0 has successfully RESUMED session 3657f95efc4a9aeea86d4db76795f2ff.
[2026-01-26 19:40:56] WARNING ballsdex.packages.countryballs: Missing permission to spawn ball in channel ocdex～💳.
[2026-01-26 20:26:22] WARNING ballsdex.packages.countryballs: Missing permission to spawn ball in channel ocdex～💳.
[2026-01-26 23:10:10] INFO discord.gateway: Shard ID 0 has successfully RESUMED session 3657f95efc4a9aeea86d4db76795f2ff.
[2026-01-27 02:04:25] INFO discord.gateway: Shard ID 0 has successfully RESUMED session 3657f95efc4a9aeea86d4db76795f2ff.
[2026-01-27 02:25:11] WARNING ballsdex.packages.countryballs: Missing permission to spawn ball in channel ocdex～💳.
[2026-01-27 02:37:04] WARNING ballsdex.packages.countryballs: Missing permission to spawn ball in channel ocdex～💳.
[2026-01-27 04:34:45] INFO discord.gateway: Shard ID 0 has successfully RESUMED session 3657f95efc4a9aeea86d4db76795f2ff.
[2026-01-27 06:03:36] INFO discord.gateway: Shard ID 0 has successfully RESUMED session 3657f95efc4a9aeea86d4db76795f2ff.
[2026-01-27 06:52:18] INFO discord.gateway: Shard ID 0 has successfully RESUMED session 3657f95efc4a9aeea86d4db76795f2ff.
[2026-01-27 07:54:19] INFO discord.gateway: Shard ID 0 has successfully RESUMED session 3657f95efc4a9aeea86d4db76795f2ff.
[2026-01-27 10:32:07] WARNING ballsdex.packages.countryballs: Missing permission to spawn ball in channel ocdex～💳.
[2026-01-27 10:35:13] INFO discord.gateway: Shard ID 0 has successfully RESUMED session 3657f95efc4a9aeea86d4db76795f2ff.
[2026-01-27 11:44:00] INFO discord.gateway: Shard ID 0 has successfully RESUMED session 3657f95efc4a9aeea86d4db76795f2ff.
[2026-01-27 12:38:25] WARNING ballsdex.packages.countryballs: Missing permission to spawn ball in channel ocdex～💳.
[2026-01-27 14:20:57] INFO discord.gateway: Shard ID 0 has successfully RESUMED session 3657f95efc4a9aeea86d4db76795f2ff.
[2026-01-27 15:42:56] INFO discord.gateway: Shard ID 0 has successfully RESUMED session 3657f95efc4a9aeea86d4db76795f2ff.
[2026-01-27 15:45:47] WARNING ballsdex.packages.countryballs: Missing permission to spawn ball in channel ocdex～💳.
[2026-01-27 16:26:01] INFO discord.gateway: Shard ID 0 has successfully RESUMED session 3657f95efc4a9aeea86d4db76795f2ff.
[2026-01-27 16:30:22] WARNING ballsdex.packages.countryballs: Missing permission to spawn ball in channel ocdex～💳.
[2026-01-27 16:44:31] INFO discord.gateway: Shard ID 0 has successfully RESUMED session 3657f95efc4a9aeea86d4db76795f2ff.
[2026-01-27 16:57:26] WARNING ballsdex.packages.countryballs: Missing permission to spawn ball in channel ocdex～💳.
[2026-01-27 17:07:35] WARNING ballsdex.packages.countryballs: Missing permission to spawn ball in channel ocdex～💳.
[2026-01-27 19:03:44] INFO discord.gateway: Shard ID 0 has successfully RESUMED session 3657f95efc4a9aeea86d4db76795f2ff.
[2026-01-27 20:49:47] WARNING ballsdex.packages.countryballs: Missing permission to spawn ball in channel ocdex～💳.
[2026-01-27 20:50:03] WARNING ballsdex.packages.countryballs: Missing permission to spawn ball in channel ocdex～💳.
[2026-01-27 20:52:16] WARNING ballsdex.packages.countryballs: Missing permission to spawn ball in channel ocdex～💳.
[2026-01-27 21:24:11] INFO discord.gateway: Shard ID 0 has successfully RESUMED session 3657f95efc4a9aeea86d4db76795f2ff.
[2026-01-27 21:26:34] INFO discord.gateway: Shard ID 0 has successfully RESUMED session 3657f95efc4a9aeea86d4db76795f2ff.
[2026-01-27 22:40:28] WARNING ballsdex.packages.countryballs: Missing permission to spawn ball in channel ocdex～💳.
[2026-01-27 23:37:42] INFO discord.gateway: Shard ID 0 has successfully RESUMED session 3657f95efc4a9aeea86d4db76795f2ff.
[2026-01-28 01:04:06] INFO discord.gateway: Shard ID 0 has successfully RESUMED session 3657f95efc4a9aeea86d4db76795f2ff.
[2026-01-28 03:13:20] WARNING ballsdex.packages.countryballs: Missing permission to spawn ball in channel ocdex～💳.
[2026-01-28 03:23:47] INFO discord.gateway: Shard ID 0 has successfully RESUMED session 3657f95efc4a9aeea86d4db76795f2ff.
[2026-01-28 04:41:51] INFO discord.gateway: Shard ID 0 has successfully RESUMED session 3657f95efc4a9aeea86d4db76795f2ff.
[2026-01-28 07:29:49] INFO discord.gateway: Shard ID 0 has successfully RESUMED session 3657f95efc4a9aeea86d4db76795f2ff.
[2026-01-28 10:49:08] INFO discord.gateway: Shard ID 0 has successfully RESUMED session 3657f95efc4a9aeea86d4db76795f2ff.
[2026-01-28 11:42:20] INFO discord.gateway: Shard ID 0 has successfully RESUMED session 3657f95efc4a9aeea86d4db76795f2ff.
[2026-01-28 12:37:12] INFO discord.gateway: Shard ID 0 has successfully RESUMED session 3657f95efc4a9aeea86d4db76795f2ff.
[2026-01-28 12:37:41] WARNING ballsdex.packages.countryballs: Missing permission to spawn ball in channel ocdex～💳.
[2026-01-28 13:59:34] INFO discord.gateway: Shard ID 0 has successfully RESUMED session 3657f95efc4a9aeea86d4db76795f2ff.
[2026-01-28 15:03:45] INFO discord.gateway: Shard ID 0 has successfully RESUMED session 3657f95efc4a9aeea86d4db76795f2ff.
[2026-01-28 15:45:54] INFO discord.gateway: Shard ID 0 has successfully RESUMED session 3657f95efc4a9aeea86d4db76795f2ff.
[2026-01-28 19:39:36] INFO discord.gateway: Shard ID 0 has successfully RESUMED session 3657f95efc4a9aeea86d4db76795f2ff.
[2026-01-28 19:47:53] INFO discord.gateway: Shard ID 0 has successfully RESUMED session 3657f95efc4a9aeea86d4db76795f2ff.
[2026-01-28 20:33:40] WARNING ballsdex.packages.countryballs: Missing permission to spawn ball in channel ocdex～💳.
[2026-01-28 21:41:03] INFO discord.gateway: Shard ID 0 has successfully RESUMED session 3657f95efc4a9aeea86d4db76795f2ff.
[2026-01-28 22:55:12] INFO discord.gateway: Shard ID 0 has successfully RESUMED session 3657f95efc4a9aeea86d4db76795f2ff.
[2026-01-28 23:19:56] WARNING ballsdex.packages.countryballs: Missing permission to spawn ball in channel ocdex～💳.
[2026-01-28 23:26:16] INFO discord.gateway: Shard ID 0 has successfully RESUMED session 3657f95efc4a9aeea86d4db76795f2ff.
[2026-01-29 02:21:19] INFO discord.gateway: Shard ID 0 has successfully RESUMED session 3657f95efc4a9aeea86d4db76795f2ff.
[2026-01-29 03:02:33] INFO discord.gateway: Shard ID 0 has successfully RESUMED session 3657f95efc4a9aeea86d4db76795f2ff.
[2026-01-29 03:03:23] WARNING ballsdex.packages.countryballs: Missing permission to spawn ball in channel ocdex～💳.
[2026-01-29 05:16:34] INFO discord.gateway: Shard ID 0 has successfully RESUMED session 3657f95efc4a9aeea86d4db76795f2ff.
[2026-01-29 07:29:33] INFO discord.gateway: Shard ID 0 has successfully RESUMED session 3657f95efc4a9aeea86d4db76795f2ff.
[2026-01-29 08:34:05] INFO discord.gateway: Shard ID 0 has successfully RESUMED session 3657f95efc4a9aeea86d4db76795f2ff.
[2026-01-29 08:41:24] INFO discord.gateway: Shard ID 0 has successfully RESUMED session 3657f95efc4a9aeea86d4db76795f2ff.
[2026-01-29 08:49:39] INFO discord.gateway: Shard ID 0 has successfully RESUMED session 3657f95efc4a9aeea86d4db76795f2ff.
[2026-01-29 08:52:25] INFO discord.gateway: Shard ID 0 has successfully RESUMED session 3657f95efc4a9aeea86d4db76795f2ff.
[2026-01-29 10:41:45] INFO discord.gateway: Shard ID 0 has successfully RESUMED session 3657f95efc4a9aeea86d4db76795f2ff.
[2026-01-29 11:13:13] INFO discord.gateway: Shard ID 0 has successfully RESUMED session 3657f95efc4a9aeea86d4db76795f2ff.
[2026-02-01 16:27:54] INFO uvicorn.error: Started server process [1]
[2026-02-01 16:27:54] INFO uvicorn.error: Waiting for application startup.
[2026-02-01 16:27:54] INFO uvicorn.error: ASGI 'lifespan' protocol appears unsupported.
[2026-02-01 16:27:54] INFO uvicorn.error: Application startup complete.
[2026-02-01 16:27:54] INFO uvicorn.error: Uvicorn running on http://0.0.0.0:8000 (Press CTRL+C to quit)
[2026-02-01 16:27:55] INFO settings.apps: Settings read successfully.
[2026-02-01 16:27:57] INFO ballsdex: Initialized bot, connecting to Discord...
[2026-02-01 16:27:57] INFO discord.client: logging in using static token
[2026-02-01 16:27:59] INFO ballsdex.core.bot: Starting up with None shards...
[2026-02-01 16:28:01] INFO discord.gateway: Shard ID 0 has connected to Gateway (Session ID: cef81da5db5b464c293c2691bf013a23).
[2026-02-01 16:28:03] INFO ballsdex.core.bot: Successfully logged in as OCDEX#2184 (1459614981937954931)!
[2026-02-01 16:28:03] INFO ballsdex.core.bot: lomadinthe2nd is the owner of this bot.
[2026-02-01 16:28:05] INFO ballsdex.core.bot: Cache loaded, summary displayed below:
[2026-02-01 16:28:05] INFO ballsdex.core.bot: Loading packages...
[2026-02-01 16:28:08] INFO ballsdex.packages.countryballs: Loaded 2 guilds in cache.
[2026-02-01 16:28:11] INFO ballsdex.core.bot: Packages loaded: admin, balls, guildconfig, countryballs, info, players, trade
[2026-02-01 16:28:11] INFO ballsdex.core.bot: Syncing global commands...
[2026-02-01 16:28:14] INFO ballsdex.core.bot: Synced 7 global commands.
[2026-02-01 16:31:30] ERROR django.security.DisallowedHost: Invalid HTTP_HOST header: '8fd524cb5ec4.ngrok-free.app'. You may need to add '8fd524cb5ec4.ngrok-free.app' to ALLOWED_HOSTS.
Traceback (most recent call last):
  File "/opt/venv/lib/python3.14/site-packages/django/core/handlers/exception.py", line 55, in inner
    response = get_response(request)
  File "/opt/venv/lib/python3.14/site-packages/django/utils/deprecation.py", line 308, in __call__
    response = self.process_request(request)
  File "/opt/venv/lib/python3.14/site-packages/django/middleware/common.py", line 48, in process_request
    host = request.get_host()
  File "/opt/venv/lib/python3.14/site-packages/django/http/request.py", line 205, in get_host
    raise DisallowedHost(msg)
django.core.exceptions.DisallowedHost: Invalid HTTP_HOST header: '8fd524cb5ec4.ngrok-free.app'. You may need to add '8fd524cb5ec4.ngrok-free.app' to ALLOWED_HOSTS.
[2026-02-01 16:31:30] INFO uvicorn.access: 172.19.0.3:36890 - "GET / HTTP/1.0" 400
[2026-02-01 16:32:41] ERROR django.security.DisallowedHost: Invalid HTTP_HOST header: '8fd524cb5ec4.ngrok-free.app'. You may need to add '8fd524cb5ec4.ngrok-free.app' to ALLOWED_HOSTS.
Traceback (most recent call last):
  File "/opt/venv/lib/python3.14/site-packages/django/core/handlers/exception.py", line 55, in inner
    response = get_response(request)
  File "/opt/venv/lib/python3.14/site-packages/django/utils/deprecation.py", line 308, in __call__
    response = self.process_request(request)
  File "/opt/venv/lib/python3.14/site-packages/django/middleware/common.py", line 48, in process_request
    host = request.get_host()
  File "/opt/venv/lib/python3.14/site-packages/django/http/request.py", line 205, in get_host
    raise DisallowedHost(msg)
django.core.exceptions.DisallowedHost: Invalid HTTP_HOST header: '8fd524cb5ec4.ngrok-free.app'. You may need to add '8fd524cb5ec4.ngrok-free.app' to ALLOWED_HOSTS.
[2026-02-01 16:32:41] INFO uvicorn.access: 172.19.0.3:46142 - "GET / HTTP/1.0" 400
[2026-02-01 16:32:42] ERROR django.security.DisallowedHost: Invalid HTTP_HOST header: '8fd524cb5ec4.ngrok-free.app'. You may need to add '8fd524cb5ec4.ngrok-free.app' to ALLOWED_HOSTS.
Traceback (most recent call last):
  File "/opt/venv/lib/python3.14/site-packages/django/core/handlers/exception.py", line 55, in inner
    response = get_response(request)
  File "/opt/venv/lib/python3.14/site-packages/django/utils/deprecation.py", line 308, in __call__
    response = self.process_request(request)
  File "/opt/venv/lib/python3.14/site-packages/django/middleware/common.py", line 48, in process_request
    host = request.get_host()
  File "/opt/venv/lib/python3.14/site-packages/django/http/request.py", line 205, in get_host
    raise DisallowedHost(msg)
django.core.exceptions.DisallowedHost: Invalid HTTP_HOST header: '8fd524cb5ec4.ngrok-free.app'. You may need to add '8fd524cb5ec4.ngrok-free.app' to ALLOWED_HOSTS.
[2026-02-01 16:32:42] INFO uvicorn.access: 172.19.0.3:46152 - "GET /favicon.ico HTTP/1.0" 400
[2026-02-01 16:33:34] INFO ballsdex: Received SIGTERM, stopping the bot...
[2026-02-01 16:33:38] INFO uvicorn.error: Shutting down
[2026-02-01 16:33:39] INFO uvicorn.error: Finished server process [1]
[2026-02-01 16:35:07] INFO uvicorn.error: Started server process [1]
[2026-02-01 16:35:07] INFO uvicorn.error: Waiting for application startup.
[2026-02-01 16:35:07] INFO uvicorn.error: ASGI 'lifespan' protocol appears unsupported.
[2026-02-01 16:35:07] INFO uvicorn.error: Application startup complete.
[2026-02-01 16:35:07] INFO uvicorn.error: Uvicorn running on http://0.0.0.0:8000 (Press CTRL+C to quit)
[2026-02-01 16:35:07] INFO settings.apps: Settings read successfully.
[2026-02-01 16:35:08] INFO ballsdex: Initialized bot, connecting to Discord...
[2026-02-01 16:35:08] INFO discord.client: logging in using static token
[2026-02-01 16:35:08] INFO ballsdex.core.bot: Starting up with None shards...
[2026-02-01 16:35:09] INFO discord.gateway: Shard ID 0 has connected to Gateway (Session ID: 127804254fb7c16e591078590f014af2).
[2026-02-01 16:35:11] INFO ballsdex.core.bot: Successfully logged in as OCDEX#2184 (1459614981937954931)!
[2026-02-01 16:35:11] INFO ballsdex.core.bot: lomadinthe2nd is the owner of this bot.
[2026-02-01 16:35:11] INFO ballsdex.core.bot: Cache loaded, summary displayed below:
[2026-02-01 16:35:11] INFO ballsdex.core.bot: Loading packages...
[2026-02-01 16:35:13] INFO ballsdex.packages.countryballs: Loaded 2 guilds in cache.
[2026-02-01 16:35:14] INFO ballsdex.core.bot: Packages loaded: admin, balls, guildconfig, countryballs, info, players, trade
[2026-02-01 16:35:14] INFO ballsdex.core.bot: Syncing global commands...
[2026-02-01 16:35:17] INFO ballsdex.core.bot: Synced 7 global commands.
[2026-02-01 16:35:18] INFO uvicorn.access: 172.19.0.3:34734 - "GET / HTTP/1.0" 302
[2026-02-01 16:35:18] INFO uvicorn.access: 172.19.0.3:34742 - "GET /login/?next=/ HTTP/1.0" 200
[2026-02-01 16:35:19] WARNING django.request: Not Found: /favicon.ico
[2026-02-01 16:35:19] INFO uvicorn.access: 172.19.0.3:34748 - "GET /favicon.ico HTTP/1.0" 404
[2026-02-01 16:35:21] INFO uvicorn.access: 172.19.0.3:43238 - "GET /login/discord/ HTTP/1.0" 302
[2026-02-01 18:02:33] INFO uvicorn.access: 172.19.0.3:33600 - "GET / HTTP/1.0" 302
[2026-02-01 18:02:33] INFO uvicorn.access: 172.19.0.3:33602 - "GET /login/discord/ HTTP/1.0" 302
[2026-02-01 18:02:33] INFO uvicorn.access: 172.19.0.3:33616 - "GET /login/?next=/ HTTP/1.0" 200
[2026-02-01 18:02:37] INFO uvicorn.access: 172.19.0.3:33628 - "GET /login/discord/ HTTP/1.0" 302
[2026-02-01 18:04:53] INFO uvicorn.access: 172.19.0.3:58292 - "GET /login/discord/ HTTP/1.0" 302
[2026-02-01 18:04:57] INFO uvicorn.access: 172.19.0.3:58306 - "GET /login/?next=/ HTTP/1.0" 200
[2026-02-01 18:04:59] INFO uvicorn.access: 172.19.0.3:58318 - "GET /login/discord/ HTTP/1.0" 302
[2026-02-01 18:05:51] INFO uvicorn.access: 172.19.0.3:46034 - "GET /complete/discord/?code=j7NmoVXRmmaMZpjHbOGJBuNhl5QYst&state=EC0MRMYLmBZ44Rn0tkQi5N8RtsSUOghv HTTP/1.0" 302
[2026-02-01 18:05:51] INFO uvicorn.access: 172.19.0.3:48980 - "GET / HTTP/1.0" 200
[2026-02-01 18:05:55] INFO uvicorn.access: 172.19.0.3:48990 - "GET /settings/settings/ HTTP/1.0" 200
[2026-02-01 18:05:56] INFO uvicorn.access: 172.19.0.3:48998 - "GET /jsi18n/ HTTP/1.0" 200
[2026-02-01 18:05:58] INFO uvicorn.access: 172.19.0.3:49000 - "GET / HTTP/1.0" 200
[2026-02-01 18:06:01] INFO uvicorn.access: 172.19.0.3:46356 - "GET /bd_models/ball/ HTTP/1.0" 200
[2026-02-01 18:06:02] INFO uvicorn.access: 172.19.0.3:46372 - "GET /jsi18n/ HTTP/1.0" 200
[2026-02-01 18:06:07] INFO uvicorn.access: 172.19.0.3:46384 - "GET /bd_models/ball/4/change/ HTTP/1.0" 200
[2026-02-01 18:06:08] INFO uvicorn.access: 172.19.0.3:46388 - "GET /jsi18n/ HTTP/1.0" 200
[2026-02-01 18:06:12] INFO uvicorn.access: 172.19.0.3:46400 - "GET /ball/generate/4 HTTP/1.0" 200
[2026-02-01 18:06:16] INFO uvicorn.access: 172.19.0.3:40122 - "GET /bd_models/ball/ HTTP/1.0" 200
[2026-02-01 18:06:28] INFO uvicorn.access: 172.19.0.3:32806 - "GET /bd_models/ball/add/ HTTP/1.0" 200
[2026-02-01 18:06:29] INFO uvicorn.access: 172.19.0.3:32822 - "GET /jsi18n/ HTTP/1.0" 200
[2026-02-01 18:09:46] INFO uvicorn.access: 172.19.0.3:41842 - "GET /bd_models/ball/add/ HTTP/1.0" 200
[2026-02-01 18:11:19] INFO uvicorn.access: 172.19.0.3:42818 - "GET /bd_models/ball/add/ HTTP/1.0" 200
[2026-02-01 18:11:21] WARNING django.request: Not Found: /favicon.ico
[2026-02-01 18:11:21] INFO uvicorn.access: 172.19.0.3:39648 - "GET /favicon.ico HTTP/1.0" 404
[2026-02-01 18:14:27] INFO uvicorn.access: 172.19.0.3:49366 - "GET /bd_models/ball/add/ HTTP/1.0" 200
[2026-02-01 18:19:58] INFO discord.gateway: Shard ID 0 has successfully RESUMED session 127804254fb7c16e591078590f014af2.
[2026-02-01 18:23:06] INFO uvicorn.access: 172.19.0.3:46056 - "GET / HTTP/1.0" 200
[2026-02-01 18:23:08] INFO uvicorn.access: 172.19.0.3:46068 - "GET /bd_models/ball/ HTTP/1.0" 200
[2026-02-01 18:23:08] INFO uvicorn.access: 172.19.0.3:46076 - "GET /jsi18n/ HTTP/1.0" 200
[2026-02-01 18:23:11] INFO uvicorn.access: 172.19.0.3:50918 - "GET /bd_models/ball/add/ HTTP/1.0" 200
[2026-02-01 18:23:44] INFO uvicorn.access: 172.19.0.3:41600 - "GET /autocomplete/?app_label=bd_models&model_name=ball&field_name=economy HTTP/1.0" 200
[2026-02-01 18:23:46] INFO uvicorn.access: 172.19.0.3:41612 - "GET /autocomplete/?app_label=bd_models&model_name=ball&field_name=regime HTTP/1.0" 200
[2026-02-01 20:36:34] INFO uvicorn.access: 172.19.0.3:40228 - "GET /bd_models/ball/add/ HTTP/1.0" 200
[2026-02-03 02:56:19] INFO discord.gateway: Shard ID 0 session has been invalidated.
[2026-02-03 02:56:26] INFO discord.gateway: Shard ID 0 has connected to Gateway (Session ID: 00a38eca2216db7f39d2ece456c73523).
[2026-02-03 02:57:37] INFO uvicorn.access: 172.19.0.3:47588 - "GET / HTTP/1.0" 200
[2026-02-03 02:57:38] WARNING django.request: Not Found: /favicon.ico
[2026-02-03 02:57:38] INFO uvicorn.access: 172.19.0.3:59806 - "GET /favicon.ico HTTP/1.0" 404
[2026-02-03 02:57:42] INFO uvicorn.access: 172.19.0.3:59814 - "GET /bd_models/ball/ HTTP/1.0" 200
[2026-02-03 02:57:43] INFO uvicorn.access: 172.19.0.3:59830 - "GET /jsi18n/ HTTP/1.0" 200
[2026-02-03 03:35:54] WARNING ballsdex.packages.countryballs: Missing permission to spawn ball in channel ocdex～💳.
[2026-02-03 04:10:14] WARNING ballsdex.packages.countryballs: Missing permission to spawn ball in channel ocdex～💳.
[2026-02-03 04:53:49] INFO discord.gateway: Shard ID 0 has successfully RESUMED session 00a38eca2216db7f39d2ece456c73523.
[2026-02-03 05:02:33] INFO discord.gateway: Shard ID 0 has successfully RESUMED session 00a38eca2216db7f39d2ece456c73523.
[2026-02-03 06:20:10] WARNING ballsdex.packages.countryballs: Missing permission to spawn ball in channel ocdex～💳.
[2026-02-03 07:18:47] INFO discord.gateway: Shard ID 0 has successfully RESUMED session 00a38eca2216db7f39d2ece456c73523.
[2026-02-03 08:51:41] INFO discord.gateway: Shard ID 0 has successfully RESUMED session 00a38eca2216db7f39d2ece456c73523.
[2026-02-03 09:10:01] WARNING ballsdex.packages.countryballs: Missing permission to spawn ball in channel ocdex～💳.
[2026-02-03 10:07:36] INFO discord.gateway: Shard ID 0 has successfully RESUMED session 00a38eca2216db7f39d2ece456c73523.
[2026-02-03 12:21:13] INFO discord.gateway: Shard ID 0 has successfully RESUMED session 00a38eca2216db7f39d2ece456c73523.
[2026-02-03 12:52:34] INFO discord.gateway: Shard ID 0 has successfully RESUMED session 00a38eca2216db7f39d2ece456c73523.
[2026-02-03 13:37:37] WARNING ballsdex.packages.countryballs: Missing permission to spawn ball in channel ocdex～💳.
[2026-02-03 14:49:27] INFO discord.gateway: Shard ID 0 has successfully RESUMED session 00a38eca2216db7f39d2ece456c73523.
[2026-02-03 17:03:42] WARNING ballsdex.packages.countryballs: Missing permission to spawn ball in channel ocdex～💳.
[2026-02-03 17:08:40] INFO discord.gateway: Shard ID 0 has successfully RESUMED session 00a38eca2216db7f39d2ece456c73523.
[2026-02-03 18:09:23] WARNING ballsdex.packages.countryballs: Missing permission to spawn ball in channel ocdex～💳.
[2026-02-03 18:49:04] INFO discord.gateway: Shard ID 0 has successfully RESUMED session 00a38eca2216db7f39d2ece456c73523.
[2026-02-03 19:10:08] INFO discord.gateway: Shard ID 0 has successfully RESUMED session 00a38eca2216db7f39d2ece456c73523.
[2026-02-03 19:55:31] INFO discord.gateway: Shard ID 0 has successfully RESUMED session 00a38eca2216db7f39d2ece456c73523.
[2026-02-03 20:33:00] INFO discord.gateway: Shard ID 0 has successfully RESUMED session 00a38eca2216db7f39d2ece456c73523.
[2026-02-07 05:42:30] INFO ballsdex: Initialized bot, connecting to Discord...
[2026-02-07 05:42:30] INFO discord.client: logging in using static token
[2026-02-07 05:42:30] INFO uvicorn.error: Started server process [1]
[2026-02-07 05:42:30] INFO uvicorn.error: Waiting for application startup.
[2026-02-07 05:42:30] INFO uvicorn.error: ASGI 'lifespan' protocol appears unsupported.
[2026-02-07 05:42:30] INFO uvicorn.error: Application startup complete.
[2026-02-07 05:42:30] INFO uvicorn.error: Uvicorn running on http://0.0.0.0:8000 (Press CTRL+C to quit)
[2026-02-07 05:42:31] INFO settings.apps: Settings read successfully.
[2026-02-07 05:42:31] INFO ballsdex.core.bot: Starting up with None shards...
[2026-02-07 05:42:32] INFO discord.gateway: Shard ID 0 has connected to Gateway (Session ID: b65f4929774677a0d0bd968670903e8b).
[2026-02-07 05:42:34] INFO ballsdex.core.bot: Successfully logged in as OCDEX#2184 (1459614981937954931)!
[2026-02-07 05:42:34] INFO ballsdex.core.bot: lomadinthe2nd is the owner of this bot.
[2026-02-07 05:42:35] INFO ballsdex.core.bot: Cache loaded, summary displayed below:
[2026-02-07 05:42:35] INFO ballsdex.core.bot: Loading packages...
[2026-02-07 05:42:36] INFO ballsdex.packages.countryballs: Loaded 2 guilds in cache.
[2026-02-07 05:42:37] INFO ballsdex.core.bot: Packages loaded: admin, balls, guildconfig, countryballs, info, players, trade
[2026-02-07 05:42:37] INFO ballsdex.core.bot: Syncing global commands...
[2026-02-07 05:42:39] INFO ballsdex.core.bot: Synced 7 global commands.
[2026-02-07 05:43:19] INFO ballsdex: Received SIGTERM, stopping the bot...
[2026-02-07 05:43:19] INFO uvicorn.error: Shutting down
[2026-02-07 05:43:19] INFO uvicorn.error: Finished server process [1]
[2026-02-07 05:45:41] INFO uvicorn.error: Started server process [1]
[2026-02-07 05:45:41] INFO uvicorn.error: Waiting for application startup.
[2026-02-07 05:45:41] INFO uvicorn.error: ASGI 'lifespan' protocol appears unsupported.
[2026-02-07 05:45:41] INFO uvicorn.error: Application startup complete.
[2026-02-07 05:45:41] INFO uvicorn.error: Uvicorn running on http://0.0.0.0:8000 (Press CTRL+C to quit)
[2026-02-07 05:45:41] INFO settings.apps: Settings read successfully.
[2026-02-07 05:45:42] INFO ballsdex: Initialized bot, connecting to Discord...
[2026-02-07 05:45:42] INFO discord.client: logging in using static token
[2026-02-07 05:45:43] INFO ballsdex.core.bot: Starting up with None shards...
[2026-02-07 05:45:44] INFO discord.gateway: Shard ID 0 has connected to Gateway (Session ID: 862cdde477c34a72c19c94934f30888b).
[2026-02-07 05:45:46] INFO ballsdex.core.bot: Successfully logged in as OCDEX#2184 (1459614981937954931)!
[2026-02-07 05:45:46] INFO ballsdex.core.bot: lomadinthe2nd is the owner of this bot.
[2026-02-07 05:45:46] INFO ballsdex.core.bot: Cache loaded, summary displayed below:
[2026-02-07 05:45:46] INFO ballsdex.core.bot: Loading packages...
[2026-02-07 05:45:48] INFO ballsdex.packages.countryballs: Loaded 2 guilds in cache.
[2026-02-07 05:45:49] INFO ballsdex.core.bot: Packages loaded: admin, balls, guildconfig, countryballs, info, players, trade
[2026-02-07 05:45:49] INFO ballsdex.core.bot: Syncing global commands...
[2026-02-07 05:45:51] INFO ballsdex.core.bot: Synced 7 global commands.
[2026-02-07 08:58:03] INFO discord.gateway: Shard ID 0 has successfully RESUMED session 862cdde477c34a72c19c94934f30888b.
[2026-02-07 11:49:35] INFO discord.gateway: Shard ID 0 has successfully RESUMED session 862cdde477c34a72c19c94934f30888b.
[2026-02-07 12:46:26] INFO discord.gateway: Shard ID 0 has successfully RESUMED session 862cdde477c34a72c19c94934f30888b.
[2026-02-07 13:58:22] WARNING ballsdex.packages.countryballs: Missing permission to spawn ball in channel ocdex～💳.
[2026-02-07 14:19:34] INFO discord.gateway: Shard ID 0 has successfully RESUMED session 862cdde477c34a72c19c94934f30888b.
[2026-02-07 14:23:38] INFO uvicorn.access: 172.19.0.3:48996 - "GET / HTTP/1.0" 302
[2026-02-07 14:23:44] INFO uvicorn.access: 172.19.0.3:43490 - "GET /login/?next=/ HTTP/1.0" 200
[2026-02-07 14:23:47] WARNING django.request: Not Found: /favicon.ico
[2026-02-07 14:23:47] INFO uvicorn.access: 172.19.0.3:44172 - "GET /favicon.ico HTTP/1.0" 404
[2026-02-07 14:24:51] INFO uvicorn.access: 172.19.0.3:56374 - "GET /login/?next=/ HTTP/1.0" 200
[2026-02-07 14:26:17] INFO uvicorn.access: 172.19.0.3:49308 - "GET /login/discord/ HTTP/1.0" 302
[2026-02-07 14:26:36] INFO uvicorn.access: 172.19.0.3:38940 - "GET /complete/discord/?code=s0KtU0tIi6zWWsb1E7utxNCbWvIIv5&state=gwNhlLJNCReYJruRlEGlyACFZwqalcrd HTTP/1.0" 302
[2026-02-07 14:26:37] INFO uvicorn.access: 172.19.0.3:38956 - "GET / HTTP/1.0" 200
[2026-02-08 02:08:37] ERROR discord.shard: Attempting a reconnect for shard ID 0 in 1.10s
Traceback (most recent call last):
  File "/opt/venv/lib/python3.14/site-packages/aiohttp/connector.py", line 1532, in _create_direct_connection
    hosts = await self._resolve_host(host, port, traces=traces)
            ^^^^^^^^^^^^^^^^^^^^^^^^^^^^^^^^^^^^^^^^^^^^^^^^^^^
  File "/opt/venv/lib/python3.14/site-packages/aiohttp/connector.py", line 1148, in _resolve_host
    return await asyncio.shield(resolved_host_task)
           ^^^^^^^^^^^^^^^^^^^^^^^^^^^^^^^^^^^^^^^^
  File "/opt/venv/lib/python3.14/site-packages/aiohttp/connector.py", line 1179, in _resolve_host_with_throttle
    addrs = await self._resolver.resolve(host, port, family=self._family)
            ^^^^^^^^^^^^^^^^^^^^^^^^^^^^^^^^^^^^^^^^^^^^^^^^^^^^^^^^^^^^^
  File "/opt/venv/lib/python3.14/site-packages/aiohttp/resolver.py", line 40, in resolve
    infos = await self._loop.getaddrinfo(
            ^^^^^^^^^^^^^^^^^^^^^^^^^^^^^
    ...<5 lines>...
    )
    ^
  File "/usr/local/lib/python3.14/asyncio/base_events.py", line 936, in getaddrinfo
    return await self.run_in_executor(
           ^^^^^^^^^^^^^^^^^^^^^^^^^^^
        None, getaddr_func, host, port, family, type, proto, flags)
        ^^^^^^^^^^^^^^^^^^^^^^^^^^^^^^^^^^^^^^^^^^^^^^^^^^^^^^^^^^^
  File "/usr/local/lib/python3.14/concurrent/futures/thread.py", line 86, in run
    result = ctx.run(self.task)
  File "/usr/local/lib/python3.14/concurrent/futures/thread.py", line 73, in run
    return fn(*args, **kwargs)
  File "/usr/local/lib/python3.14/socket.py", line 983, in getaddrinfo
    for res in _socket.getaddrinfo(host, port, family, type, proto, flags):
               ~~~~~~~~~~~~~~~~~~~^^^^^^^^^^^^^^^^^^^^^^^^^^^^^^^^^^^^^^^^
socket.gaierror: [Errno -3] Try again

The above exception was the direct cause of the following exception:

Traceback (most recent call last):
  File "/opt/venv/lib/python3.14/site-packages/discord/shard.py", line 201, in reidentify
    self.ws = await asyncio.wait_for(coro, timeout=60.0)
              ^^^^^^^^^^^^^^^^^^^^^^^^^^^^^^^^^^^^^^^^^^
  File "/usr/local/lib/python3.14/asyncio/tasks.py", line 488, in wait_for
    return await fut
           ^^^^^^^^^
  File "/opt/venv/lib/python3.14/site-packages/discord/gateway.py", line 383, in from_client
    socket = await client.http.ws_connect(str(url))
             ^^^^^^^^^^^^^^^^^^^^^^^^^^^^^^^^^^^^^^
  File "/opt/venv/lib/python3.14/site-packages/discord/http.py", line 566, in ws_connect
    return await self.__session.ws_connect(url, **kwargs)
           ^^^^^^^^^^^^^^^^^^^^^^^^^^^^^^^^^^^^^^^^^^^^^^
  File "/opt/venv/lib/python3.14/site-packages/aiohttp/client.py", line 1076, in _ws_connect
    resp = await self.request(
           ^^^^^^^^^^^^^^^^^^^
    ...<11 lines>...
    )
    ^
  File "/opt/venv/lib/python3.14/site-packages/aiohttp/client.py", line 779, in _request
    resp = await handler(req)
           ^^^^^^^^^^^^^^^^^^
  File "/opt/venv/lib/python3.14/site-packages/aiohttp/client.py", line 734, in _connect_and_send_request
    conn = await self._connector.connect(
           ^^^^^^^^^^^^^^^^^^^^^^^^^^^^^^
        req, traces=traces, timeout=real_timeout
        ^^^^^^^^^^^^^^^^^^^^^^^^^^^^^^^^^^^^^^^^
    )
    ^
  File "/opt/venv/lib/python3.14/site-packages/aiohttp/connector.py", line 642, in connect
    proto = await self._create_connection(req, traces, timeout)
            ^^^^^^^^^^^^^^^^^^^^^^^^^^^^^^^^^^^^^^^^^^^^^^^^^^^
  File "/opt/venv/lib/python3.14/site-packages/aiohttp/connector.py", line 1209, in _create_connection
    _, proto = await self._create_direct_connection(req, traces, timeout)
               ^^^^^^^^^^^^^^^^^^^^^^^^^^^^^^^^^^^^^^^^^^^^^^^^^^^^^^^^^^
  File "/opt/venv/lib/python3.14/site-packages/aiohttp/connector.py", line 1538, in _create_direct_connection
    raise ClientConnectorDNSError(req.connection_key, exc) from exc
aiohttp.client_exceptions.ClientConnectorDNSError: Cannot connect to host gateway-us-east1-b.discord.gg:443 ssl:default [Try again]
[2026-02-08 02:08:57] INFO uvicorn.access: 172.19.0.3:47832 - "GET / HTTP/1.0" 200
[2026-02-08 02:09:05] INFO discord.gateway: Shard ID 0 has connected to Gateway (Session ID: 59cf694d65ceb5014956899e5d3dfeee).
[2026-02-08 02:09:27] INFO ballsdex.packages.admin.balls: lomadinthe2nd spawned object Acid Star in general.
[2026-02-08 02:12:17] INFO uvicorn.access: 172.19.0.3:44102 - "GET /login/?next=/ HTTP/1.0" 200
[2026-02-08 02:12:18] WARNING django.request: Not Found: /favicon.ico
[2026-02-08 02:12:18] INFO uvicorn.access: 172.19.0.3:47424 - "GET /favicon.ico HTTP/1.0" 404
[2026-02-08 02:12:21] INFO uvicorn.access: 172.19.0.3:47428 - "GET /login/discord/ HTTP/1.0" 302
[2026-02-08 02:12:32] INFO uvicorn.access: 172.19.0.3:58850 - "GET /complete/discord/?code=r7VLASG2Nt2Nv45KGEAlKzuGsqO6Mu&state=39ljqBGF4tVdjXOR5MWyEKGnHe5Gmnrq HTTP/1.0" 302
[2026-02-08 02:12:32] INFO uvicorn.access: 172.19.0.3:58862 - "GET / HTTP/1.0" 200
[2026-02-08 02:12:37] INFO uvicorn.access: 172.19.0.3:58866 - "GET /bd_models/ball/ HTTP/1.0" 200
[2026-02-08 02:12:38] INFO uvicorn.access: 172.19.0.3:49036 - "GET /jsi18n/ HTTP/1.0" 200
[2026-02-08 02:14:35] INFO uvicorn.access: 172.19.0.3:51118 - "GET /bd_models/ball/3/change/ HTTP/1.0" 200
[2026-02-08 02:14:36] INFO uvicorn.access: 172.19.0.3:51120 - "GET /jsi18n/ HTTP/1.0" 200
[2026-02-08 02:14:39] INFO uvicorn.access: 172.19.0.3:51126 - "GET /ball/generate/3 HTTP/1.0" 200
[2026-02-08 02:14:50] INFO uvicorn.access: 172.19.0.3:52742 - "GET /autocomplete/?app_label=bd_models&model_name=ball&field_name=regime HTTP/1.0" 200
[2026-02-08 02:16:31] INFO uvicorn.access: 172.19.0.3:43784 - "GET /bd_models/ball/add/ HTTP/1.0" 200
[2026-02-08 02:16:31] INFO uvicorn.access: 172.19.0.3:43788 - "GET /jsi18n/ HTTP/1.0" 200
[2026-02-08 02:21:20] INFO uvicorn.access: 172.19.0.3:55088 - "GET /autocomplete/?app_label=bd_models&model_name=ball&field_name=regime HTTP/1.0" 200
[2026-02-08 02:22:27] INFO uvicorn.access: 172.19.0.3:34646 - "GET /bd_models/ball/ HTTP/1.0" 200
[2026-02-08 02:22:30] INFO uvicorn.access: 172.19.0.3:59744 - "GET /jsi18n/ HTTP/1.0" 200
[2026-02-08 02:26:52] INFO uvicorn.access: 172.19.0.3:34096 - "POST /bd_models/ball/add/ HTTP/1.0" 302
[2026-02-08 02:26:53] INFO uvicorn.access: 172.19.0.3:34108 - "GET /bd_models/ball/5/change/ HTTP/1.0" 200
[2026-02-08 02:26:53] INFO uvicorn.access: 172.19.0.3:34122 - "GET /jsi18n/ HTTP/1.0" 200
[2026-02-08 02:26:55] INFO uvicorn.access: 172.19.0.3:34136 - "GET /ball/generate/5 HTTP/1.0" 200
[2026-02-08 02:27:26] INFO uvicorn.access: 172.19.0.3:37430 - "POST /bd_models/ball/5/change/ HTTP/1.0" 302
[2026-02-08 02:27:26] INFO uvicorn.access: 172.19.0.3:37440 - "GET /bd_models/ball/5/change/ HTTP/1.0" 200
[2026-02-08 02:27:26] INFO uvicorn.access: 172.19.0.3:37450 - "GET /jsi18n/ HTTP/1.0" 200
[2026-02-08 02:27:27] INFO uvicorn.access: 172.19.0.3:37458 - "GET /ball/generate/5 HTTP/1.0" 200
[2026-02-08 02:28:02] INFO uvicorn.access: 172.19.0.3:57214 - "POST /bd_models/ball/5/change/ HTTP/1.0" 302
[2026-02-08 02:28:02] INFO uvicorn.access: 172.19.0.3:57230 - "GET /bd_models/ball/5/change/ HTTP/1.0" 200
[2026-02-08 02:28:03] INFO uvicorn.access: 172.19.0.3:57234 - "GET /jsi18n/ HTTP/1.0" 200
[2026-02-08 02:28:04] INFO uvicorn.access: 172.19.0.3:57240 - "GET /ball/generate/5 HTTP/1.0" 200
[2026-02-08 02:28:19] INFO uvicorn.access: 172.19.0.3:54538 - "POST /bd_models/ball/5/change/ HTTP/1.0" 302
[2026-02-08 02:28:20] INFO uvicorn.access: 172.19.0.3:54544 - "GET /bd_models/ball/5/change/ HTTP/1.0" 200
[2026-02-08 02:28:20] INFO uvicorn.access: 172.19.0.3:54552 - "GET /jsi18n/ HTTP/1.0" 200
[2026-02-08 02:28:22] INFO uvicorn.access: 172.19.0.3:54554 - "GET /ball/generate/5 HTTP/1.0" 200
[2026-02-08 02:28:34] INFO uvicorn.access: 172.19.0.3:41546 - "POST /bd_models/ball/5/change/ HTTP/1.0" 302
[2026-02-08 02:28:35] INFO uvicorn.access: 172.19.0.3:41550 - "GET /bd_models/ball/ HTTP/1.0" 200
[2026-02-08 02:28:35] INFO uvicorn.access: 172.19.0.3:41566 - "GET /jsi18n/ HTTP/1.0" 200
[2026-02-08 02:28:40] INFO uvicorn.access: 172.19.0.3:60784 - "POST /bd_models/ball/ HTTP/1.0" 302
[2026-02-08 02:28:40] INFO uvicorn.access: 172.19.0.3:60792 - "GET /bd_models/ball/ HTTP/1.0" 200
[2026-02-08 02:28:40] INFO uvicorn.access: 172.19.0.3:60802 - "GET /jsi18n/ HTTP/1.0" 200
[2026-02-08 02:36:34] INFO uvicorn.access: 172.19.0.3:48074 - "GET /bd_models/ball/3/change/ HTTP/1.0" 200
[2026-02-08 02:36:35] INFO uvicorn.access: 172.19.0.3:48084 - "GET /jsi18n/ HTTP/1.0" 200
[2026-02-08 02:36:36] INFO uvicorn.access: 172.19.0.3:48090 - "GET /ball/generate/3 HTTP/1.0" 200
[2026-02-08 02:36:54] INFO uvicorn.access: 172.19.0.3:50280 - "GET /bd_models/ball/ HTTP/1.0" 200
[2026-02-08 02:36:59] INFO uvicorn.access: 172.19.0.3:56812 - "GET /jsi18n/ HTTP/1.0" 200
[2026-02-08 02:38:55] INFO uvicorn.access: 172.19.0.3:38570 - "GET /bd_models/ball/add/ HTTP/1.0" 200
[2026-02-08 02:38:56] INFO uvicorn.access: 172.19.0.3:38574 - "GET /jsi18n/ HTTP/1.0" 200
[2026-02-08 02:42:17] INFO uvicorn.access: 172.19.0.3:49784 - "GET /autocomplete/?app_label=bd_models&model_name=ball&field_name=economy HTTP/1.0" 200
[2026-02-08 02:42:18] INFO uvicorn.access: 172.19.0.3:53300 - "GET /autocomplete/?app_label=bd_models&model_name=ball&field_name=regime HTTP/1.0" 200
[2026-02-08 02:42:25] INFO uvicorn.access: 172.19.0.3:53304 - "POST /bd_models/ball/add/ HTTP/1.0" 302
[2026-02-08 02:42:25] INFO uvicorn.access: 172.19.0.3:53318 - "GET /bd_models/ball/6/change/ HTTP/1.0" 200
[2026-02-08 02:42:26] INFO uvicorn.access: 172.19.0.3:53330 - "GET /jsi18n/ HTTP/1.0" 200
[2026-02-08 02:42:27] INFO uvicorn.access: 172.19.0.3:53342 - "GET /ball/generate/6 HTTP/1.0" 200
[2026-02-08 02:42:43] INFO uvicorn.access: 172.19.0.3:34926 - "POST /bd_models/ball/6/change/ HTTP/1.0" 302
[2026-02-08 02:42:43] INFO uvicorn.access: 172.19.0.3:34932 - "GET /bd_models/ball/ HTTP/1.0" 200
[2026-02-08 02:42:44] INFO uvicorn.access: 172.19.0.3:34942 - "GET /jsi18n/ HTTP/1.0" 200
[2026-02-08 02:42:54] INFO uvicorn.access: 172.19.0.3:45662 - "POST /bd_models/ball/ HTTP/1.0" 302
[2026-02-08 02:42:55] INFO uvicorn.access: 172.19.0.3:45678 - "GET /bd_models/ball/ HTTP/1.0" 200
[2026-02-08 02:42:55] INFO uvicorn.access: 172.19.0.3:45692 - "GET /jsi18n/ HTTP/1.0" 200
[2026-02-08 02:43:25] INFO uvicorn.access: 172.19.0.3:46220 - "POST /bd_models/ball/ HTTP/1.0" 302
[2026-02-08 02:43:26] INFO uvicorn.access: 172.19.0.3:46226 - "GET /bd_models/ball/ HTTP/1.0" 200
[2026-02-08 02:43:26] INFO uvicorn.access: 172.19.0.3:46234 - "GET /jsi18n/ HTTP/1.0" 200
[2026-02-08 02:43:33] INFO uvicorn.access: 172.19.0.3:34520 - "GET /bd_models/ball/2/change/ HTTP/1.0" 200
[2026-02-08 02:43:33] INFO uvicorn.access: 172.19.0.3:34534 - "GET /jsi18n/ HTTP/1.0" 200
[2026-02-08 02:43:34] INFO uvicorn.access: 172.19.0.3:34548 - "GET /ball/generate/2 HTTP/1.0" 200
[2026-02-08 02:43:52] INFO uvicorn.access: 172.19.0.3:50640 - "POST /bd_models/ball/2/change/ HTTP/1.0" 302
[2026-02-08 02:43:52] INFO uvicorn.access: 172.19.0.3:50648 - "GET /bd_models/ball/2/change/ HTTP/1.0" 200
[2026-02-08 02:43:52] INFO uvicorn.access: 172.19.0.3:50660 - "GET /jsi18n/ HTTP/1.0" 200
[2026-02-08 02:43:54] INFO uvicorn.access: 172.19.0.3:50662 - "GET /ball/generate/2 HTTP/1.0" 200
[2026-02-08 02:44:06] INFO uvicorn.access: 172.19.0.3:39726 - "POST /bd_models/ball/2/change/ HTTP/1.0" 302
[2026-02-08 02:44:06] INFO uvicorn.access: 172.19.0.3:39740 - "GET /bd_models/ball/2/change/ HTTP/1.0" 200
[2026-02-08 02:44:07] INFO uvicorn.access: 172.19.0.3:39756 - "GET /jsi18n/ HTTP/1.0" 200
[2026-02-08 02:44:08] INFO uvicorn.access: 172.19.0.3:39766 - "GET /ball/generate/2 HTTP/1.0" 200
[2026-02-08 02:44:20] INFO uvicorn.access: 172.19.0.3:46054 - "GET /bd_models/ball/ HTTP/1.0" 200
[2026-02-08 02:44:21] INFO uvicorn.access: 172.19.0.3:46060 - "GET /jsi18n/ HTTP/1.0" 200
[2026-02-08 02:44:31] INFO uvicorn.access: 172.19.0.3:38758 - "GET /bd_models/ball/2/change/ HTTP/1.0" 200
[2026-02-08 02:44:48] INFO uvicorn.access: 172.19.0.3:59394 - "GET /jsi18n/ HTTP/1.0" 200
[2026-02-08 02:44:50] INFO uvicorn.access: 172.19.0.3:59406 - "GET /ball/generate/2 HTTP/1.0" 200
[2026-02-08 02:45:06] INFO ballsdex.core.bot: Cache loaded, summary displayed below:
[2026-02-08 02:49:59] INFO uvicorn.access: 172.19.0.3:58212 - "GET /login/?next=/ HTTP/1.0" 302
[2026-02-08 02:50:00] INFO uvicorn.access: 172.19.0.3:58216 - "GET / HTTP/1.0" 200
[2026-02-08 02:50:03] INFO uvicorn.access: 172.19.0.3:58220 - "GET /bd_models/ball/ HTTP/1.0" 200
[2026-02-08 02:50:03] INFO uvicorn.access: 172.19.0.3:58234 - "GET /jsi18n/ HTTP/1.0" 200
[2026-02-08 02:50:06] INFO uvicorn.access: 172.19.0.3:58250 - "GET /bd_models/ball/5/change/ HTTP/1.0" 200
[2026-02-08 02:50:07] INFO uvicorn.access: 172.19.0.3:40766 - "GET /jsi18n/ HTTP/1.0" 200
[2026-02-08 02:50:09] INFO uvicorn.access: 172.19.0.3:40782 - "GET /ball/generate/5 HTTP/1.0" 200
[2026-02-08 02:50:26] INFO uvicorn.access: 172.19.0.3:36354 - "POST /bd_models/ball/5/change/ HTTP/1.0" 302
[2026-02-08 02:50:26] INFO uvicorn.access: 172.19.0.3:36364 - "GET /bd_models/ball/5/change/ HTTP/1.0" 200
[2026-02-08 02:50:26] INFO uvicorn.access: 172.19.0.3:36370 - "GET /jsi18n/ HTTP/1.0" 200
[2026-02-08 02:50:28] INFO uvicorn.access: 172.19.0.3:36380 - "GET /ball/generate/5 HTTP/1.0" 200
[2026-02-08 02:50:44] INFO uvicorn.access: 172.19.0.3:57334 - "POST /bd_models/ball/5/change/ HTTP/1.0" 302
[2026-02-08 02:50:44] INFO uvicorn.access: 172.19.0.3:57342 - "GET /bd_models/ball/5/change/ HTTP/1.0" 200
[2026-02-08 02:50:44] INFO uvicorn.access: 172.19.0.3:57346 - "GET /jsi18n/ HTTP/1.0" 200
[2026-02-08 02:50:46] INFO uvicorn.access: 172.19.0.3:57348 - "GET /ball/generate/5 HTTP/1.0" 200
[2026-02-08 02:51:10] INFO ballsdex.core.bot: Cache loaded, summary displayed below:
[2026-02-08 02:51:26] INFO ballsdex.packages.admin.balls: lomadinthe2nd spawned object Dream Berry SoDa in admin-ocdex-commands.
[2026-02-08 02:52:11] INFO uvicorn.access: 172.19.0.3:60750 - "GET /bd_models/ballinstance/ HTTP/1.0" 200
[2026-02-08 02:52:12] INFO uvicorn.access: 172.19.0.3:60756 - "GET /jsi18n/ HTTP/1.0" 200
[2026-02-08 02:52:16] INFO uvicorn.access: 172.19.0.3:60760 - "GET /bd_models/ballinstance/197/change/ HTTP/1.0" 200
[2026-02-08 02:52:16] INFO uvicorn.access: 172.19.0.3:60764 - "GET /jsi18n/ HTTP/1.0" 200
[2026-02-08 02:52:24] INFO uvicorn.access: 172.19.0.3:46112 - "GET /autocomplete/?app_label=bd_models&model_name=ballinstance&field_name=player HTTP/1.0" 200
[2026-02-08 02:52:28] INFO uvicorn.access: 172.19.0.3:32900 - "GET /autocomplete/?app_label=bd_models&model_name=ballinstance&field_name=ball HTTP/1.0" 200
[2026-02-08 02:52:31] INFO uvicorn.access: 172.19.0.3:32916 - "GET /autocomplete/?app_label=bd_models&model_name=ballinstance&field_name=special HTTP/1.0" 200
[2026-02-08 02:52:35] INFO uvicorn.access: 172.19.0.3:32930 - "GET /bd_models/ballinstance/197/delete/ HTTP/1.0" 200
[2026-02-08 02:52:39] INFO uvicorn.access: 172.19.0.3:52132 - "POST /bd_models/ballinstance/197/delete/ HTTP/1.0" 302
[2026-02-08 02:52:41] INFO uvicorn.access: 172.19.0.3:52146 - "GET /bd_models/ballinstance/ HTTP/1.0" 200
[2026-02-08 02:52:41] INFO uvicorn.access: 172.19.0.3:52160 - "GET /jsi18n/ HTTP/1.0" 200
[2026-02-08 02:53:50] INFO uvicorn.access: 172.19.0.3:35300 - "GET /bd_models/ball/ HTTP/1.0" 200
[2026-02-08 02:53:50] INFO uvicorn.access: 172.19.0.3:35312 - "GET /jsi18n/ HTTP/1.0" 200
[2026-02-08 05:04:26] INFO discord.gateway: Shard ID 0 has successfully RESUMED session 59cf694d65ceb5014956899e5d3dfeee.
[2026-02-08 07:10:39] INFO discord.gateway: Shard ID 0 has successfully RESUMED session 59cf694d65ceb5014956899e5d3dfeee.
[2026-02-08 09:41:58] INFO discord.gateway: Shard ID 0 has successfully RESUMED session 59cf694d65ceb5014956899e5d3dfeee.
[2026-02-08 13:47:15] INFO discord.gateway: Shard ID 0 session has been invalidated.
[2026-02-08 13:47:28] INFO discord.gateway: Shard ID 0 has connected to Gateway (Session ID: eca12faf638331eddbedb83a9970c72a).
[2026-02-08 16:29:32] WARNING ballsdex.packages.countryballs: Missing permission to spawn ball in channel ocdex～💳.
[2026-02-08 16:34:02] INFO uvicorn.access: 172.19.0.3:60760 - "GET /login/?next=/ HTTP/1.0" 200
[2026-02-08 16:34:03] WARNING django.request: Not Found: /favicon.ico
[2026-02-08 16:34:03] INFO uvicorn.access: 172.19.0.3:60776 - "GET /favicon.ico HTTP/1.0" 404
[2026-02-08 16:34:05] INFO uvicorn.access: 172.19.0.3:60780 - "GET /login/discord/ HTTP/1.0" 302
[2026-02-08 16:34:12] INFO uvicorn.access: 172.19.0.3:33432 - "GET /login/?next=/ HTTP/1.0" 200
[2026-02-08 16:34:15] INFO uvicorn.access: 172.19.0.3:33444 - "GET /login/discord/ HTTP/1.0" 302
[2026-02-08 16:34:23] INFO uvicorn.access: 172.19.0.3:41274 - "GET /complete/discord/?code=EcsbEYUCxzpZel91LIJ64CkLxyT8UY&state=zQUdKquCIDm7wqZZU5YMb0QeVGvC09vQ HTTP/1.0" 302
[2026-02-08 16:34:23] INFO uvicorn.access: 172.19.0.3:41284 - "GET / HTTP/1.0" 200
[2026-02-08 16:34:33] INFO uvicorn.access: 172.19.0.3:32818 - "GET /bd_models/special/ HTTP/1.0" 200
[2026-02-08 16:34:34] INFO uvicorn.access: 172.19.0.3:32820 - "GET /jsi18n/ HTTP/1.0" 200
[2026-02-08 16:34:36] INFO uvicorn.access: 172.19.0.3:32824 - "GET /bd_models/special/1/change/ HTTP/1.0" 200
[2026-02-08 16:34:36] INFO uvicorn.access: 172.19.0.3:37168 - "GET /jsi18n/ HTTP/1.0" 200
[2026-02-08 16:34:37] INFO uvicorn.access: 172.19.0.3:37184 - "GET /special/generate/1 HTTP/1.0" 200
[2026-02-08 16:36:17] INFO uvicorn.access: 172.19.0.3:51624 - "GET /bd_models/special/1/change/ HTTP/1.0" 200
[2026-02-08 16:36:54] INFO uvicorn.access: 172.19.0.3:33382 - "POST /bd_models/special/1/change/ HTTP/1.0" 302
[2026-02-08 16:36:55] INFO uvicorn.access: 172.19.0.3:33392 - "GET /bd_models/special/ HTTP/1.0" 200
[2026-02-08 16:36:55] INFO uvicorn.access: 172.19.0.3:33394 - "GET /jsi18n/ HTTP/1.0" 200
[2026-02-08 16:36:57] INFO uvicorn.access: 172.19.0.3:56560 - "GET /bd_models/special/1/change/ HTTP/1.0" 200
[2026-02-08 16:36:57] INFO uvicorn.access: 172.19.0.3:56566 - "GET /jsi18n/ HTTP/1.0" 200
[2026-02-08 16:36:59] INFO uvicorn.access: 172.19.0.3:56580 - "GET /special/generate/1 HTTP/1.0" 200
[2026-02-08 16:37:13] INFO uvicorn.access: 172.19.0.3:50968 - "GET /bd_models/special/1/change/ HTTP/1.0" 200
[2026-02-08 16:37:14] INFO uvicorn.access: 172.19.0.3:50974 - "GET /jsi18n/ HTTP/1.0" 200
[2026-02-08 16:37:15] INFO uvicorn.access: 172.19.0.3:50988 - "GET /special/generate/1 HTTP/1.0" 200
[2026-02-08 16:37:42] INFO uvicorn.access: 172.19.0.3:50506 - "POST /bd_models/special/1/change/ HTTP/1.0" 302
[2026-02-08 16:37:42] INFO uvicorn.access: 172.19.0.3:50510 - "GET /bd_models/special/ HTTP/1.0" 200
[2026-02-08 16:37:43] INFO uvicorn.access: 172.19.0.3:50526 - "GET /jsi18n/ HTTP/1.0" 200
[2026-02-08 16:37:56] INFO ballsdex.core.bot: Cache loaded, summary displayed below:
[2026-02-08 16:38:08] INFO ballsdex.packages.admin.balls: lomadinthe2nd spawned object Potiony in admin-ocdex-commands (special=Shiny).
[2026-02-08 16:39:01] INFO ballsdex.packages.admin.balls: lomadinthe2nd soft deleted 🚫 ✨#C6 Potiony(198).
[2026-02-08 16:43:29] WARNING ballsdex.packages.countryballs: Missing permission to spawn ball in channel ocdex～💳.
[2026-02-08 16:44:46] INFO ballsdex.packages.admin.balls: lomadinthe2nd spawned object Greywater Bucket in ocdex～💳.
[2026-02-08 17:18:41] INFO uvicorn.access: 172.19.0.3:60080 - "GET /bd_models/special/ HTTP/1.0" 200
[2026-02-08 17:18:43] WARNING django.request: Not Found: /favicon.ico
[2026-02-08 17:18:43] INFO uvicorn.access: 172.19.0.3:60094 - "GET /favicon.ico HTTP/1.0" 404
[2026-02-08 17:20:29] INFO discord.gateway: Shard ID 0 has successfully RESUMED session eca12faf638331eddbedb83a9970c72a.
[2026-02-08 17:23:32] INFO uvicorn.access: 172.19.0.3:45646 - "GET /login/?next=/ HTTP/1.0" 302
[2026-02-08 17:23:33] INFO uvicorn.access: 172.19.0.3:45656 - "GET / HTTP/1.0" 200
[2026-02-08 17:23:34] WARNING django.request: Not Found: /favicon.ico
[2026-02-08 17:23:34] INFO uvicorn.access: 172.19.0.3:45670 - "GET /favicon.ico HTTP/1.0" 404
[2026-02-08 17:23:38] INFO uvicorn.access: 172.19.0.3:59288 - "POST /logout/ HTTP/1.0" 200
[2026-02-08 17:23:40] INFO uvicorn.access: 172.19.0.3:59304 - "GET / HTTP/1.0" 302
[2026-02-08 17:23:40] INFO uvicorn.access: 172.19.0.3:59314 - "GET /login/?next=/ HTTP/1.0" 200
[2026-02-08 17:23:43] INFO uvicorn.access: 172.19.0.3:59330 - "GET /login/discord/ HTTP/1.0" 302
[2026-02-08 17:23:51] ERROR django.request: Internal Server Error: /complete/discord/
Traceback (most recent call last):
  File "/opt/venv/lib/python3.14/site-packages/asgiref/sync.py", line 552, in thread_handler
    raise exc_info[1]
  File "/opt/venv/lib/python3.14/site-packages/django/core/handlers/exception.py", line 42, in inner
    response = await get_response(request)
               ^^^^^^^^^^^^^^^^^^^^^^^^^^^
  File "/opt/venv/lib/python3.14/site-packages/asgiref/sync.py", line 552, in thread_handler
    raise exc_info[1]
  File "/opt/venv/lib/python3.14/site-packages/django/core/handlers/base.py", line 254, in _get_response_async
    response = await wrapped_callback(
               ^^^^^^^^^^^^^^^^^^^^^^^
        request, *callback_args, **callback_kwargs
        ^^^^^^^^^^^^^^^^^^^^^^^^^^^^^^^^^^^^^^^^^^
    )
    ^
  File "/opt/venv/lib/python3.14/site-packages/asgiref/sync.py", line 502, in __call__
    ret = await asyncio.shield(exec_coro)
          ^^^^^^^^^^^^^^^^^^^^^^^^^^^^^^^
  File "/opt/venv/lib/python3.14/site-packages/asgiref/current_thread_executor.py", line 40, in run
    result = self.fn(*self.args, **self.kwargs)
  File "/opt/venv/lib/python3.14/site-packages/asgiref/sync.py", line 556, in thread_handler
    return func(*args, **kwargs)
  File "/opt/venv/lib/python3.14/site-packages/django/views/decorators/cache.py", line 80, in _view_wrapper
    response = view_func(request, *args, **kwargs)
  File "/opt/venv/lib/python3.14/site-packages/django/views/decorators/csrf.py", line 65, in _view_wrapper
    return view_func(request, *args, **kwargs)
  File "/opt/venv/lib/python3.14/site-packages/social_django/utils.py", line 44, in wrapper
    return func(request, backend, *args, **kwargs)
  File "/opt/venv/lib/python3.14/site-packages/social_django/views.py", line 33, in complete
    return do_complete(
        request.backend,
    ...<5 lines>...
        **kwargs,
    )
  File "/opt/venv/lib/python3.14/site-packages/social_core/actions.py", line 50, in do_complete
    user = backend.complete(*args, user=user, redirect_name=redirect_name, **kwargs)
  File "/opt/venv/lib/python3.14/site-packages/social_core/backends/base.py", line 54, in complete
    return self.auth_complete(*args, **kwargs)
           ~~~~~~~~~~~~~~~~~~^^^^^^^^^^^^^^^^^
  File "/opt/venv/lib/python3.14/site-packages/social_core/utils.py", line 244, in wrapper
    return func(*args, **kwargs)
  File "/opt/venv/lib/python3.14/site-packages/social_core/backends/oauth.py", line 464, in auth_complete
    self.process_error(self.data)
    ~~~~~~~~~~~~~~~~~~^^^^^^^^^^^
  File "/opt/venv/lib/python3.14/site-packages/social_core/backends/oauth.py", line 456, in process_error
    raise AuthCanceled(self, data.get("error_description", ""))
social_core.exceptions.AuthCanceled: Authentication process canceled: The resource owner or authorization server denied the request
[2026-02-08 17:23:51] INFO uvicorn.access: 172.19.0.3:50118 - "GET /complete/discord/?error=access_denied&error_description=The+resource+owner+or+authorization+server+denied+the+request&state=WTy90tUaYOKqRVm5Jmf3c1L9TCqmgiUw HTTP/1.0" 500
[2026-02-08 17:24:05] ERROR django.request: Internal Server Error: /complete/discord/
Traceback (most recent call last):
  File "/opt/venv/lib/python3.14/site-packages/asgiref/sync.py", line 552, in thread_handler
    raise exc_info[1]
  File "/opt/venv/lib/python3.14/site-packages/django/core/handlers/exception.py", line 42, in inner
    response = await get_response(request)
               ^^^^^^^^^^^^^^^^^^^^^^^^^^^
  File "/opt/venv/lib/python3.14/site-packages/asgiref/sync.py", line 552, in thread_handler
    raise exc_info[1]
  File "/opt/venv/lib/python3.14/site-packages/django/core/handlers/base.py", line 254, in _get_response_async
    response = await wrapped_callback(
               ^^^^^^^^^^^^^^^^^^^^^^^
        request, *callback_args, **callback_kwargs
        ^^^^^^^^^^^^^^^^^^^^^^^^^^^^^^^^^^^^^^^^^^
    )
    ^
  File "/opt/venv/lib/python3.14/site-packages/asgiref/sync.py", line 502, in __call__
    ret = await asyncio.shield(exec_coro)
          ^^^^^^^^^^^^^^^^^^^^^^^^^^^^^^^
  File "/opt/venv/lib/python3.14/site-packages/asgiref/current_thread_executor.py", line 40, in run
    result = self.fn(*self.args, **self.kwargs)
  File "/opt/venv/lib/python3.14/site-packages/asgiref/sync.py", line 556, in thread_handler
    return func(*args, **kwargs)
  File "/opt/venv/lib/python3.14/site-packages/django/views/decorators/cache.py", line 80, in _view_wrapper
    response = view_func(request, *args, **kwargs)
  File "/opt/venv/lib/python3.14/site-packages/django/views/decorators/csrf.py", line 65, in _view_wrapper
    return view_func(request, *args, **kwargs)
  File "/opt/venv/lib/python3.14/site-packages/social_django/utils.py", line 44, in wrapper
    return func(request, backend, *args, **kwargs)
  File "/opt/venv/lib/python3.14/site-packages/social_django/views.py", line 33, in complete
    return do_complete(
        request.backend,
    ...<5 lines>...
        **kwargs,
    )
  File "/opt/venv/lib/python3.14/site-packages/social_core/actions.py", line 50, in do_complete
    user = backend.complete(*args, user=user, redirect_name=redirect_name, **kwargs)
  File "/opt/venv/lib/python3.14/site-packages/social_core/backends/base.py", line 54, in complete
    return self.auth_complete(*args, **kwargs)
           ~~~~~~~~~~~~~~~~~~^^^^^^^^^^^^^^^^^
  File "/opt/venv/lib/python3.14/site-packages/social_core/utils.py", line 244, in wrapper
    return func(*args, **kwargs)
  File "/opt/venv/lib/python3.14/site-packages/social_core/backends/oauth.py", line 464, in auth_complete
    self.process_error(self.data)
    ~~~~~~~~~~~~~~~~~~^^^^^^^^^^^
  File "/opt/venv/lib/python3.14/site-packages/social_core/backends/oauth.py", line 456, in process_error
    raise AuthCanceled(self, data.get("error_description", ""))
social_core.exceptions.AuthCanceled: Authentication process canceled: The resource owner or authorization server denied the request
[2026-02-08 17:24:05] INFO uvicorn.access: 172.19.0.3:42978 - "GET /complete/discord/?error=access_denied&error_description=The+resource+owner+or+authorization+server+denied+the+request&state=WTy90tUaYOKqRVm5Jmf3c1L9TCqmgiUw HTTP/1.0" 500
[2026-02-08 17:24:16] ERROR django.request: Internal Server Error: /complete/discord/
Traceback (most recent call last):
  File "/opt/venv/lib/python3.14/site-packages/asgiref/sync.py", line 552, in thread_handler
    raise exc_info[1]
  File "/opt/venv/lib/python3.14/site-packages/django/core/handlers/exception.py", line 42, in inner
    response = await get_response(request)
               ^^^^^^^^^^^^^^^^^^^^^^^^^^^
  File "/opt/venv/lib/python3.14/site-packages/asgiref/sync.py", line 552, in thread_handler
    raise exc_info[1]
  File "/opt/venv/lib/python3.14/site-packages/django/core/handlers/base.py", line 254, in _get_response_async
    response = await wrapped_callback(
               ^^^^^^^^^^^^^^^^^^^^^^^
        request, *callback_args, **callback_kwargs
        ^^^^^^^^^^^^^^^^^^^^^^^^^^^^^^^^^^^^^^^^^^
    )
    ^
  File "/opt/venv/lib/python3.14/site-packages/asgiref/sync.py", line 502, in __call__
    ret = await asyncio.shield(exec_coro)
          ^^^^^^^^^^^^^^^^^^^^^^^^^^^^^^^
  File "/opt/venv/lib/python3.14/site-packages/asgiref/current_thread_executor.py", line 40, in run
    result = self.fn(*self.args, **self.kwargs)
  File "/opt/venv/lib/python3.14/site-packages/asgiref/sync.py", line 556, in thread_handler
    return func(*args, **kwargs)
  File "/opt/venv/lib/python3.14/site-packages/django/views/decorators/cache.py", line 80, in _view_wrapper
    response = view_func(request, *args, **kwargs)
  File "/opt/venv/lib/python3.14/site-packages/django/views/decorators/csrf.py", line 65, in _view_wrapper
    return view_func(request, *args, **kwargs)
  File "/opt/venv/lib/python3.14/site-packages/social_django/utils.py", line 44, in wrapper
    return func(request, backend, *args, **kwargs)
  File "/opt/venv/lib/python3.14/site-packages/social_django/views.py", line 33, in complete
    return do_complete(
        request.backend,
    ...<5 lines>...
        **kwargs,
    )
  File "/opt/venv/lib/python3.14/site-packages/social_core/actions.py", line 50, in do_complete
    user = backend.complete(*args, user=user, redirect_name=redirect_name, **kwargs)
  File "/opt/venv/lib/python3.14/site-packages/social_core/backends/base.py", line 54, in complete
    return self.auth_complete(*args, **kwargs)
           ~~~~~~~~~~~~~~~~~~^^^^^^^^^^^^^^^^^
  File "/opt/venv/lib/python3.14/site-packages/social_core/utils.py", line 244, in wrapper
    return func(*args, **kwargs)
  File "/opt/venv/lib/python3.14/site-packages/social_core/backends/oauth.py", line 464, in auth_complete
    self.process_error(self.data)
    ~~~~~~~~~~~~~~~~~~^^^^^^^^^^^
  File "/opt/venv/lib/python3.14/site-packages/social_core/backends/oauth.py", line 456, in process_error
    raise AuthCanceled(self, data.get("error_description", ""))
social_core.exceptions.AuthCanceled: Authentication process canceled: The resource owner or authorization server denied the request
[2026-02-08 17:24:16] INFO uvicorn.access: 172.19.0.3:51752 - "GET /complete/discord/?error=access_denied&error_description=The+resource+owner+or+authorization+server+denied+the+request&state=WTy90tUaYOKqRVm5Jmf3c1L9TCqmgiUw HTTP/1.0" 500
[2026-02-08 17:25:06] INFO uvicorn.access: 172.19.0.3:51238 - "GET /complete/discord/?code=yc31Zi8rLW9cb0VnIaO3Xy2MSnAbxt&state=WTy90tUaYOKqRVm5Jmf3c1L9TCqmgiUw HTTP/1.0" 302
[2026-02-08 17:25:07] INFO uvicorn.access: 172.19.0.3:40274 - "GET / HTTP/1.0" 302
[2026-02-08 17:25:07] INFO uvicorn.access: 172.19.0.3:40276 - "GET /login/?next=/ HTTP/1.0" 200
[2026-02-08 17:28:52] INFO uvicorn.access: 172.19.0.3:49202 - "GET /login/discord/ HTTP/1.0" 302
[2026-02-08 17:29:32] INFO uvicorn.access: 172.19.0.3:54756 - "GET /complete/discord/?code=IG3QBfEs2GHxorQDknI89Sj1p0CXhq&state=WTy90tUaYOKqRVm5Jmf3c1L9TCqmgiUw HTTP/1.0" 302
[2026-02-08 17:29:32] INFO uvicorn.access: 172.19.0.3:54758 - "GET / HTTP/1.0" 302
[2026-02-08 17:29:32] INFO uvicorn.access: 172.19.0.3:54762 - "GET /login/?next=/ HTTP/1.0" 200
[2026-02-08 17:29:53] INFO uvicorn.access: 172.19.0.3:53770 - "GET /users/user/ HTTP/1.0" 200
[2026-02-08 17:29:55] INFO uvicorn.access: 172.19.0.3:53776 - "GET /jsi18n/ HTTP/1.0" 200
[2026-02-08 17:30:00] INFO uvicorn.access: 172.19.0.3:40978 - "GET /users/user/4/change/ HTTP/1.0" 200
[2026-02-08 17:30:01] INFO uvicorn.access: 172.19.0.3:40994 - "GET /jsi18n/ HTTP/1.0" 200
[2026-02-08 17:30:26] INFO uvicorn.access: 172.19.0.3:57486 - "GET /auth/group/ HTTP/1.0" 200
[2026-02-08 17:30:26] INFO uvicorn.access: 172.19.0.3:55660 - "GET /jsi18n/ HTTP/1.0" 200
[2026-02-08 17:30:30] INFO uvicorn.access: 172.19.0.3:55672 - "GET /auth/group/1/change/ HTTP/1.0" 200
[2026-02-08 17:30:30] INFO uvicorn.access: 172.19.0.3:55674 - "GET /jsi18n/ HTTP/1.0" 200
[2026-02-08 17:30:50] INFO uvicorn.access: 172.19.0.3:43894 - "GET /auth/group/ HTTP/1.0" 200
[2026-02-08 17:30:50] INFO uvicorn.access: 172.19.0.3:43900 - "GET /jsi18n/ HTTP/1.0" 200
[2026-02-08 17:30:52] INFO uvicorn.access: 172.19.0.3:43912 - "GET /auth/group/2/change/ HTTP/1.0" 200
[2026-02-08 17:30:52] INFO uvicorn.access: 172.19.0.3:43924 - "GET /jsi18n/ HTTP/1.0" 200
[2026-02-08 17:31:27] INFO uvicorn.access: 172.19.0.3:53868 - "GET /social_django/ HTTP/1.0" 200
[2026-02-08 17:31:30] INFO uvicorn.access: 172.19.0.3:53880 - "GET /social_django/association/ HTTP/1.0" 200
[2026-02-08 17:31:30] INFO uvicorn.access: 172.19.0.3:53896 - "GET /jsi18n/ HTTP/1.0" 200
[2026-02-08 17:31:33] INFO uvicorn.access: 172.19.0.3:53908 - "GET /social_django/nonce/ HTTP/1.0" 200
[2026-02-08 17:31:33] INFO uvicorn.access: 172.19.0.3:53914 - "GET /jsi18n/ HTTP/1.0" 200
[2026-02-08 17:31:36] INFO uvicorn.access: 172.19.0.3:34948 - "GET /social_django/usersocialauth/ HTTP/1.0" 200
[2026-02-08 17:31:36] INFO uvicorn.access: 172.19.0.3:34954 - "GET /jsi18n/ HTTP/1.0" 200
[2026-02-08 17:31:42] INFO uvicorn.access: 172.19.0.3:34966 - "GET /social_django/usersocialauth/2/change/ HTTP/1.0" 200
[2026-02-08 17:31:42] INFO uvicorn.access: 172.19.0.3:34970 - "GET /jsi18n/ HTTP/1.0" 200
[2026-02-08 17:31:49] INFO uvicorn.access: 172.19.0.3:39776 - "GET /auth/ HTTP/1.0" 200
[2026-02-08 17:31:51] INFO uvicorn.access: 172.19.0.3:39786 - "GET / HTTP/1.0" 200
[2026-02-08 17:31:55] INFO uvicorn.access: 172.19.0.3:39802 - "GET /users/user/ HTTP/1.0" 200
[2026-02-08 17:31:55] INFO uvicorn.access: 172.19.0.3:39810 - "GET /jsi18n/ HTTP/1.0" 200
[2026-02-08 17:32:08] INFO uvicorn.access: 172.19.0.3:41184 - "GET /users/user/4/change/ HTTP/1.0" 200
[2026-02-08 17:32:09] INFO uvicorn.access: 172.19.0.3:41200 - "GET /jsi18n/ HTTP/1.0" 200
[2026-02-08 17:32:40] INFO uvicorn.access: 172.19.0.3:52410 - "POST /users/user/4/change/ HTTP/1.0" 302
[2026-02-08 17:32:40] INFO uvicorn.access: 172.19.0.3:52420 - "GET /users/user/ HTTP/1.0" 200
[2026-02-08 17:32:41] INFO uvicorn.access: 172.19.0.3:52436 - "GET /jsi18n/ HTTP/1.0" 200
[2026-02-08 17:32:56] INFO uvicorn.access: 172.19.0.3:49734 - "GET /login/discord/ HTTP/1.0" 302
[2026-02-08 17:33:02] INFO admin_panel.pipeline: BLAST (`lomadinlong223`, 798614478635139092) logged in to the admin panel using Discord OAuth2, but no staff status has been found.
user.is_staff=True user.is_superuser=False
[2026-02-08 17:33:02] INFO uvicorn.access: 172.19.0.3:49742 - "GET /complete/discord/?code=TtGd89TiOPIv6bDvywwMfutHclzasL&state=WTy90tUaYOKqRVm5Jmf3c1L9TCqmgiUw HTTP/1.0" 302
[2026-02-08 17:33:03] INFO uvicorn.access: 172.19.0.3:49750 - "GET / HTTP/1.0" 200
[2026-02-08 17:33:16] INFO uvicorn.access: 172.19.0.3:35098 - "GET /bd_models/special/ HTTP/1.0" 200
[2026-02-08 17:33:16] INFO uvicorn.access: 172.19.0.3:35112 - "GET /jsi18n/ HTTP/1.0" 200
[2026-02-08 17:33:21] INFO uvicorn.access: 172.19.0.3:35118 - "GET /bd_models/ballinstance/ HTTP/1.0" 200
[2026-02-08 17:33:21] INFO uvicorn.access: 172.19.0.3:35128 - "GET /jsi18n/ HTTP/1.0" 200
[2026-02-08 17:33:33] INFO uvicorn.access: 172.19.0.3:34378 - "GET /bd_models/guildconfig/ HTTP/1.0" 200
[2026-02-08 17:33:34] INFO uvicorn.access: 172.19.0.3:34386 - "GET /jsi18n/ HTTP/1.0" 200
[2026-02-08 17:34:03] INFO uvicorn.access: 172.19.0.3:37350 - "GET /users/user/2/change/ HTTP/1.0" 200
[2026-02-08 17:34:04] INFO uvicorn.access: 172.19.0.3:37362 - "GET /jsi18n/ HTTP/1.0" 200
[2026-02-08 17:34:18] INFO uvicorn.access: 172.19.0.3:47292 - "GET /users/user/ HTTP/1.0" 200
[2026-02-08 17:34:23] INFO uvicorn.access: 172.19.0.3:47300 - "GET /users/user/4/change/ HTTP/1.0" 200
[2026-02-08 17:34:24] INFO uvicorn.access: 172.19.0.3:47312 - "GET /jsi18n/ HTTP/1.0" 200
[2026-02-08 17:35:01] INFO uvicorn.access: 172.19.0.3:46176 - "POST /users/user/4/change/ HTTP/1.0" 302
[2026-02-08 17:35:02] INFO uvicorn.access: 172.19.0.3:46192 - "GET /users/user/ HTTP/1.0" 200
[2026-02-08 17:35:02] INFO uvicorn.access: 172.19.0.3:46204 - "GET /jsi18n/ HTTP/1.0" 200
[2026-02-08 17:35:06] INFO uvicorn.access: 172.19.0.3:46000 - "GET /bd_models/ballinstance/ HTTP/1.0" 200
[2026-02-08 17:35:10] INFO uvicorn.access: 172.19.0.3:46012 - "GET /bd_models/guildconfig/ HTTP/1.0" 200
[2026-02-08 17:35:10] INFO uvicorn.access: 172.19.0.3:46022 - "GET /jsi18n/ HTTP/1.0" 200
[2026-02-08 17:35:12] INFO uvicorn.access: 172.19.0.3:46030 - "GET /bd_models/ballinstance/ HTTP/1.0" 200
[2026-02-08 17:35:14] INFO uvicorn.access: 172.19.0.3:46036 - "GET /bd_models/player/ HTTP/1.0" 200
[2026-02-08 17:35:14] INFO uvicorn.access: 172.19.0.3:46048 - "GET /jsi18n/ HTTP/1.0" 200
[2026-02-08 17:35:16] INFO uvicorn.access: 172.19.0.3:55444 - "GET /bd_models/trade/ HTTP/1.0" 200
[2026-02-08 17:35:20] INFO uvicorn.access: 172.19.0.3:55448 - "GET /bd_models/guildconfig/ HTTP/1.0" 200
[2026-02-08 17:35:20] INFO uvicorn.access: 172.19.0.3:55454 - "GET /jsi18n/ HTTP/1.0" 200
[2026-02-08 17:35:57] INFO uvicorn.access: 172.19.0.3:52218 - "GET /users/user/2/change/ HTTP/1.0" 200
[2026-02-08 17:35:58] INFO uvicorn.access: 172.19.0.3:52230 - "GET /jsi18n/ HTTP/1.0" 200
[2026-02-08 17:36:13] INFO uvicorn.access: 172.19.0.3:39284 - "GET /users/user/ HTTP/1.0" 200
[2026-02-08 17:36:26] INFO uvicorn.access: 172.19.0.3:53394 - "GET /users/user/?is_superuser__exact=1 HTTP/1.0" 200
[2026-02-08 17:36:26] INFO uvicorn.access: 172.19.0.3:48090 - "GET /jsi18n/ HTTP/1.0" 200
[2026-02-08 17:36:33] INFO uvicorn.access: 172.19.0.3:48098 - "GET /users/user/ HTTP/1.0" 200
[2026-02-08 17:36:33] INFO uvicorn.access: 172.19.0.3:48102 - "GET /jsi18n/ HTTP/1.0" 200
[2026-02-08 17:42:42] INFO uvicorn.access: 172.19.0.3:45052 - "GET /users/user/4/change/ HTTP/1.0" 200
[2026-02-08 17:42:43] INFO uvicorn.access: 172.19.0.3:45054 - "GET /jsi18n/ HTTP/1.0" 200
[2026-02-08 17:42:54] INFO uvicorn.access: 172.19.0.3:60890 - "GET /users/user/4/delete/ HTTP/1.0" 200
[2026-02-08 17:43:08] INFO uvicorn.access: 172.19.0.3:52822 - "POST /users/user/4/delete/ HTTP/1.0" 302
[2026-02-08 17:43:08] INFO uvicorn.access: 172.19.0.3:52834 - "GET /users/user/ HTTP/1.0" 200
[2026-02-08 17:43:09] INFO uvicorn.access: 172.19.0.3:52840 - "GET /jsi18n/ HTTP/1.0" 200
[2026-02-08 17:43:21] INFO uvicorn.access: 172.19.0.3:43876 - "GET / HTTP/1.0" 200
[2026-02-08 17:43:33] INFO uvicorn.access: 172.19.0.3:60022 - "GET /users/user/ HTTP/1.0" 200
[2026-02-08 17:43:38] INFO uvicorn.access: 172.19.0.3:57808 - "GET /users/user/add/ HTTP/1.0" 200
[2026-02-08 17:43:39] INFO uvicorn.access: 172.19.0.3:57814 - "GET /jsi18n/ HTTP/1.0" 200
[2026-02-08 17:43:44] INFO uvicorn.access: 172.19.0.3:57826 - "GET /users/user/ HTTP/1.0" 200
[2026-02-08 17:56:08] INFO uvicorn.access: 172.19.0.3:51368 - "GET /bd_models/guildconfig/ HTTP/1.0" 302
[2026-02-08 17:56:08] INFO uvicorn.access: 172.19.0.3:51376 - "GET /login/?next=/bd_models/guildconfig/ HTTP/1.0" 200
[2026-02-08 17:56:11] INFO uvicorn.access: 172.19.0.3:51380 - "GET /login/discord/ HTTP/1.0" 302
[2026-02-08 17:56:19] INFO uvicorn.access: 172.19.0.3:51926 - "GET /complete/discord/?code=OHObrJ30C4nPZkZ0dT3DqHRNDNwBrb&state=WTy90tUaYOKqRVm5Jmf3c1L9TCqmgiUw HTTP/1.0" 302
[2026-02-08 17:56:19] INFO uvicorn.access: 172.19.0.3:51930 - "GET / HTTP/1.0" 302
[2026-02-08 17:56:19] INFO uvicorn.access: 172.19.0.3:51944 - "GET /login/?next=/ HTTP/1.0" 200
[2026-02-08 18:10:05] INFO uvicorn.access: 172.19.0.3:46384 - "GET / HTTP/1.0" 302
[2026-02-08 18:10:06] INFO uvicorn.access: 172.19.0.3:46388 - "GET /login/?next=/ HTTP/1.0" 200
[2026-02-08 19:12:17] ERROR discord.shard: Attempting a reconnect for shard ID 0 in 0.36s
Traceback (most recent call last):
  File "/opt/venv/lib/python3.14/site-packages/discord/shard.py", line 173, in worker
    await self.ws.poll_event()
  File "/opt/venv/lib/python3.14/site-packages/discord/gateway.py", line 635, in poll_event
    await self.received_message(msg.data)
  File "/opt/venv/lib/python3.14/site-packages/discord/gateway.py", line 540, in received_message
    await self.send_as_json(beat)
  File "/opt/venv/lib/python3.14/site-packages/discord/gateway.py", line 671, in send_as_json
    await self.send(utils._to_json(data))
  File "/opt/venv/lib/python3.14/site-packages/discord/gateway.py", line 667, in send
    await self.socket.send_str(data)
  File "/opt/venv/lib/python3.14/site-packages/aiohttp/client_ws.py", line 245, in send_str
    await self._writer.send_frame(
        data.encode("utf-8"), WSMsgType.TEXT, compress=compress
    )
  File "/opt/venv/lib/python3.14/site-packages/aiohttp/_websocket/writer.py", line 83, in send_frame
    self._write_websocket_frame(message, opcode, 0)
    ~~~~~~~~~~~~~~~~~~~~~~~~~~~^^^^^^^^^^^^^^^^^^^^
  File "/opt/venv/lib/python3.14/site-packages/aiohttp/_websocket/writer.py", line 151, in _write_websocket_frame
    raise ClientConnectionResetError("Cannot write to closing transport")
aiohttp.client_exceptions.ClientConnectionResetError: Cannot write to closing transport
[2026-02-08 19:12:35] INFO discord.gateway: Shard ID 0 has connected to Gateway (Session ID: 56daa6ef7a609750a26a18d39c14b009).
[2026-02-08 19:15:17] INFO uvicorn.access: 172.19.0.3:35472 - "GET /login/discord/ HTTP/1.0" 302
[2026-02-08 19:21:13] ERROR django.request: Internal Server Error: /complete/discord/
Traceback (most recent call last):
  File "/opt/venv/lib/python3.14/site-packages/asgiref/sync.py", line 552, in thread_handler
    raise exc_info[1]
  File "/opt/venv/lib/python3.14/site-packages/django/core/handlers/exception.py", line 42, in inner
    response = await get_response(request)
               ^^^^^^^^^^^^^^^^^^^^^^^^^^^
  File "/opt/venv/lib/python3.14/site-packages/asgiref/sync.py", line 552, in thread_handler
    raise exc_info[1]
  File "/opt/venv/lib/python3.14/site-packages/django/core/handlers/base.py", line 254, in _get_response_async
    response = await wrapped_callback(
               ^^^^^^^^^^^^^^^^^^^^^^^
        request, *callback_args, **callback_kwargs
        ^^^^^^^^^^^^^^^^^^^^^^^^^^^^^^^^^^^^^^^^^^
    )
    ^
  File "/opt/venv/lib/python3.14/site-packages/asgiref/sync.py", line 502, in __call__
    ret = await asyncio.shield(exec_coro)
          ^^^^^^^^^^^^^^^^^^^^^^^^^^^^^^^
  File "/opt/venv/lib/python3.14/site-packages/asgiref/current_thread_executor.py", line 40, in run
    result = self.fn(*self.args, **self.kwargs)
  File "/opt/venv/lib/python3.14/site-packages/asgiref/sync.py", line 556, in thread_handler
    return func(*args, **kwargs)
  File "/opt/venv/lib/python3.14/site-packages/django/views/decorators/cache.py", line 80, in _view_wrapper
    response = view_func(request, *args, **kwargs)
  File "/opt/venv/lib/python3.14/site-packages/django/views/decorators/csrf.py", line 65, in _view_wrapper
    return view_func(request, *args, **kwargs)
  File "/opt/venv/lib/python3.14/site-packages/social_django/utils.py", line 44, in wrapper
    return func(request, backend, *args, **kwargs)
  File "/opt/venv/lib/python3.14/site-packages/social_django/views.py", line 33, in complete
    return do_complete(
        request.backend,
    ...<5 lines>...
        **kwargs,
    )
  File "/opt/venv/lib/python3.14/site-packages/social_core/actions.py", line 50, in do_complete
    user = backend.complete(*args, user=user, redirect_name=redirect_name, **kwargs)
  File "/opt/venv/lib/python3.14/site-packages/social_core/backends/base.py", line 54, in complete
    return self.auth_complete(*args, **kwargs)
           ~~~~~~~~~~~~~~~~~~^^^^^^^^^^^^^^^^^
  File "/opt/venv/lib/python3.14/site-packages/social_core/utils.py", line 244, in wrapper
    return func(*args, **kwargs)
  File "/opt/venv/lib/python3.14/site-packages/social_core/backends/oauth.py", line 481, in auth_complete
    return self.do_auth(
           ~~~~~~~~~~~~^
        response["access_token"], *args, response=response, **kwargs
        ^^^^^^^^^^^^^^^^^^^^^^^^^^^^^^^^^^^^^^^^^^^^^^^^^^^^^^^^^^^^
    )
    ^
  File "/opt/venv/lib/python3.14/site-packages/social_core/utils.py", line 244, in wrapper
    return func(*args, **kwargs)
  File "/opt/venv/lib/python3.14/site-packages/social_core/backends/oauth.py", line 494, in do_auth
    return self.strategy.authenticate(*args, **kwargs)
           ~~~~~~~~~~~~~~~~~~~~~~~~~~^^^^^^^^^^^^^^^^^
  File "/opt/venv/lib/python3.14/site-packages/social_django/strategy.py", line 121, in authenticate
    return authenticate(*args, **kwargs)
  File "/opt/venv/lib/python3.14/site-packages/django/views/decorators/debug.py", line 75, in sensitive_variables_wrapper
    return func(*func_args, **func_kwargs)
  File "/opt/venv/lib/python3.14/site-packages/django/contrib/auth/__init__.py", line 114, in authenticate
    user = backend.authenticate(request, **credentials)
  File "/opt/venv/lib/python3.14/site-packages/social_core/backends/base.py", line 97, in authenticate
    return self.pipeline(pipeline, *args, **kwargs)
           ~~~~~~~~~~~~~^^^^^^^^^^^^^^^^^^^^^^^^^^^
  File "/opt/venv/lib/python3.14/site-packages/social_core/backends/base.py", line 100, in pipeline
    out = self.run_pipeline(pipeline, pipeline_index, *args, **kwargs)
  File "/opt/venv/lib/python3.14/site-packages/social_core/backends/base.py", line 132, in run_pipeline
    result = func(*args, **out) or {}
             ~~~~^^^^^^^^^^^^^^
  File "/opt/venv/lib/python3.14/site-packages/social_core/pipeline/social_auth.py", line 32, in social_user
    raise AuthAlreadyAssociated(backend)
social_core.exceptions.AuthAlreadyAssociated: This account is already in use.
[2026-02-08 19:21:13] INFO uvicorn.access: 172.19.0.3:48240 - "GET /complete/discord/?code=0iPrFU1udbCb57IEkYuXnnkMhMl3ki&state=F89dFAnI9WGyO2583jtPQyD8C30bN4Pf HTTP/1.0" 500
[2026-02-08 19:21:33] ERROR django.request: Internal Server Error: /complete/discord/
Traceback (most recent call last):
  File "/opt/venv/lib/python3.14/site-packages/asgiref/sync.py", line 552, in thread_handler
    raise exc_info[1]
  File "/opt/venv/lib/python3.14/site-packages/django/core/handlers/exception.py", line 42, in inner
    response = await get_response(request)
               ^^^^^^^^^^^^^^^^^^^^^^^^^^^
  File "/opt/venv/lib/python3.14/site-packages/asgiref/sync.py", line 552, in thread_handler
    raise exc_info[1]
  File "/opt/venv/lib/python3.14/site-packages/django/core/handlers/base.py", line 254, in _get_response_async
    response = await wrapped_callback(
               ^^^^^^^^^^^^^^^^^^^^^^^
        request, *callback_args, **callback_kwargs
        ^^^^^^^^^^^^^^^^^^^^^^^^^^^^^^^^^^^^^^^^^^
    )
    ^
  File "/opt/venv/lib/python3.14/site-packages/asgiref/sync.py", line 502, in __call__
    ret = await asyncio.shield(exec_coro)
          ^^^^^^^^^^^^^^^^^^^^^^^^^^^^^^^
  File "/opt/venv/lib/python3.14/site-packages/asgiref/current_thread_executor.py", line 40, in run
    result = self.fn(*self.args, **self.kwargs)
  File "/opt/venv/lib/python3.14/site-packages/asgiref/sync.py", line 556, in thread_handler
    return func(*args, **kwargs)
  File "/opt/venv/lib/python3.14/site-packages/django/views/decorators/cache.py", line 80, in _view_wrapper
    response = view_func(request, *args, **kwargs)
  File "/opt/venv/lib/python3.14/site-packages/django/views/decorators/csrf.py", line 65, in _view_wrapper
    return view_func(request, *args, **kwargs)
  File "/opt/venv/lib/python3.14/site-packages/social_django/utils.py", line 44, in wrapper
    return func(request, backend, *args, **kwargs)
  File "/opt/venv/lib/python3.14/site-packages/social_django/views.py", line 33, in complete
    return do_complete(
        request.backend,
    ...<5 lines>...
        **kwargs,
    )
  File "/opt/venv/lib/python3.14/site-packages/social_core/actions.py", line 50, in do_complete
    user = backend.complete(*args, user=user, redirect_name=redirect_name, **kwargs)
  File "/opt/venv/lib/python3.14/site-packages/social_core/backends/base.py", line 54, in complete
    return self.auth_complete(*args, **kwargs)
           ~~~~~~~~~~~~~~~~~~^^^^^^^^^^^^^^^^^
  File "/opt/venv/lib/python3.14/site-packages/social_core/utils.py", line 244, in wrapper
    return func(*args, **kwargs)
  File "/opt/venv/lib/python3.14/site-packages/social_core/backends/oauth.py", line 481, in auth_complete
    return self.do_auth(
           ~~~~~~~~~~~~^
        response["access_token"], *args, response=response, **kwargs
        ^^^^^^^^^^^^^^^^^^^^^^^^^^^^^^^^^^^^^^^^^^^^^^^^^^^^^^^^^^^^
    )
    ^
  File "/opt/venv/lib/python3.14/site-packages/social_core/utils.py", line 244, in wrapper
    return func(*args, **kwargs)
  File "/opt/venv/lib/python3.14/site-packages/social_core/backends/oauth.py", line 494, in do_auth
    return self.strategy.authenticate(*args, **kwargs)
           ~~~~~~~~~~~~~~~~~~~~~~~~~~^^^^^^^^^^^^^^^^^
  File "/opt/venv/lib/python3.14/site-packages/social_django/strategy.py", line 121, in authenticate
    return authenticate(*args, **kwargs)
  File "/opt/venv/lib/python3.14/site-packages/django/views/decorators/debug.py", line 75, in sensitive_variables_wrapper
    return func(*func_args, **func_kwargs)
  File "/opt/venv/lib/python3.14/site-packages/django/contrib/auth/__init__.py", line 114, in authenticate
    user = backend.authenticate(request, **credentials)
  File "/opt/venv/lib/python3.14/site-packages/social_core/backends/base.py", line 97, in authenticate
    return self.pipeline(pipeline, *args, **kwargs)
           ~~~~~~~~~~~~~^^^^^^^^^^^^^^^^^^^^^^^^^^^
  File "/opt/venv/lib/python3.14/site-packages/social_core/backends/base.py", line 100, in pipeline
    out = self.run_pipeline(pipeline, pipeline_index, *args, **kwargs)
  File "/opt/venv/lib/python3.14/site-packages/social_core/backends/base.py", line 132, in run_pipeline
    result = func(*args, **out) or {}
             ~~~~^^^^^^^^^^^^^^
  File "/opt/venv/lib/python3.14/site-packages/social_core/pipeline/social_auth.py", line 32, in social_user
    raise AuthAlreadyAssociated(backend)
social_core.exceptions.AuthAlreadyAssociated: This account is already in use.
[2026-02-08 19:21:33] INFO uvicorn.access: 172.19.0.3:40230 - "GET /complete/discord/?code=PnduAfqWssrZH6AKHVp8qnB2psGNHl&state=F89dFAnI9WGyO2583jtPQyD8C30bN4Pf HTTP/1.0" 500
[2026-02-08 19:21:41] ERROR asyncio: CancelledError exception in shielded future
future: <Future finished exception=CancelledError()>
Traceback (most recent call last):
  File "/opt/venv/lib/python3.14/site-packages/asgiref/sync.py", line 502, in __call__
    ret = await asyncio.shield(exec_coro)
          ^^^^^^^^^^^^^^^^^^^^^^^^^^^^^^^
asyncio.exceptions.CancelledError

During handling of the above exception, another exception occurred:

Traceback (most recent call last):
  File "/usr/local/lib/python3.14/concurrent/futures/thread.py", line 86, in run
    result = ctx.run(self.task)
  File "/usr/local/lib/python3.14/concurrent/futures/thread.py", line 73, in run
    return fn(*args, **kwargs)
  File "/opt/venv/lib/python3.14/site-packages/asgiref/sync.py", line 556, in thread_handler
    return func(*args, **kwargs)
  File "/opt/venv/lib/python3.14/site-packages/django/core/handlers/exception.py", line 55, in inner
    response = get_response(request)
  File "/opt/venv/lib/python3.14/site-packages/django/utils/deprecation.py", line 309, in __call__
    response = response or self.get_response(request)
                           ~~~~~~~~~~~~~~~~~^^^^^^^^^
  File "/opt/venv/lib/python3.14/site-packages/django/core/handlers/exception.py", line 55, in inner
    response = get_response(request)
  File "/opt/venv/lib/python3.14/site-packages/django/utils/deprecation.py", line 309, in __call__
    response = response or self.get_response(request)
                           ~~~~~~~~~~~~~~~~~^^^^^^^^^
  File "/opt/venv/lib/python3.14/site-packages/django/core/handlers/exception.py", line 55, in inner
    response = get_response(request)
  File "/opt/venv/lib/python3.14/site-packages/django/utils/deprecation.py", line 309, in __call__
    response = response or self.get_response(request)
                           ~~~~~~~~~~~~~~~~~^^^^^^^^^
  File "/opt/venv/lib/python3.14/site-packages/django/core/handlers/exception.py", line 55, in inner
    response = get_response(request)
  File "/opt/venv/lib/python3.14/site-packages/django/utils/deprecation.py", line 309, in __call__
    response = response or self.get_response(request)
                           ~~~~~~~~~~~~~~~~~^^^^^^^^^
  File "/opt/venv/lib/python3.14/site-packages/django/core/handlers/exception.py", line 55, in inner
    response = get_response(request)
  File "/opt/venv/lib/python3.14/site-packages/django/utils/deprecation.py", line 309, in __call__
    response = response or self.get_response(request)
                           ~~~~~~~~~~~~~~~~~^^^^^^^^^
  File "/opt/venv/lib/python3.14/site-packages/django/core/handlers/exception.py", line 55, in inner
    response = get_response(request)
  File "/opt/venv/lib/python3.14/site-packages/django/utils/deprecation.py", line 309, in __call__
    response = response or self.get_response(request)
                           ~~~~~~~~~~~~~~~~~^^^^^^^^^
  File "/opt/venv/lib/python3.14/site-packages/django/core/handlers/exception.py", line 55, in inner
    response = get_response(request)
  File "/opt/venv/lib/python3.14/site-packages/django/utils/deprecation.py", line 309, in __call__
    response = response or self.get_response(request)
                           ~~~~~~~~~~~~~~~~~^^^^^^^^^
  File "/opt/venv/lib/python3.14/site-packages/django/core/handlers/exception.py", line 55, in inner
    response = get_response(request)
  File "/opt/venv/lib/python3.14/site-packages/admin_panel/middleware.py", line 12, in __call__
    response = self.get_response(request)
  File "/opt/venv/lib/python3.14/site-packages/asgiref/sync.py", line 325, in __call__
    return call_result.result()
           ~~~~~~~~~~~~~~~~~~^^
  File "/usr/local/lib/python3.14/concurrent/futures/_base.py", line 443, in result
    return self.__get_result()
           ~~~~~~~~~~~~~~~~~^^
  File "/usr/local/lib/python3.14/concurrent/futures/_base.py", line 395, in __get_result
    raise self._exception
  File "/opt/venv/lib/python3.14/site-packages/asgiref/sync.py", line 365, in main_wrap
    result = await awaitable
             ^^^^^^^^^^^^^^^
  File "/opt/venv/lib/python3.14/site-packages/django/core/handlers/exception.py", line 42, in inner
    response = await get_response(request)
               ^^^^^^^^^^^^^^^^^^^^^^^^^^^
  File "/opt/venv/lib/python3.14/site-packages/django/core/handlers/base.py", line 254, in _get_response_async
    response = await wrapped_callback(
               ^^^^^^^^^^^^^^^^^^^^^^^
        request, *callback_args, **callback_kwargs
        ^^^^^^^^^^^^^^^^^^^^^^^^^^^^^^^^^^^^^^^^^^
    )
    ^
  File "/opt/venv/lib/python3.14/site-packages/asgiref/sync.py", line 519, in __call__
    ret = await exec_coro
          ^^^^^^^^^^^^^^^
asyncio.exceptions.CancelledError
[2026-02-08 19:21:45] ERROR asyncio: CancelledError exception in shielded future
future: <Future finished exception=CancelledError()>
Traceback (most recent call last):
  File "/opt/venv/lib/python3.14/site-packages/asgiref/sync.py", line 502, in __call__
    ret = await asyncio.shield(exec_coro)
          ^^^^^^^^^^^^^^^^^^^^^^^^^^^^^^^
asyncio.exceptions.CancelledError

During handling of the above exception, another exception occurred:

Traceback (most recent call last):
  File "/usr/local/lib/python3.14/concurrent/futures/thread.py", line 86, in run
    result = ctx.run(self.task)
  File "/usr/local/lib/python3.14/concurrent/futures/thread.py", line 73, in run
    return fn(*args, **kwargs)
  File "/opt/venv/lib/python3.14/site-packages/asgiref/sync.py", line 556, in thread_handler
    return func(*args, **kwargs)
  File "/opt/venv/lib/python3.14/site-packages/django/core/handlers/exception.py", line 55, in inner
    response = get_response(request)
  File "/opt/venv/lib/python3.14/site-packages/django/utils/deprecation.py", line 309, in __call__
    response = response or self.get_response(request)
                           ~~~~~~~~~~~~~~~~~^^^^^^^^^
  File "/opt/venv/lib/python3.14/site-packages/django/core/handlers/exception.py", line 55, in inner
    response = get_response(request)
  File "/opt/venv/lib/python3.14/site-packages/django/utils/deprecation.py", line 309, in __call__
    response = response or self.get_response(request)
                           ~~~~~~~~~~~~~~~~~^^^^^^^^^
  File "/opt/venv/lib/python3.14/site-packages/django/core/handlers/exception.py", line 55, in inner
    response = get_response(request)
  File "/opt/venv/lib/python3.14/site-packages/django/utils/deprecation.py", line 309, in __call__
    response = response or self.get_response(request)
                           ~~~~~~~~~~~~~~~~~^^^^^^^^^
  File "/opt/venv/lib/python3.14/site-packages/django/core/handlers/exception.py", line 55, in inner
    response = get_response(request)
  File "/opt/venv/lib/python3.14/site-packages/django/utils/deprecation.py", line 309, in __call__
    response = response or self.get_response(request)
                           ~~~~~~~~~~~~~~~~~^^^^^^^^^
  File "/opt/venv/lib/python3.14/site-packages/django/core/handlers/exception.py", line 55, in inner
    response = get_response(request)
  File "/opt/venv/lib/python3.14/site-packages/django/utils/deprecation.py", line 309, in __call__
    response = response or self.get_response(request)
                           ~~~~~~~~~~~~~~~~~^^^^^^^^^
  File "/opt/venv/lib/python3.14/site-packages/django/core/handlers/exception.py", line 55, in inner
    response = get_response(request)
  File "/opt/venv/lib/python3.14/site-packages/django/utils/deprecation.py", line 309, in __call__
    response = response or self.get_response(request)
                           ~~~~~~~~~~~~~~~~~^^^^^^^^^
  File "/opt/venv/lib/python3.14/site-packages/django/core/handlers/exception.py", line 55, in inner
    response = get_response(request)
  File "/opt/venv/lib/python3.14/site-packages/django/utils/deprecation.py", line 309, in __call__
    response = response or self.get_response(request)
                           ~~~~~~~~~~~~~~~~~^^^^^^^^^
  File "/opt/venv/lib/python3.14/site-packages/django/core/handlers/exception.py", line 55, in inner
    response = get_response(request)
  File "/opt/venv/lib/python3.14/site-packages/admin_panel/middleware.py", line 12, in __call__
    response = self.get_response(request)
  File "/opt/venv/lib/python3.14/site-packages/asgiref/sync.py", line 325, in __call__
    return call_result.result()
           ~~~~~~~~~~~~~~~~~~^^
  File "/usr/local/lib/python3.14/concurrent/futures/_base.py", line 443, in result
    return self.__get_result()
           ~~~~~~~~~~~~~~~~~^^
  File "/usr/local/lib/python3.14/concurrent/futures/_base.py", line 395, in __get_result
    raise self._exception
  File "/opt/venv/lib/python3.14/site-packages/asgiref/sync.py", line 365, in main_wrap
    result = await awaitable
             ^^^^^^^^^^^^^^^
  File "/opt/venv/lib/python3.14/site-packages/django/core/handlers/exception.py", line 42, in inner
    response = await get_response(request)
               ^^^^^^^^^^^^^^^^^^^^^^^^^^^
  File "/opt/venv/lib/python3.14/site-packages/django/core/handlers/base.py", line 254, in _get_response_async
    response = await wrapped_callback(
               ^^^^^^^^^^^^^^^^^^^^^^^
        request, *callback_args, **callback_kwargs
        ^^^^^^^^^^^^^^^^^^^^^^^^^^^^^^^^^^^^^^^^^^
    )
    ^
  File "/opt/venv/lib/python3.14/site-packages/asgiref/sync.py", line 519, in __call__
    ret = await exec_coro
          ^^^^^^^^^^^^^^^
asyncio.exceptions.CancelledError
[2026-02-08 19:21:45] INFO uvicorn.access: 172.19.0.3:40828 - "GET /bd_models/trade/ HTTP/1.0" 302
[2026-02-08 19:21:46] ERROR asyncio: CancelledError exception in shielded future
future: <Future finished exception=CancelledError()>
Traceback (most recent call last):
  File "/opt/venv/lib/python3.14/site-packages/asgiref/sync.py", line 502, in __call__
    ret = await asyncio.shield(exec_coro)
          ^^^^^^^^^^^^^^^^^^^^^^^^^^^^^^^
asyncio.exceptions.CancelledError

During handling of the above exception, another exception occurred:

Traceback (most recent call last):
  File "/usr/local/lib/python3.14/concurrent/futures/thread.py", line 86, in run
    result = ctx.run(self.task)
  File "/usr/local/lib/python3.14/concurrent/futures/thread.py", line 73, in run
    return fn(*args, **kwargs)
  File "/opt/venv/lib/python3.14/site-packages/asgiref/sync.py", line 556, in thread_handler
    return func(*args, **kwargs)
  File "/opt/venv/lib/python3.14/site-packages/django/core/handlers/exception.py", line 55, in inner
    response = get_response(request)
  File "/opt/venv/lib/python3.14/site-packages/django/utils/deprecation.py", line 309, in __call__
    response = response or self.get_response(request)
                           ~~~~~~~~~~~~~~~~~^^^^^^^^^
  File "/opt/venv/lib/python3.14/site-packages/django/core/handlers/exception.py", line 55, in inner
    response = get_response(request)
  File "/opt/venv/lib/python3.14/site-packages/django/utils/deprecation.py", line 309, in __call__
    response = response or self.get_response(request)
                           ~~~~~~~~~~~~~~~~~^^^^^^^^^
  File "/opt/venv/lib/python3.14/site-packages/django/core/handlers/exception.py", line 55, in inner
    response = get_response(request)
  File "/opt/venv/lib/python3.14/site-packages/django/utils/deprecation.py", line 309, in __call__
    response = response or self.get_response(request)
                           ~~~~~~~~~~~~~~~~~^^^^^^^^^
  File "/opt/venv/lib/python3.14/site-packages/django/core/handlers/exception.py", line 55, in inner
    response = get_response(request)
  File "/opt/venv/lib/python3.14/site-packages/django/utils/deprecation.py", line 309, in __call__
    response = response or self.get_response(request)
                           ~~~~~~~~~~~~~~~~~^^^^^^^^^
  File "/opt/venv/lib/python3.14/site-packages/django/core/handlers/exception.py", line 55, in inner
    response = get_response(request)
  File "/opt/venv/lib/python3.14/site-packages/django/utils/deprecation.py", line 309, in __call__
    response = response or self.get_response(request)
                           ~~~~~~~~~~~~~~~~~^^^^^^^^^
  File "/opt/venv/lib/python3.14/site-packages/django/core/handlers/exception.py", line 55, in inner
    response = get_response(request)
  File "/opt/venv/lib/python3.14/site-packages/django/utils/deprecation.py", line 309, in __call__
    response = response or self.get_response(request)
                           ~~~~~~~~~~~~~~~~~^^^^^^^^^
  File "/opt/venv/lib/python3.14/site-packages/django/core/handlers/exception.py", line 55, in inner
    response = get_response(request)
  File "/opt/venv/lib/python3.14/site-packages/django/utils/deprecation.py", line 309, in __call__
    response = response or self.get_response(request)
                           ~~~~~~~~~~~~~~~~~^^^^^^^^^
  File "/opt/venv/lib/python3.14/site-packages/django/core/handlers/exception.py", line 55, in inner
    response = get_response(request)
  File "/opt/venv/lib/python3.14/site-packages/admin_panel/middleware.py", line 12, in __call__
    response = self.get_response(request)
  File "/opt/venv/lib/python3.14/site-packages/asgiref/sync.py", line 325, in __call__
    return call_result.result()
           ~~~~~~~~~~~~~~~~~~^^
  File "/usr/local/lib/python3.14/concurrent/futures/_base.py", line 443, in result
    return self.__get_result()
           ~~~~~~~~~~~~~~~~~^^
  File "/usr/local/lib/python3.14/concurrent/futures/_base.py", line 395, in __get_result
    raise self._exception
  File "/opt/venv/lib/python3.14/site-packages/asgiref/sync.py", line 365, in main_wrap
    result = await awaitable
             ^^^^^^^^^^^^^^^
  File "/opt/venv/lib/python3.14/site-packages/django/core/handlers/exception.py", line 42, in inner
    response = await get_response(request)
               ^^^^^^^^^^^^^^^^^^^^^^^^^^^
  File "/opt/venv/lib/python3.14/site-packages/django/core/handlers/base.py", line 285, in _get_response_async
    response = await sync_to_async(
               ^^^^^^^^^^^^^^^^^^^^
        response.render, thread_sensitive=True
        ^^^^^^^^^^^^^^^^^^^^^^^^^^^^^^^^^^^^^^
    )()
    ^^^
  File "/opt/venv/lib/python3.14/site-packages/asgiref/sync.py", line 519, in __call__
    ret = await exec_coro
          ^^^^^^^^^^^^^^^
asyncio.exceptions.CancelledError
[2026-02-08 19:21:46] INFO uvicorn.access: 172.19.0.3:40594 - "GET /bd_models/ballinstance/ HTTP/1.0" 302
[2026-02-08 19:21:47] INFO uvicorn.access: 172.19.0.3:40610 - "GET /login/?next=/bd_models/ballinstance/ HTTP/1.0" 200
[2026-02-08 19:21:51] INFO uvicorn.access: 172.19.0.3:40618 - "GET /login/discord/ HTTP/1.0" 302
[2026-02-08 19:21:58] ERROR django.request: Internal Server Error: /complete/discord/
Traceback (most recent call last):
  File "/opt/venv/lib/python3.14/site-packages/asgiref/sync.py", line 552, in thread_handler
    raise exc_info[1]
  File "/opt/venv/lib/python3.14/site-packages/django/core/handlers/exception.py", line 42, in inner
    response = await get_response(request)
               ^^^^^^^^^^^^^^^^^^^^^^^^^^^
  File "/opt/venv/lib/python3.14/site-packages/asgiref/sync.py", line 552, in thread_handler
    raise exc_info[1]
  File "/opt/venv/lib/python3.14/site-packages/django/core/handlers/base.py", line 254, in _get_response_async
    response = await wrapped_callback(
               ^^^^^^^^^^^^^^^^^^^^^^^
        request, *callback_args, **callback_kwargs
        ^^^^^^^^^^^^^^^^^^^^^^^^^^^^^^^^^^^^^^^^^^
    )
    ^
  File "/opt/venv/lib/python3.14/site-packages/asgiref/sync.py", line 502, in __call__
    ret = await asyncio.shield(exec_coro)
          ^^^^^^^^^^^^^^^^^^^^^^^^^^^^^^^
  File "/opt/venv/lib/python3.14/site-packages/asgiref/current_thread_executor.py", line 40, in run
    result = self.fn(*self.args, **self.kwargs)
  File "/opt/venv/lib/python3.14/site-packages/asgiref/sync.py", line 556, in thread_handler
    return func(*args, **kwargs)
  File "/opt/venv/lib/python3.14/site-packages/django/views/decorators/cache.py", line 80, in _view_wrapper
    response = view_func(request, *args, **kwargs)
  File "/opt/venv/lib/python3.14/site-packages/django/views/decorators/csrf.py", line 65, in _view_wrapper
    return view_func(request, *args, **kwargs)
  File "/opt/venv/lib/python3.14/site-packages/social_django/utils.py", line 44, in wrapper
    return func(request, backend, *args, **kwargs)
  File "/opt/venv/lib/python3.14/site-packages/social_django/views.py", line 33, in complete
    return do_complete(
        request.backend,
    ...<5 lines>...
        **kwargs,
    )
  File "/opt/venv/lib/python3.14/site-packages/social_core/actions.py", line 50, in do_complete
    user = backend.complete(*args, user=user, redirect_name=redirect_name, **kwargs)
  File "/opt/venv/lib/python3.14/site-packages/social_core/backends/base.py", line 54, in complete
    return self.auth_complete(*args, **kwargs)
           ~~~~~~~~~~~~~~~~~~^^^^^^^^^^^^^^^^^
  File "/opt/venv/lib/python3.14/site-packages/social_core/utils.py", line 244, in wrapper
    return func(*args, **kwargs)
  File "/opt/venv/lib/python3.14/site-packages/social_core/backends/oauth.py", line 481, in auth_complete
    return self.do_auth(
           ~~~~~~~~~~~~^
        response["access_token"], *args, response=response, **kwargs
        ^^^^^^^^^^^^^^^^^^^^^^^^^^^^^^^^^^^^^^^^^^^^^^^^^^^^^^^^^^^^
    )
    ^
  File "/opt/venv/lib/python3.14/site-packages/social_core/utils.py", line 244, in wrapper
    return func(*args, **kwargs)
  File "/opt/venv/lib/python3.14/site-packages/social_core/backends/oauth.py", line 494, in do_auth
    return self.strategy.authenticate(*args, **kwargs)
           ~~~~~~~~~~~~~~~~~~~~~~~~~~^^^^^^^^^^^^^^^^^
  File "/opt/venv/lib/python3.14/site-packages/social_django/strategy.py", line 121, in authenticate
    return authenticate(*args, **kwargs)
  File "/opt/venv/lib/python3.14/site-packages/django/views/decorators/debug.py", line 75, in sensitive_variables_wrapper
    return func(*func_args, **func_kwargs)
  File "/opt/venv/lib/python3.14/site-packages/django/contrib/auth/__init__.py", line 114, in authenticate
    user = backend.authenticate(request, **credentials)
  File "/opt/venv/lib/python3.14/site-packages/social_core/backends/base.py", line 97, in authenticate
    return self.pipeline(pipeline, *args, **kwargs)
           ~~~~~~~~~~~~~^^^^^^^^^^^^^^^^^^^^^^^^^^^
  File "/opt/venv/lib/python3.14/site-packages/social_core/backends/base.py", line 100, in pipeline
    out = self.run_pipeline(pipeline, pipeline_index, *args, **kwargs)
  File "/opt/venv/lib/python3.14/site-packages/social_core/backends/base.py", line 132, in run_pipeline
    result = func(*args, **out) or {}
             ~~~~^^^^^^^^^^^^^^
  File "/opt/venv/lib/python3.14/site-packages/social_core/pipeline/social_auth.py", line 32, in social_user
    raise AuthAlreadyAssociated(backend)
social_core.exceptions.AuthAlreadyAssociated: This account is already in use.
[2026-02-08 19:21:58] INFO uvicorn.access: 172.19.0.3:53680 - "GET /complete/discord/?code=4SuWnoJlS68X0ERr5pktsXQjUbfCwY&state=F89dFAnI9WGyO2583jtPQyD8C30bN4Pf HTTP/1.0" 500
[2026-02-08 19:22:17] INFO uvicorn.access: 172.19.0.3:44880 - "GET /login/?next=/ HTTP/1.0" 200
[2026-02-08 19:22:22] INFO uvicorn.access: 172.19.0.3:44888 - "GET /login/?next=/ HTTP/1.0" 200
[2026-02-08 19:22:24] INFO uvicorn.access: 172.19.0.3:44896 - "GET /login/?next=/ HTTP/1.0" 200
[2026-02-08 19:22:26] INFO uvicorn.access: 172.19.0.3:55112 - "GET /login/discord/ HTTP/1.0" 302
[2026-02-08 19:22:32] ERROR django.request: Internal Server Error: /complete/discord/
Traceback (most recent call last):
  File "/opt/venv/lib/python3.14/site-packages/asgiref/sync.py", line 552, in thread_handler
    raise exc_info[1]
  File "/opt/venv/lib/python3.14/site-packages/django/core/handlers/exception.py", line 42, in inner
    response = await get_response(request)
               ^^^^^^^^^^^^^^^^^^^^^^^^^^^
  File "/opt/venv/lib/python3.14/site-packages/asgiref/sync.py", line 552, in thread_handler
    raise exc_info[1]
  File "/opt/venv/lib/python3.14/site-packages/django/core/handlers/base.py", line 254, in _get_response_async
    response = await wrapped_callback(
               ^^^^^^^^^^^^^^^^^^^^^^^
        request, *callback_args, **callback_kwargs
        ^^^^^^^^^^^^^^^^^^^^^^^^^^^^^^^^^^^^^^^^^^
    )
    ^
  File "/opt/venv/lib/python3.14/site-packages/asgiref/sync.py", line 502, in __call__
    ret = await asyncio.shield(exec_coro)
          ^^^^^^^^^^^^^^^^^^^^^^^^^^^^^^^
  File "/opt/venv/lib/python3.14/site-packages/asgiref/current_thread_executor.py", line 40, in run
    result = self.fn(*self.args, **self.kwargs)
  File "/opt/venv/lib/python3.14/site-packages/asgiref/sync.py", line 556, in thread_handler
    return func(*args, **kwargs)
  File "/opt/venv/lib/python3.14/site-packages/django/views/decorators/cache.py", line 80, in _view_wrapper
    response = view_func(request, *args, **kwargs)
  File "/opt/venv/lib/python3.14/site-packages/django/views/decorators/csrf.py", line 65, in _view_wrapper
    return view_func(request, *args, **kwargs)
  File "/opt/venv/lib/python3.14/site-packages/social_django/utils.py", line 44, in wrapper
    return func(request, backend, *args, **kwargs)
  File "/opt/venv/lib/python3.14/site-packages/social_django/views.py", line 33, in complete
    return do_complete(
        request.backend,
    ...<5 lines>...
        **kwargs,
    )
  File "/opt/venv/lib/python3.14/site-packages/social_core/actions.py", line 50, in do_complete
    user = backend.complete(*args, user=user, redirect_name=redirect_name, **kwargs)
  File "/opt/venv/lib/python3.14/site-packages/social_core/backends/base.py", line 54, in complete
    return self.auth_complete(*args, **kwargs)
           ~~~~~~~~~~~~~~~~~~^^^^^^^^^^^^^^^^^
  File "/opt/venv/lib/python3.14/site-packages/social_core/utils.py", line 244, in wrapper
    return func(*args, **kwargs)
  File "/opt/venv/lib/python3.14/site-packages/social_core/backends/oauth.py", line 481, in auth_complete
    return self.do_auth(
           ~~~~~~~~~~~~^
        response["access_token"], *args, response=response, **kwargs
        ^^^^^^^^^^^^^^^^^^^^^^^^^^^^^^^^^^^^^^^^^^^^^^^^^^^^^^^^^^^^
    )
    ^
  File "/opt/venv/lib/python3.14/site-packages/social_core/utils.py", line 244, in wrapper
    return func(*args, **kwargs)
  File "/opt/venv/lib/python3.14/site-packages/social_core/backends/oauth.py", line 494, in do_auth
    return self.strategy.authenticate(*args, **kwargs)
           ~~~~~~~~~~~~~~~~~~~~~~~~~~^^^^^^^^^^^^^^^^^
  File "/opt/venv/lib/python3.14/site-packages/social_django/strategy.py", line 121, in authenticate
    return authenticate(*args, **kwargs)
  File "/opt/venv/lib/python3.14/site-packages/django/views/decorators/debug.py", line 75, in sensitive_variables_wrapper
    return func(*func_args, **func_kwargs)
  File "/opt/venv/lib/python3.14/site-packages/django/contrib/auth/__init__.py", line 114, in authenticate
    user = backend.authenticate(request, **credentials)
  File "/opt/venv/lib/python3.14/site-packages/social_core/backends/base.py", line 97, in authenticate
    return self.pipeline(pipeline, *args, **kwargs)
           ~~~~~~~~~~~~~^^^^^^^^^^^^^^^^^^^^^^^^^^^
  File "/opt/venv/lib/python3.14/site-packages/social_core/backends/base.py", line 100, in pipeline
    out = self.run_pipeline(pipeline, pipeline_index, *args, **kwargs)
  File "/opt/venv/lib/python3.14/site-packages/social_core/backends/base.py", line 132, in run_pipeline
    result = func(*args, **out) or {}
             ~~~~^^^^^^^^^^^^^^
  File "/opt/venv/lib/python3.14/site-packages/social_core/pipeline/social_auth.py", line 32, in social_user
    raise AuthAlreadyAssociated(backend)
social_core.exceptions.AuthAlreadyAssociated: This account is already in use.
[2026-02-08 19:22:32] INFO uvicorn.access: 172.19.0.3:55116 - "GET /complete/discord/?code=gDSGaIuLCNTBnYtBXdKd77KidvcXds&state=F89dFAnI9WGyO2583jtPQyD8C30bN4Pf HTTP/1.0" 500
[2026-02-08 19:23:55] WARNING discord.gateway: Shard ID 0 has stopped responding to the gateway. Closing and restarting.
[2026-02-08 19:24:05] INFO discord.gateway: Shard ID 0 has successfully RESUMED session 56daa6ef7a609750a26a18d39c14b009.
[2026-02-08 19:24:09] INFO uvicorn.access: 172.19.0.3:52894 - "GET /bd_models/ball/ HTTP/1.0" 200
[2026-02-08 19:24:14] INFO uvicorn.access: 172.19.0.3:35636 - "GET /bd_models/ball/ HTTP/1.0" 200
[2026-02-08 19:24:19] INFO uvicorn.access: 172.19.0.3:52140 - "GET /jsi18n/ HTTP/1.0" 200
[2026-02-08 19:25:15] WARNING discord.gateway: Shard ID 0 heartbeat blocked for more than 10 seconds.
Loop thread traceback (most recent call last):
  File "<frozen runpy>", line 198, in _run_module_as_main
  File "<frozen runpy>", line 88, in _run_code
  File "/opt/venv/lib/python3.14/site-packages/ballsdex/__main__.py", line 15, in <module>
    main()
  File "/opt/venv/lib/python3.14/site-packages/ballsdex/__main__.py", line 11, in main
    execute_from_command_line(sys.argv)
  File "/opt/venv/lib/python3.14/site-packages/django/core/management/__init__.py", line 443, in execute_from_command_line
    utility.execute()
  File "/opt/venv/lib/python3.14/site-packages/django/core/management/__init__.py", line 437, in execute
    self.fetch_command(subcommand).run_from_argv(self.argv)
  File "/opt/venv/lib/python3.14/site-packages/django/core/management/base.py", line 416, in run_from_argv
    self.execute(*args, **cmd_options)
  File "/opt/venv/lib/python3.14/site-packages/django/core/management/base.py", line 460, in execute
    output = self.handle(*args, **options)
  File "/opt/venv/lib/python3.14/site-packages/bd_models/management/commands/startbot.py", line 352, in handle
    loop.run_forever()
  File "/usr/local/lib/python3.14/asyncio/base_events.py", line 677, in run_forever
    self._run_once()
  File "/usr/local/lib/python3.14/asyncio/base_events.py", line 2046, in _run_once
    handle._run()
  File "/usr/local/lib/python3.14/asyncio/events.py", line 94, in _run
    self._context.run(self._callback, *self._args)
  File "/opt/venv/lib/python3.14/site-packages/discord/shard.py", line 171, in worker
    while not self._client.is_closed():
  File "/opt/venv/lib/python3.14/site-packages/discord/gateway.py", line 635, in poll_event
    await self.received_message(msg.data)
  File "/opt/venv/lib/python3.14/site-packages/discord/gateway.py", line 541, in received_message
    return
  File "/opt/venv/lib/python3.14/site-packages/discord/gateway.py", line 671, in send_as_json
    await self.send(utils._to_json(data))
  File "/opt/venv/lib/python3.14/site-packages/discord/gateway.py", line 667, in send
    await self.socket.send_str(data)
  File "/opt/venv/lib/python3.14/site-packages/aiohttp/client_ws.py", line 245, in send_str
    await self._writer.send_frame(
  File "/opt/venv/lib/python3.14/site-packages/aiohttp/_websocket/writer.py", line 119, in send_frame
    if self._output_size > self._limit:
  File "/opt/venv/lib/python3.14/site-packages/aiohttp/_websocket/writer.py", line 164, in _write_websocket_frame
    self.transport.write(header + mask + message)

[2026-02-08 19:25:19] INFO discord.gateway: Shard ID 0 has successfully RESUMED session 56daa6ef7a609750a26a18d39c14b009.
[2026-02-08 19:25:28] INFO uvicorn.access: 172.19.0.3:59168 - "POST /bd_models/ball/ HTTP/1.0" 200
[2026-02-08 19:25:52] INFO uvicorn.access: 172.19.0.3:37970 - "POST /bd_models/ball/ HTTP/1.0" 302
[2026-02-08 19:25:53] INFO uvicorn.access: 172.19.0.3:37972 - "GET /bd_models/ball/ HTTP/1.0" 200
[2026-02-08 19:25:54] INFO uvicorn.access: 172.19.0.3:37980 - "GET /jsi18n/ HTTP/1.0" 200
[2026-02-08 19:29:55] WARNING discord.gateway: Shard ID 0 has stopped responding to the gateway. Closing and restarting.
[2026-02-08 19:30:18] INFO discord.gateway: Shard ID 0 session has been invalidated.
[2026-02-08 19:30:27] INFO discord.gateway: Shard ID 0 has connected to Gateway (Session ID: b39b26c19031843b9e6272ab496c5d12).
[2026-02-08 19:30:23] ERROR social: Request failed with 400: {"error": "invalid_grant", "error_description": "Invalid \"code\" in request."}
Traceback (most recent call last):
  File "/opt/venv/lib/python3.14/site-packages/social_core/utils.py", line 244, in wrapper
    return func(*args, **kwargs)
  File "/opt/venv/lib/python3.14/site-packages/social_core/backends/oauth.py", line 472, in auth_complete
    response = self.request_access_token(
        self.access_token_url(),
    ...<4 lines>...
        method=self.ACCESS_TOKEN_METHOD,
    )
  File "/opt/venv/lib/python3.14/site-packages/social_core/backends/oauth.py", line 449, in request_access_token
    return self.get_json(
           ~~~~~~~~~~~~~^
        url, method=method, headers=headers, data=data, auth=auth, params=params
        ^^^^^^^^^^^^^^^^^^^^^^^^^^^^^^^^^^^^^^^^^^^^^^^^^^^^^^^^^^^^^^^^^^^^^^^^
    )
    ^
  File "/opt/venv/lib/python3.14/site-packages/social_core/backends/base.py", line 295, in get_json
    return self.request(
           ~~~~~~~~~~~~^
        url, method=method, headers=headers, data=data, auth=auth, params=params
        ^^^^^^^^^^^^^^^^^^^^^^^^^^^^^^^^^^^^^^^^^^^^^^^^^^^^^^^^^^^^^^^^^^^^^^^^
    ).json()
    ^
  File "/opt/venv/lib/python3.14/site-packages/social_core/backends/base.py", line 283, in request
    response.raise_for_status()
    ~~~~~~~~~~~~~~~~~~~~~~~~~^^
  File "/opt/venv/lib/python3.14/site-packages/requests/models.py", line 1026, in raise_for_status
    raise HTTPError(http_error_msg, response=self)
requests.exceptions.HTTPError: 400 Client Error: Bad Request for url: https://discord.com/api/oauth2/token
[2026-02-08 19:30:28] ERROR asyncio: CancelledError exception in shielded future
future: <Future finished exception=CancelledError()>
Traceback (most recent call last):
  File "/opt/venv/lib/python3.14/site-packages/asgiref/sync.py", line 502, in __call__
    ret = await asyncio.shield(exec_coro)
          ^^^^^^^^^^^^^^^^^^^^^^^^^^^^^^^
asyncio.exceptions.CancelledError

During handling of the above exception, another exception occurred:

Traceback (most recent call last):
  File "/usr/local/lib/python3.14/concurrent/futures/thread.py", line 86, in run
    result = ctx.run(self.task)
  File "/usr/local/lib/python3.14/concurrent/futures/thread.py", line 73, in run
    return fn(*args, **kwargs)
  File "/opt/venv/lib/python3.14/site-packages/asgiref/sync.py", line 556, in thread_handler
    return func(*args, **kwargs)
  File "/opt/venv/lib/python3.14/site-packages/django/core/handlers/exception.py", line 55, in inner
    response = get_response(request)
  File "/opt/venv/lib/python3.14/site-packages/django/utils/deprecation.py", line 309, in __call__
    response = response or self.get_response(request)
                           ~~~~~~~~~~~~~~~~~^^^^^^^^^
  File "/opt/venv/lib/python3.14/site-packages/django/core/handlers/exception.py", line 55, in inner
    response = get_response(request)
  File "/opt/venv/lib/python3.14/site-packages/django/utils/deprecation.py", line 309, in __call__
    response = response or self.get_response(request)
                           ~~~~~~~~~~~~~~~~~^^^^^^^^^
  File "/opt/venv/lib/python3.14/site-packages/django/core/handlers/exception.py", line 55, in inner
    response = get_response(request)
  File "/opt/venv/lib/python3.14/site-packages/django/utils/deprecation.py", line 309, in __call__
    response = response or self.get_response(request)
                           ~~~~~~~~~~~~~~~~~^^^^^^^^^
  File "/opt/venv/lib/python3.14/site-packages/django/core/handlers/exception.py", line 55, in inner
    response = get_response(request)
  File "/opt/venv/lib/python3.14/site-packages/django/utils/deprecation.py", line 309, in __call__
    response = response or self.get_response(request)
                           ~~~~~~~~~~~~~~~~~^^^^^^^^^
  File "/opt/venv/lib/python3.14/site-packages/django/core/handlers/exception.py", line 55, in inner
    response = get_response(request)
  File "/opt/venv/lib/python3.14/site-packages/django/utils/deprecation.py", line 309, in __call__
    response = response or self.get_response(request)
                           ~~~~~~~~~~~~~~~~~^^^^^^^^^
  File "/opt/venv/lib/python3.14/site-packages/django/core/handlers/exception.py", line 55, in inner
    response = get_response(request)
  File "/opt/venv/lib/python3.14/site-packages/django/utils/deprecation.py", line 309, in __call__
    response = response or self.get_response(request)
                           ~~~~~~~~~~~~~~~~~^^^^^^^^^
  File "/opt/venv/lib/python3.14/site-packages/django/core/handlers/exception.py", line 55, in inner
    response = get_response(request)
  File "/opt/venv/lib/python3.14/site-packages/django/utils/deprecation.py", line 309, in __call__
    response = response or self.get_response(request)
                           ~~~~~~~~~~~~~~~~~^^^^^^^^^
  File "/opt/venv/lib/python3.14/site-packages/django/core/handlers/exception.py", line 55, in inner
    response = get_response(request)
  File "/opt/venv/lib/python3.14/site-packages/admin_panel/middleware.py", line 12, in __call__
    response = self.get_response(request)
  File "/opt/venv/lib/python3.14/site-packages/asgiref/sync.py", line 325, in __call__
    return call_result.result()
           ~~~~~~~~~~~~~~~~~~^^
  File "/usr/local/lib/python3.14/concurrent/futures/_base.py", line 443, in result
    return self.__get_result()
           ~~~~~~~~~~~~~~~~~^^
  File "/usr/local/lib/python3.14/concurrent/futures/_base.py", line 395, in __get_result
    raise self._exception
  File "/opt/venv/lib/python3.14/site-packages/asgiref/sync.py", line 365, in main_wrap
    result = await awaitable
             ^^^^^^^^^^^^^^^
  File "/opt/venv/lib/python3.14/site-packages/django/core/handlers/exception.py", line 42, in inner
    response = await get_response(request)
               ^^^^^^^^^^^^^^^^^^^^^^^^^^^
  File "/opt/venv/lib/python3.14/site-packages/django/core/handlers/base.py", line 254, in _get_response_async
    response = await wrapped_callback(
               ^^^^^^^^^^^^^^^^^^^^^^^
        request, *callback_args, **callback_kwargs
        ^^^^^^^^^^^^^^^^^^^^^^^^^^^^^^^^^^^^^^^^^^
    )
    ^
  File "/opt/venv/lib/python3.14/site-packages/asgiref/sync.py", line 519, in __call__
    ret = await exec_coro
          ^^^^^^^^^^^^^^^
asyncio.exceptions.CancelledError
[2026-02-08 19:30:35] INFO uvicorn.access: 172.19.0.3:56822 - "GET /login/?next=/ HTTP/1.0" 200
[2026-02-08 21:01:51] INFO uvicorn.access: 172.19.0.3:53104 - "GET /login/discord/ HTTP/1.0" 302
[2026-02-08 21:02:02] ERROR django.request: Internal Server Error: /complete/discord/
Traceback (most recent call last):
  File "/opt/venv/lib/python3.14/site-packages/asgiref/sync.py", line 552, in thread_handler
    raise exc_info[1]
  File "/opt/venv/lib/python3.14/site-packages/django/core/handlers/exception.py", line 42, in inner
    response = await get_response(request)
               ^^^^^^^^^^^^^^^^^^^^^^^^^^^
  File "/opt/venv/lib/python3.14/site-packages/asgiref/sync.py", line 552, in thread_handler
    raise exc_info[1]
  File "/opt/venv/lib/python3.14/site-packages/django/core/handlers/base.py", line 254, in _get_response_async
    response = await wrapped_callback(
               ^^^^^^^^^^^^^^^^^^^^^^^
        request, *callback_args, **callback_kwargs
        ^^^^^^^^^^^^^^^^^^^^^^^^^^^^^^^^^^^^^^^^^^
    )
    ^
  File "/opt/venv/lib/python3.14/site-packages/asgiref/sync.py", line 502, in __call__
    ret = await asyncio.shield(exec_coro)
          ^^^^^^^^^^^^^^^^^^^^^^^^^^^^^^^
  File "/opt/venv/lib/python3.14/site-packages/asgiref/current_thread_executor.py", line 40, in run
    result = self.fn(*self.args, **self.kwargs)
  File "/opt/venv/lib/python3.14/site-packages/asgiref/sync.py", line 556, in thread_handler
    return func(*args, **kwargs)
  File "/opt/venv/lib/python3.14/site-packages/django/views/decorators/cache.py", line 80, in _view_wrapper
    response = view_func(request, *args, **kwargs)
  File "/opt/venv/lib/python3.14/site-packages/django/views/decorators/csrf.py", line 65, in _view_wrapper
    return view_func(request, *args, **kwargs)
  File "/opt/venv/lib/python3.14/site-packages/social_django/utils.py", line 44, in wrapper
    return func(request, backend, *args, **kwargs)
  File "/opt/venv/lib/python3.14/site-packages/social_django/views.py", line 33, in complete
    return do_complete(
        request.backend,
    ...<5 lines>...
        **kwargs,
    )
  File "/opt/venv/lib/python3.14/site-packages/social_core/actions.py", line 50, in do_complete
    user = backend.complete(*args, user=user, redirect_name=redirect_name, **kwargs)
  File "/opt/venv/lib/python3.14/site-packages/social_core/backends/base.py", line 54, in complete
    return self.auth_complete(*args, **kwargs)
           ~~~~~~~~~~~~~~~~~~^^^^^^^^^^^^^^^^^
  File "/opt/venv/lib/python3.14/site-packages/social_core/utils.py", line 244, in wrapper
    return func(*args, **kwargs)
  File "/opt/venv/lib/python3.14/site-packages/social_core/backends/oauth.py", line 481, in auth_complete
    return self.do_auth(
           ~~~~~~~~~~~~^
        response["access_token"], *args, response=response, **kwargs
        ^^^^^^^^^^^^^^^^^^^^^^^^^^^^^^^^^^^^^^^^^^^^^^^^^^^^^^^^^^^^
    )
    ^
  File "/opt/venv/lib/python3.14/site-packages/social_core/utils.py", line 244, in wrapper
    return func(*args, **kwargs)
  File "/opt/venv/lib/python3.14/site-packages/social_core/backends/oauth.py", line 494, in do_auth
    return self.strategy.authenticate(*args, **kwargs)
           ~~~~~~~~~~~~~~~~~~~~~~~~~~^^^^^^^^^^^^^^^^^
  File "/opt/venv/lib/python3.14/site-packages/social_django/strategy.py", line 121, in authenticate
    return authenticate(*args, **kwargs)
  File "/opt/venv/lib/python3.14/site-packages/django/views/decorators/debug.py", line 75, in sensitive_variables_wrapper
    return func(*func_args, **func_kwargs)
  File "/opt/venv/lib/python3.14/site-packages/django/contrib/auth/__init__.py", line 114, in authenticate
    user = backend.authenticate(request, **credentials)
  File "/opt/venv/lib/python3.14/site-packages/social_core/backends/base.py", line 97, in authenticate
    return self.pipeline(pipeline, *args, **kwargs)
           ~~~~~~~~~~~~~^^^^^^^^^^^^^^^^^^^^^^^^^^^
  File "/opt/venv/lib/python3.14/site-packages/social_core/backends/base.py", line 100, in pipeline
    out = self.run_pipeline(pipeline, pipeline_index, *args, **kwargs)
  File "/opt/venv/lib/python3.14/site-packages/social_core/backends/base.py", line 132, in run_pipeline
    result = func(*args, **out) or {}
             ~~~~^^^^^^^^^^^^^^
  File "/opt/venv/lib/python3.14/site-packages/social_core/pipeline/social_auth.py", line 32, in social_user
    raise AuthAlreadyAssociated(backend)
social_core.exceptions.AuthAlreadyAssociated: This account is already in use.
[2026-02-08 21:02:02] INFO uvicorn.access: 172.19.0.3:43354 - "GET /complete/discord/?code=QtgHdvaGn060s1kn48V9KYDhhvBuSF&state=F89dFAnI9WGyO2583jtPQyD8C30bN4Pf HTTP/1.0" 500
[2026-02-08 21:03:38] INFO uvicorn.access: 172.19.0.3:49794 - "GET / HTTP/1.0" 302
[2026-02-08 21:03:45] INFO uvicorn.access: 172.19.0.3:57450 - "GET /bd_models/special/ HTTP/1.0" 200
[2026-02-08 21:03:45] INFO uvicorn.access: 172.19.0.3:36044 - "GET /login/?next=/ HTTP/1.0" 200
[2026-02-08 21:03:46] WARNING django.request: Not Found: /favicon.ico
[2026-02-08 21:03:46] INFO uvicorn.access: 172.19.0.3:59690 - "GET /favicon.ico HTTP/1.0" 404
[2026-02-08 21:04:05] INFO uvicorn.access: 172.19.0.3:40600 - "POST /login/?next=/ HTTP/1.0" 200
[2026-02-08 21:04:16] INFO uvicorn.access: 172.19.0.3:33926 - "POST /login/?next=/ HTTP/1.0" 200
[2026-02-08 21:04:19] INFO uvicorn.access: 172.19.0.3:52846 - "GET /login/discord/ HTTP/1.0" 302
[2026-02-08 21:04:26] ERROR django.request: Internal Server Error: /complete/discord/
Traceback (most recent call last):
  File "/opt/venv/lib/python3.14/site-packages/asgiref/sync.py", line 552, in thread_handler
    raise exc_info[1]
  File "/opt/venv/lib/python3.14/site-packages/django/core/handlers/exception.py", line 42, in inner
    response = await get_response(request)
               ^^^^^^^^^^^^^^^^^^^^^^^^^^^
  File "/opt/venv/lib/python3.14/site-packages/asgiref/sync.py", line 552, in thread_handler
    raise exc_info[1]
  File "/opt/venv/lib/python3.14/site-packages/django/core/handlers/base.py", line 254, in _get_response_async
    response = await wrapped_callback(
               ^^^^^^^^^^^^^^^^^^^^^^^
        request, *callback_args, **callback_kwargs
        ^^^^^^^^^^^^^^^^^^^^^^^^^^^^^^^^^^^^^^^^^^
    )
    ^
  File "/opt/venv/lib/python3.14/site-packages/asgiref/sync.py", line 502, in __call__
    ret = await asyncio.shield(exec_coro)
          ^^^^^^^^^^^^^^^^^^^^^^^^^^^^^^^
  File "/opt/venv/lib/python3.14/site-packages/asgiref/current_thread_executor.py", line 40, in run
    result = self.fn(*self.args, **self.kwargs)
  File "/opt/venv/lib/python3.14/site-packages/asgiref/sync.py", line 556, in thread_handler
    return func(*args, **kwargs)
  File "/opt/venv/lib/python3.14/site-packages/django/views/decorators/cache.py", line 80, in _view_wrapper
    response = view_func(request, *args, **kwargs)
  File "/opt/venv/lib/python3.14/site-packages/django/views/decorators/csrf.py", line 65, in _view_wrapper
    return view_func(request, *args, **kwargs)
  File "/opt/venv/lib/python3.14/site-packages/social_django/utils.py", line 44, in wrapper
    return func(request, backend, *args, **kwargs)
  File "/opt/venv/lib/python3.14/site-packages/social_django/views.py", line 33, in complete
    return do_complete(
        request.backend,
    ...<5 lines>...
        **kwargs,
    )
  File "/opt/venv/lib/python3.14/site-packages/social_core/actions.py", line 50, in do_complete
    user = backend.complete(*args, user=user, redirect_name=redirect_name, **kwargs)
  File "/opt/venv/lib/python3.14/site-packages/social_core/backends/base.py", line 54, in complete
    return self.auth_complete(*args, **kwargs)
           ~~~~~~~~~~~~~~~~~~^^^^^^^^^^^^^^^^^
  File "/opt/venv/lib/python3.14/site-packages/social_core/utils.py", line 244, in wrapper
    return func(*args, **kwargs)
  File "/opt/venv/lib/python3.14/site-packages/social_core/backends/oauth.py", line 481, in auth_complete
    return self.do_auth(
           ~~~~~~~~~~~~^
        response["access_token"], *args, response=response, **kwargs
        ^^^^^^^^^^^^^^^^^^^^^^^^^^^^^^^^^^^^^^^^^^^^^^^^^^^^^^^^^^^^
    )
    ^
  File "/opt/venv/lib/python3.14/site-packages/social_core/utils.py", line 244, in wrapper
    return func(*args, **kwargs)
  File "/opt/venv/lib/python3.14/site-packages/social_core/backends/oauth.py", line 494, in do_auth
    return self.strategy.authenticate(*args, **kwargs)
           ~~~~~~~~~~~~~~~~~~~~~~~~~~^^^^^^^^^^^^^^^^^
  File "/opt/venv/lib/python3.14/site-packages/social_django/strategy.py", line 121, in authenticate
    return authenticate(*args, **kwargs)
  File "/opt/venv/lib/python3.14/site-packages/django/views/decorators/debug.py", line 75, in sensitive_variables_wrapper
    return func(*func_args, **func_kwargs)
  File "/opt/venv/lib/python3.14/site-packages/django/contrib/auth/__init__.py", line 114, in authenticate
    user = backend.authenticate(request, **credentials)
  File "/opt/venv/lib/python3.14/site-packages/social_core/backends/base.py", line 97, in authenticate
    return self.pipeline(pipeline, *args, **kwargs)
           ~~~~~~~~~~~~~^^^^^^^^^^^^^^^^^^^^^^^^^^^
  File "/opt/venv/lib/python3.14/site-packages/social_core/backends/base.py", line 100, in pipeline
    out = self.run_pipeline(pipeline, pipeline_index, *args, **kwargs)
  File "/opt/venv/lib/python3.14/site-packages/social_core/backends/base.py", line 132, in run_pipeline
    result = func(*args, **out) or {}
             ~~~~^^^^^^^^^^^^^^
  File "/opt/venv/lib/python3.14/site-packages/social_core/pipeline/social_auth.py", line 32, in social_user
    raise AuthAlreadyAssociated(backend)
social_core.exceptions.AuthAlreadyAssociated: This account is already in use.
[2026-02-08 21:04:26] INFO uvicorn.access: 172.19.0.3:52858 - "GET /complete/discord/?code=ZjegxSw51eSxz07FzgxWVlk0mPk4zv&state=F89dFAnI9WGyO2583jtPQyD8C30bN4Pf HTTP/1.0" 500
[2026-02-08 21:04:41] INFO uvicorn.access: 172.19.0.3:47646 - "GET / HTTP/1.0" 302
[2026-02-08 21:04:41] INFO uvicorn.access: 172.19.0.3:47658 - "GET /login/?next=/ HTTP/1.0" 200
[2026-02-08 21:04:44] INFO uvicorn.access: 172.19.0.3:47660 - "GET /login/discord/ HTTP/1.0" 302
[2026-02-08 21:04:53] INFO uvicorn.access: 172.19.0.3:56142 - "GET /complete/discord/?code=PmBs63gpnVUmu0FCHex2OI6o2gp4Lh&state=QPQLRLlBjBfPDO5H4rLshlE14Vil2xYi HTTP/1.0" 302
[2026-02-08 21:04:54] INFO uvicorn.access: 172.19.0.3:56152 - "GET / HTTP/1.0" 200
[2026-02-08 21:05:06] INFO uvicorn.access: 172.19.0.3:39932 - "GET /settings/settings/ HTTP/1.0" 200
[2026-02-08 21:05:07] INFO uvicorn.access: 172.19.0.3:39938 - "GET /jsi18n/ HTTP/1.0" 200
[2026-02-08 21:05:09] INFO uvicorn.access: 172.19.0.3:39952 - "GET /settings/settings/1/change/ HTTP/1.0" 200
[2026-02-08 21:05:10] INFO uvicorn.access: 172.19.0.3:39966 - "GET /jsi18n/ HTTP/1.0" 200
[2026-02-08 21:13:44] INFO discord.gateway: Shard ID 0 has successfully RESUMED session b39b26c19031843b9e6272ab496c5d12.
[2026-02-08 21:43:55] INFO discord.gateway: Shard ID 0 has successfully RESUMED session b39b26c19031843b9e6272ab496c5d12.
[2026-02-08 22:52:47] INFO discord.gateway: Shard ID 0 has successfully RESUMED session b39b26c19031843b9e6272ab496c5d12.
[2026-02-08 23:21:39] ERROR ballsdex.packages.countryballs: An error occured in countryball catching prompt
Traceback (most recent call last):
  File "/opt/venv/lib/python3.14/site-packages/django/db/backends/utils.py", line 105, in _execute
    return self.cursor.execute(sql, params)
           ~~~~~~~~~~~~~~~~~~~^^^^^^^^^^^^^
  File "/opt/venv/lib/python3.14/site-packages/psycopg/cursor.py", line 97, in execute
    raise ex.with_traceback(None)
psycopg.errors.ForeignKeyViolation: insert or update on table "ballinstance" violates foreign key constraint "ballinstance_ball_id_0325f9a8_fk_ball_id"
DETAIL:  Key (ball_id)=(6) is not present in table "ball".

The above exception was the direct cause of the following exception:

Traceback (most recent call last):
  File "/opt/venv/lib/python3.14/site-packages/discord/ui/modal.py", line 216, in _scheduled_task
    await self.on_submit(interaction)
  File "/opt/venv/lib/python3.14/site-packages/ballsdex/packages/countryballs/countryball.py", line 79, in on_submit
    ball, has_caught_before = await self.view.catch_ball(interaction.user, player=player, guild=interaction.guild)
                              ^^^^^^^^^^^^^^^^^^^^^^^^^^^^^^^^^^^^^^^^^^^^^^^^^^^^^^^^^^^^^^^^^^^^^^^^^^^^^^^^^^^^
  File "/opt/venv/lib/python3.14/site-packages/ballsdex/packages/countryballs/countryball.py", line 362, in catch_ball
    ball = await BallInstance.objects.acreate(
           ^^^^^^^^^^^^^^^^^^^^^^^^^^^^^^^^^^^
    ...<8 lines>...
    )
    ^
  File "/opt/venv/lib/python3.14/site-packages/django/db/models/query.py", line 675, in acreate
    return await sync_to_async(self.create)(**kwargs)
           ^^^^^^^^^^^^^^^^^^^^^^^^^^^^^^^^^^^^^^^^^^
  File "/opt/venv/lib/python3.14/site-packages/asgiref/sync.py", line 502, in __call__
    ret = await asyncio.shield(exec_coro)
          ^^^^^^^^^^^^^^^^^^^^^^^^^^^^^^^
  File "/usr/local/lib/python3.14/concurrent/futures/thread.py", line 86, in run
    result = ctx.run(self.task)
  File "/usr/local/lib/python3.14/concurrent/futures/thread.py", line 73, in run
    return fn(*args, **kwargs)
  File "/opt/venv/lib/python3.14/site-packages/asgiref/sync.py", line 556, in thread_handler
    return func(*args, **kwargs)
  File "/opt/venv/lib/python3.14/site-packages/django/db/models/query.py", line 669, in create
    obj.save(force_insert=True, using=self.db)
    ~~~~~~~~^^^^^^^^^^^^^^^^^^^^^^^^^^^^^^^^^^
  File "/opt/venv/lib/python3.14/site-packages/django/db/models/base.py", line 874, in save
    self.save_base(
    ~~~~~~~~~~~~~~^
        using=using,
        ^^^^^^^^^^^^
    ...<2 lines>...
        update_fields=update_fields,
        ^^^^^^^^^^^^^^^^^^^^^^^^^^^^
    )
    ^
  File "/opt/venv/lib/python3.14/site-packages/django/db/models/base.py", line 966, in save_base
    updated = self._save_table(
        raw,
    ...<4 lines>...
        update_fields,
    )
  File "/opt/venv/lib/python3.14/site-packages/django/db/models/base.py", line 1167, in _save_table
    results = self._do_insert(
        cls._base_manager, using, insert_fields, returning_fields, raw
    )
  File "/opt/venv/lib/python3.14/site-packages/django/db/models/base.py", line 1218, in _do_insert
    return manager._insert(
           ~~~~~~~~~~~~~~~^
        [self],
        ^^^^^^^
    ...<3 lines>...
        raw=raw,
        ^^^^^^^^
    )
    ^
  File "/opt/venv/lib/python3.14/site-packages/django/db/models/manager.py", line 87, in manager_method
    return getattr(self.get_queryset(), name)(*args, **kwargs)
           ~~~~~~~~~~~~~~~~~~~~~~~~~~~~~~~~~~^^^^^^^^^^^^^^^^^
  File "/opt/venv/lib/python3.14/site-packages/django/db/models/query.py", line 1918, in _insert
    return query.get_compiler(using=using).execute_sql(returning_fields)
           ~~~~~~~~~~~~~~~~~~~~~~~~~~~~~~~~~~~~~~~~~~~^^^^^^^^^^^^^^^^^^
  File "/opt/venv/lib/python3.14/site-packages/django/db/models/sql/compiler.py", line 1925, in execute_sql
    cursor.execute(sql, params)
    ~~~~~~~~~~~~~~^^^^^^^^^^^^^
  File "/opt/venv/lib/python3.14/site-packages/django/db/backends/utils.py", line 79, in execute
    return self._execute_with_wrappers(
           ~~~~~~~~~~~~~~~~~~~~~~~~~~~^
        sql, params, many=False, executor=self._execute
        ^^^^^^^^^^^^^^^^^^^^^^^^^^^^^^^^^^^^^^^^^^^^^^^
    )
    ^
  File "/opt/venv/lib/python3.14/site-packages/django/db/backends/utils.py", line 92, in _execute_with_wrappers
    return executor(sql, params, many, context)
  File "/opt/venv/lib/python3.14/site-packages/django/db/backends/utils.py", line 100, in _execute
    with self.db.wrap_database_errors:
         ^^^^^^^^^^^^^^^^^^^^^^^^^^^^
  File "/opt/venv/lib/python3.14/site-packages/django/db/utils.py", line 94, in __exit__
    raise dj_exc_value.with_traceback(traceback) from exc_value
  File "/opt/venv/lib/python3.14/site-packages/django/db/backends/utils.py", line 105, in _execute
    return self.cursor.execute(sql, params)
           ~~~~~~~~~~~~~~~~~~~^^^^^^^^^^^^^
  File "/opt/venv/lib/python3.14/site-packages/psycopg/cursor.py", line 97, in execute
    raise ex.with_traceback(None)
django.db.utils.IntegrityError: insert or update on table "ballinstance" violates foreign key constraint "ballinstance_ball_id_0325f9a8_fk_ball_id"
DETAIL:  Key (ball_id)=(6) is not present in table "ball".
[2026-02-08 23:58:29] ERROR ballsdex.packages.countryballs: An error occured in countryball catching prompt
Traceback (most recent call last):
  File "/opt/venv/lib/python3.14/site-packages/django/db/backends/utils.py", line 105, in _execute
    return self.cursor.execute(sql, params)
           ~~~~~~~~~~~~~~~~~~~^^^^^^^^^^^^^
  File "/opt/venv/lib/python3.14/site-packages/psycopg/cursor.py", line 97, in execute
    raise ex.with_traceback(None)
psycopg.errors.ForeignKeyViolation: insert or update on table "ballinstance" violates foreign key constraint "ballinstance_ball_id_0325f9a8_fk_ball_id"
DETAIL:  Key (ball_id)=(6) is not present in table "ball".

The above exception was the direct cause of the following exception:

Traceback (most recent call last):
  File "/opt/venv/lib/python3.14/site-packages/discord/ui/modal.py", line 216, in _scheduled_task
    await self.on_submit(interaction)
  File "/opt/venv/lib/python3.14/site-packages/ballsdex/packages/countryballs/countryball.py", line 79, in on_submit
    ball, has_caught_before = await self.view.catch_ball(interaction.user, player=player, guild=interaction.guild)
                              ^^^^^^^^^^^^^^^^^^^^^^^^^^^^^^^^^^^^^^^^^^^^^^^^^^^^^^^^^^^^^^^^^^^^^^^^^^^^^^^^^^^^
  File "/opt/venv/lib/python3.14/site-packages/ballsdex/packages/countryballs/countryball.py", line 362, in catch_ball
    ball = await BallInstance.objects.acreate(
           ^^^^^^^^^^^^^^^^^^^^^^^^^^^^^^^^^^^
    ...<8 lines>...
    )
    ^
  File "/opt/venv/lib/python3.14/site-packages/django/db/models/query.py", line 675, in acreate
    return await sync_to_async(self.create)(**kwargs)
           ^^^^^^^^^^^^^^^^^^^^^^^^^^^^^^^^^^^^^^^^^^
  File "/opt/venv/lib/python3.14/site-packages/asgiref/sync.py", line 502, in __call__
    ret = await asyncio.shield(exec_coro)
          ^^^^^^^^^^^^^^^^^^^^^^^^^^^^^^^
  File "/usr/local/lib/python3.14/concurrent/futures/thread.py", line 86, in run
    result = ctx.run(self.task)
  File "/usr/local/lib/python3.14/concurrent/futures/thread.py", line 73, in run
    return fn(*args, **kwargs)
  File "/opt/venv/lib/python3.14/site-packages/asgiref/sync.py", line 556, in thread_handler
    return func(*args, **kwargs)
  File "/opt/venv/lib/python3.14/site-packages/django/db/models/query.py", line 669, in create
    obj.save(force_insert=True, using=self.db)
    ~~~~~~~~^^^^^^^^^^^^^^^^^^^^^^^^^^^^^^^^^^
  File "/opt/venv/lib/python3.14/site-packages/django/db/models/base.py", line 874, in save
    self.save_base(
    ~~~~~~~~~~~~~~^
        using=using,
        ^^^^^^^^^^^^
    ...<2 lines>...
        update_fields=update_fields,
        ^^^^^^^^^^^^^^^^^^^^^^^^^^^^
    )
    ^
  File "/opt/venv/lib/python3.14/site-packages/django/db/models/base.py", line 966, in save_base
    updated = self._save_table(
        raw,
    ...<4 lines>...
        update_fields,
    )
  File "/opt/venv/lib/python3.14/site-packages/django/db/models/base.py", line 1167, in _save_table
    results = self._do_insert(
        cls._base_manager, using, insert_fields, returning_fields, raw
    )
  File "/opt/venv/lib/python3.14/site-packages/django/db/models/base.py", line 1218, in _do_insert
    return manager._insert(
           ~~~~~~~~~~~~~~~^
        [self],
        ^^^^^^^
    ...<3 lines>...
        raw=raw,
        ^^^^^^^^
    )
    ^
  File "/opt/venv/lib/python3.14/site-packages/django/db/models/manager.py", line 87, in manager_method
    return getattr(self.get_queryset(), name)(*args, **kwargs)
           ~~~~~~~~~~~~~~~~~~~~~~~~~~~~~~~~~~^^^^^^^^^^^^^^^^^
  File "/opt/venv/lib/python3.14/site-packages/django/db/models/query.py", line 1918, in _insert
    return query.get_compiler(using=using).execute_sql(returning_fields)
           ~~~~~~~~~~~~~~~~~~~~~~~~~~~~~~~~~~~~~~~~~~~^^^^^^^^^^^^^^^^^^
  File "/opt/venv/lib/python3.14/site-packages/django/db/models/sql/compiler.py", line 1925, in execute_sql
    cursor.execute(sql, params)
    ~~~~~~~~~~~~~~^^^^^^^^^^^^^
  File "/opt/venv/lib/python3.14/site-packages/django/db/backends/utils.py", line 79, in execute
    return self._execute_with_wrappers(
           ~~~~~~~~~~~~~~~~~~~~~~~~~~~^
        sql, params, many=False, executor=self._execute
        ^^^^^^^^^^^^^^^^^^^^^^^^^^^^^^^^^^^^^^^^^^^^^^^
    )
    ^
  File "/opt/venv/lib/python3.14/site-packages/django/db/backends/utils.py", line 92, in _execute_with_wrappers
    return executor(sql, params, many, context)
  File "/opt/venv/lib/python3.14/site-packages/django/db/backends/utils.py", line 100, in _execute
    with self.db.wrap_database_errors:
         ^^^^^^^^^^^^^^^^^^^^^^^^^^^^
  File "/opt/venv/lib/python3.14/site-packages/django/db/utils.py", line 94, in __exit__
    raise dj_exc_value.with_traceback(traceback) from exc_value
  File "/opt/venv/lib/python3.14/site-packages/django/db/backends/utils.py", line 105, in _execute
    return self.cursor.execute(sql, params)
           ~~~~~~~~~~~~~~~~~~~^^^^^^^^^^^^^
  File "/opt/venv/lib/python3.14/site-packages/psycopg/cursor.py", line 97, in execute
    raise ex.with_traceback(None)
django.db.utils.IntegrityError: insert or update on table "ballinstance" violates foreign key constraint "ballinstance_ball_id_0325f9a8_fk_ball_id"
DETAIL:  Key (ball_id)=(6) is not present in table "ball".
[2026-02-08 23:58:29] INFO ballsdex.packages.admin.balls: lomadinthe2nd spawned object random 30 times in ocdex-testing.
[2026-02-08 23:58:50] INFO ballsdex.core.bot: Cache loaded, summary displayed below:
[2026-02-08 23:59:08] INFO ballsdex.packages.admin.balls: lomadinthe2nd spawned object random 10 times in ocdex-testing.
[2026-02-09 00:01:12] INFO ballsdex.packages.admin.balls: lomadinthe2nd spawned object random 100 times in ocdex-testing.
[2026-02-09 00:19:38] INFO discord.gateway: Shard ID 0 has successfully RESUMED session b39b26c19031843b9e6272ab496c5d12.
[2026-02-09 02:42:46] INFO discord.gateway: Shard ID 0 has successfully RESUMED session b39b26c19031843b9e6272ab496c5d12.
[2026-02-09 04:03:10] INFO discord.gateway: Shard ID 0 session has been invalidated.
[2026-02-09 04:03:17] INFO discord.gateway: Shard ID 0 has connected to Gateway (Session ID: df7dddfcd907ee2a40bd2b3fad3d3e10).
[2026-02-09 04:03:33] INFO ballsdex.packages.admin.balls: lomadinthe2nd spawned object Dream Berry SoDa in general.
[2026-02-09 04:59:18] INFO discord.gateway: Shard ID 0 has successfully RESUMED session df7dddfcd907ee2a40bd2b3fad3d3e10.
[2026-02-09 05:02:04] INFO discord.gateway: Shard ID 0 has successfully RESUMED session df7dddfcd907ee2a40bd2b3fad3d3e10.
[2026-02-09 06:46:09] INFO discord.gateway: Shard ID 0 has successfully RESUMED session df7dddfcd907ee2a40bd2b3fad3d3e10.
[2026-02-09 09:13:39] INFO discord.gateway: Shard ID 0 has successfully RESUMED session df7dddfcd907ee2a40bd2b3fad3d3e10.
[2026-02-09 09:54:52] INFO discord.gateway: Shard ID 0 has successfully RESUMED session df7dddfcd907ee2a40bd2b3fad3d3e10.
[2026-02-09 12:30:04] INFO discord.gateway: Shard ID 0 has successfully RESUMED session df7dddfcd907ee2a40bd2b3fad3d3e10.
[2026-02-09 14:16:06] WARNING discord.gateway: Shard ID 0 has stopped responding to the gateway. Closing and restarting.
[2026-02-09 14:16:13] INFO discord.gateway: Shard ID 0 session has been invalidated.
[2026-02-09 14:16:19] INFO discord.gateway: Shard ID 0 has connected to Gateway (Session ID: 30cd3769afd0de2982c849cd3380809b).
[2026-02-09 17:36:52] INFO discord.gateway: Shard ID 0 has successfully RESUMED session 30cd3769afd0de2982c849cd3380809b.
[2026-02-09 20:28:03] INFO discord.gateway: Shard ID 0 has successfully RESUMED session 30cd3769afd0de2982c849cd3380809b.
[2026-02-09 21:06:32] CRITICAL ballsdex: Caught unhandled exception in event loop:
Unclosed connection
[2026-02-09 21:27:22] INFO discord.gateway: Shard ID 0 has successfully RESUMED session 30cd3769afd0de2982c849cd3380809b.
[2026-02-09 22:02:00] INFO discord.gateway: Shard ID 0 has successfully RESUMED session 30cd3769afd0de2982c849cd3380809b.
[2026-02-09 23:23:16] INFO discord.gateway: Shard ID 0 has successfully RESUMED session 30cd3769afd0de2982c849cd3380809b.
[2026-02-10 02:28:38] INFO discord.gateway: Shard ID 0 has successfully RESUMED session 30cd3769afd0de2982c849cd3380809b.
[2026-02-10 03:02:05] INFO discord.gateway: Shard ID 0 has successfully RESUMED session 30cd3769afd0de2982c849cd3380809b.
[2026-02-10 05:26:43] INFO discord.gateway: Shard ID 0 has successfully RESUMED session 30cd3769afd0de2982c849cd3380809b.
[2026-02-10 08:11:05] INFO discord.gateway: Shard ID 0 has successfully RESUMED session 30cd3769afd0de2982c849cd3380809b.
[2026-02-10 08:12:50] INFO discord.gateway: Shard ID 0 has successfully RESUMED session 30cd3769afd0de2982c849cd3380809b.
[2026-02-10 08:20:41] INFO discord.gateway: Shard ID 0 has successfully RESUMED session 30cd3769afd0de2982c849cd3380809b.
[2026-02-10 10:17:29] INFO discord.gateway: Shard ID 0 has successfully RESUMED session 30cd3769afd0de2982c849cd3380809b.
[2026-02-10 10:47:35] INFO discord.gateway: Shard ID 0 has successfully RESUMED session 30cd3769afd0de2982c849cd3380809b.
[2026-02-10 12:38:17] INFO discord.gateway: Shard ID 0 has successfully RESUMED session 30cd3769afd0de2982c849cd3380809b.
[2026-02-10 15:39:09] INFO discord.gateway: Shard ID 0 has successfully RESUMED session 30cd3769afd0de2982c849cd3380809b.
[2026-02-10 17:46:01] INFO discord.gateway: Shard ID 0 has successfully RESUMED session 30cd3769afd0de2982c849cd3380809b.
[2026-02-10 20:16:37] INFO discord.gateway: Shard ID 0 has successfully RESUMED session 30cd3769afd0de2982c849cd3380809b.
[2026-02-10 21:33:15] INFO discord.gateway: Shard ID 0 has successfully RESUMED session 30cd3769afd0de2982c849cd3380809b.
[2026-02-10 22:34:22] INFO discord.gateway: Shard ID 0 has successfully RESUMED session 30cd3769afd0de2982c849cd3380809b.
[2026-02-11 01:03:01] INFO discord.gateway: Shard ID 0 has successfully RESUMED session 30cd3769afd0de2982c849cd3380809b.
[2026-02-11 02:39:16] INFO discord.gateway: Shard ID 0 has successfully RESUMED session 30cd3769afd0de2982c849cd3380809b.
[2026-02-11 04:51:18] INFO discord.gateway: Shard ID 0 has successfully RESUMED session 30cd3769afd0de2982c849cd3380809b.
[2026-02-11 05:31:14] INFO discord.gateway: Shard ID 0 has successfully RESUMED session 30cd3769afd0de2982c849cd3380809b.
[2026-02-11 08:18:09] INFO discord.gateway: Shard ID 0 has successfully RESUMED session 30cd3769afd0de2982c849cd3380809b.
[2026-02-11 08:20:13] INFO discord.gateway: Shard ID 0 has successfully RESUMED session 30cd3769afd0de2982c849cd3380809b.
[2026-02-11 10:00:31] INFO discord.gateway: Shard ID 0 has successfully RESUMED session 30cd3769afd0de2982c849cd3380809b.
[2026-02-11 11:23:43] INFO discord.gateway: Shard ID 0 has successfully RESUMED session 30cd3769afd0de2982c849cd3380809b.
[2026-02-11 12:13:16] INFO discord.gateway: Shard ID 0 has successfully RESUMED session 30cd3769afd0de2982c849cd3380809b.
[2026-02-11 13:54:00] INFO discord.gateway: Shard ID 0 has successfully RESUMED session 30cd3769afd0de2982c849cd3380809b.
[2026-02-11 15:10:48] INFO discord.gateway: Shard ID 0 has successfully RESUMED session 30cd3769afd0de2982c849cd3380809b.
[2026-02-11 16:25:01] INFO discord.gateway: Shard ID 0 has successfully RESUMED session 30cd3769afd0de2982c849cd3380809b.
[2026-02-11 19:02:01] INFO discord.gateway: Shard ID 0 has successfully RESUMED session 30cd3769afd0de2982c849cd3380809b.
[2026-02-11 19:20:54] INFO discord.gateway: Shard ID 0 has successfully RESUMED session 30cd3769afd0de2982c849cd3380809b.
[2026-02-11 19:59:33] INFO discord.gateway: Shard ID 0 has successfully RESUMED session 30cd3769afd0de2982c849cd3380809b.
[2026-02-11 20:23:27] INFO discord.gateway: Shard ID 0 has successfully RESUMED session 30cd3769afd0de2982c849cd3380809b.
[2026-02-11 22:09:33] INFO discord.gateway: Shard ID 0 has successfully RESUMED session 30cd3769afd0de2982c849cd3380809b.
[2026-02-11 22:40:46] INFO discord.gateway: Shard ID 0 has successfully RESUMED session 30cd3769afd0de2982c849cd3380809b.
[2026-02-11 23:08:39] INFO discord.gateway: Shard ID 0 has successfully RESUMED session 30cd3769afd0de2982c849cd3380809b.
[2026-02-11 23:32:09] INFO discord.gateway: Shard ID 0 has successfully RESUMED session 30cd3769afd0de2982c849cd3380809b.
[2026-02-12 00:07:23] INFO discord.gateway: Shard ID 0 has successfully RESUMED session 30cd3769afd0de2982c849cd3380809b.
[2026-02-12 01:33:11] INFO discord.gateway: Shard ID 0 has successfully RESUMED session 30cd3769afd0de2982c849cd3380809b.
[2026-02-12 02:10:52] INFO discord.gateway: Shard ID 0 has successfully RESUMED session 30cd3769afd0de2982c849cd3380809b.
[2026-02-12 02:41:51] INFO uvicorn.access: 172.19.0.3:36132 - "GET / HTTP/1.0" 200
[2026-02-12 02:41:53] WARNING django.request: Not Found: /favicon.ico
[2026-02-12 02:41:53] INFO uvicorn.access: 172.19.0.3:36146 - "GET /favicon.ico HTTP/1.0" 404
[2026-02-12 02:41:56] INFO uvicorn.access: 172.19.0.3:36148 - "GET /bd_models/ball/ HTTP/1.0" 200
[2026-02-12 02:41:58] INFO uvicorn.access: 172.19.0.3:49428 - "GET /jsi18n/ HTTP/1.0" 200
[2026-02-12 02:42:00] INFO uvicorn.access: 172.19.0.3:49440 - "GET / HTTP/1.0" 200
[2026-02-12 02:42:02] INFO uvicorn.access: 172.19.0.3:49452 - "GET /bd_models/ball/add/ HTTP/1.0" 200
[2026-02-12 02:42:03] INFO uvicorn.access: 172.19.0.3:49468 - "GET /jsi18n/ HTTP/1.0" 200
[2026-02-12 02:43:25] INFO uvicorn.access: 172.19.0.3:54802 - "GET /autocomplete/?app_label=bd_models&model_name=ball&field_name=economy HTTP/1.0" 200
[2026-02-12 02:43:26] INFO uvicorn.access: 172.19.0.3:60336 - "GET /autocomplete/?app_label=bd_models&model_name=ball&field_name=regime HTTP/1.0" 200
[2026-02-12 02:44:19] INFO uvicorn.access: 172.19.0.3:55164 - "POST /bd_models/ball/add/ HTTP/1.0" 200
[2026-02-12 02:44:19] INFO uvicorn.access: 172.19.0.3:55180 - "GET /jsi18n/ HTTP/1.0" 200
[2026-02-12 02:44:50] INFO uvicorn.access: 172.19.0.3:33362 - "POST /bd_models/ball/add/ HTTP/1.0" 200
[2026-02-12 02:44:50] INFO uvicorn.access: 172.19.0.3:33378 - "GET /jsi18n/ HTTP/1.0" 200
[2026-02-12 02:45:03] INFO uvicorn.access: 172.19.0.3:47074 - "POST /bd_models/ball/add/ HTTP/1.0" 302
[2026-02-12 02:45:05] INFO uvicorn.access: 172.19.0.3:47086 - "GET /bd_models/ball/7/change/ HTTP/1.0" 200
[2026-02-12 02:45:06] INFO uvicorn.access: 172.19.0.3:59222 - "GET /jsi18n/ HTTP/1.0" 200
[2026-02-12 02:45:18] INFO uvicorn.access: 172.19.0.3:59224 - "GET /ball/generate/7 HTTP/1.0" 200
[2026-02-12 02:46:46] INFO uvicorn.access: 172.19.0.3:53142 - "GET /autocomplete/?app_label=bd_models&model_name=ball&field_name=regime HTTP/1.0" 200
[2026-02-12 02:46:53] INFO uvicorn.access: 172.19.0.3:53152 - "POST /bd_models/ball/7/change/ HTTP/1.0" 302
[2026-02-12 02:46:54] INFO uvicorn.access: 172.19.0.3:53168 - "GET /bd_models/ball/7/change/ HTTP/1.0" 200
[2026-02-12 02:46:54] INFO uvicorn.access: 172.19.0.3:53176 - "GET /jsi18n/ HTTP/1.0" 200
[2026-02-12 02:47:00] INFO uvicorn.access: 172.19.0.3:53186 - "GET /ball/generate/7 HTTP/1.0" 200
[2026-02-12 02:47:05] INFO uvicorn.access: 172.19.0.3:40426 - "POST /bd_models/ball/7/change/ HTTP/1.0" 302
[2026-02-12 02:47:07] INFO uvicorn.access: 172.19.0.3:40440 - "GET /bd_models/ball/7/change/ HTTP/1.0" 200
[2026-02-12 02:47:08] INFO uvicorn.access: 172.19.0.3:40452 - "GET /jsi18n/ HTTP/1.0" 200
[2026-02-12 02:47:13] INFO uvicorn.access: 172.19.0.3:40466 - "GET /ball/generate/7 HTTP/1.0" 200
[2026-02-12 02:48:08] ERROR discord.app_commands.tree: Ignoring exception in autocomplete for 'admin objects give'
Traceback (most recent call last):
  File "/opt/venv/lib/python3.14/site-packages/discord/app_commands/tree.py", line 1289, in _call
    await command._invoke_autocomplete(interaction, focused, namespace)
  File "/opt/venv/lib/python3.14/site-packages/discord/app_commands/commands.py", line 928, in _invoke_autocomplete
    await interaction.response.autocomplete(choices)
  File "/opt/venv/lib/python3.14/site-packages/discord/interactions.py", line 1332, in autocomplete
    await adapter.create_interaction_response(
    ...<6 lines>...
    )
  File "/opt/venv/lib/python3.14/site-packages/discord/webhook/async_.py", line 224, in request
    raise NotFound(response, data)
discord.errors.NotFound: 404 Not Found (error code: 10062): Unknown interaction
[2026-02-12 02:48:09] ERROR discord.app_commands.tree: Ignoring exception in autocomplete for 'admin objects give'
Traceback (most recent call last):
  File "/opt/venv/lib/python3.14/site-packages/discord/app_commands/tree.py", line 1289, in _call
    await command._invoke_autocomplete(interaction, focused, namespace)
  File "/opt/venv/lib/python3.14/site-packages/discord/app_commands/commands.py", line 928, in _invoke_autocomplete
    await interaction.response.autocomplete(choices)
  File "/opt/venv/lib/python3.14/site-packages/discord/interactions.py", line 1332, in autocomplete
    await adapter.create_interaction_response(
    ...<6 lines>...
    )
  File "/opt/venv/lib/python3.14/site-packages/discord/webhook/async_.py", line 224, in request
    raise NotFound(response, data)
discord.errors.NotFound: 404 Not Found (error code: 10062): Unknown interaction
[2026-02-12 02:48:30] INFO ballsdex.core.bot: Cache loaded, summary displayed below:
[2026-02-12 02:49:54] INFO ballsdex.packages.admin.balls: lomadinthe2nd gave object Giant ENEMY SPIDER (`DF`) to lomadinthe2nd. (Special=None ATK=+200 HP=+200).
[2026-02-12 03:56:19] INFO discord.gateway: Shard ID 0 has successfully RESUMED session 30cd3769afd0de2982c849cd3380809b.
[2026-02-12 07:14:13] INFO discord.gateway: Shard ID 0 has successfully RESUMED session 30cd3769afd0de2982c849cd3380809b.
[2026-02-12 10:08:48] INFO discord.gateway: Shard ID 0 has successfully RESUMED session 30cd3769afd0de2982c849cd3380809b.
[2026-02-12 13:37:04] INFO discord.gateway: Shard ID 0 has successfully RESUMED session 30cd3769afd0de2982c849cd3380809b.
[2026-02-12 14:02:28] INFO discord.gateway: Shard ID 0 has successfully RESUMED session 30cd3769afd0de2982c849cd3380809b.
[2026-02-12 14:38:00] INFO discord.gateway: Shard ID 0 has successfully RESUMED session 30cd3769afd0de2982c849cd3380809b.
[2026-02-12 17:02:14] INFO discord.gateway: Shard ID 0 has successfully RESUMED session 30cd3769afd0de2982c849cd3380809b.
[2026-02-12 17:04:18] INFO discord.gateway: Shard ID 0 has successfully RESUMED session 30cd3769afd0de2982c849cd3380809b.
[2026-02-12 17:22:28] INFO discord.gateway: Shard ID 0 has successfully RESUMED session 30cd3769afd0de2982c849cd3380809b.
[2026-02-12 18:23:40] INFO discord.gateway: Shard ID 0 has successfully RESUMED session 30cd3769afd0de2982c849cd3380809b.
[2026-02-12 20:33:26] INFO discord.gateway: Shard ID 0 has successfully RESUMED session 30cd3769afd0de2982c849cd3380809b.
[2026-02-12 21:25:59] INFO discord.gateway: Shard ID 0 has successfully RESUMED session 30cd3769afd0de2982c849cd3380809b.
[2026-02-12 23:47:08] INFO discord.gateway: Shard ID 0 has successfully RESUMED session 30cd3769afd0de2982c849cd3380809b.
[2026-02-13 02:23:21] INFO discord.gateway: Shard ID 0 has successfully RESUMED session 30cd3769afd0de2982c849cd3380809b.
[2026-02-13 05:44:02] INFO discord.gateway: Shard ID 0 has successfully RESUMED session 30cd3769afd0de2982c849cd3380809b.
[2026-02-13 07:40:00] INFO discord.gateway: Shard ID 0 has successfully RESUMED session 30cd3769afd0de2982c849cd3380809b.
[2026-02-13 11:02:59] INFO discord.gateway: Shard ID 0 has successfully RESUMED session 30cd3769afd0de2982c849cd3380809b.
[2026-02-13 11:20:16] INFO discord.gateway: Shard ID 0 has successfully RESUMED session 30cd3769afd0de2982c849cd3380809b.
[2026-02-13 13:38:49] INFO discord.gateway: Shard ID 0 has successfully RESUMED session 30cd3769afd0de2982c849cd3380809b.
[2026-02-13 14:07:30] INFO discord.gateway: Shard ID 0 has successfully RESUMED session 30cd3769afd0de2982c849cd3380809b.
[2026-02-13 16:23:21] ERROR discord.shard: Attempting a reconnect for shard ID 0 in 1.32s
Traceback (most recent call last):
  File "/opt/venv/lib/python3.14/site-packages/aiohttp/connector.py", line 1532, in _create_direct_connection
    hosts = await self._resolve_host(host, port, traces=traces)
            ^^^^^^^^^^^^^^^^^^^^^^^^^^^^^^^^^^^^^^^^^^^^^^^^^^^
  File "/opt/venv/lib/python3.14/site-packages/aiohttp/connector.py", line 1148, in _resolve_host
    return await asyncio.shield(resolved_host_task)
           ^^^^^^^^^^^^^^^^^^^^^^^^^^^^^^^^^^^^^^^^
  File "/opt/venv/lib/python3.14/site-packages/aiohttp/connector.py", line 1179, in _resolve_host_with_throttle
    addrs = await self._resolver.resolve(host, port, family=self._family)
            ^^^^^^^^^^^^^^^^^^^^^^^^^^^^^^^^^^^^^^^^^^^^^^^^^^^^^^^^^^^^^
  File "/opt/venv/lib/python3.14/site-packages/aiohttp/resolver.py", line 40, in resolve
    infos = await self._loop.getaddrinfo(
            ^^^^^^^^^^^^^^^^^^^^^^^^^^^^^
    ...<5 lines>...
    )
    ^
  File "/usr/local/lib/python3.14/asyncio/base_events.py", line 936, in getaddrinfo
    return await self.run_in_executor(
           ^^^^^^^^^^^^^^^^^^^^^^^^^^^
        None, getaddr_func, host, port, family, type, proto, flags)
        ^^^^^^^^^^^^^^^^^^^^^^^^^^^^^^^^^^^^^^^^^^^^^^^^^^^^^^^^^^^
  File "/usr/local/lib/python3.14/concurrent/futures/thread.py", line 86, in run
    result = ctx.run(self.task)
  File "/usr/local/lib/python3.14/concurrent/futures/thread.py", line 73, in run
    return fn(*args, **kwargs)
  File "/usr/local/lib/python3.14/socket.py", line 983, in getaddrinfo
    for res in _socket.getaddrinfo(host, port, family, type, proto, flags):
               ~~~~~~~~~~~~~~~~~~~^^^^^^^^^^^^^^^^^^^^^^^^^^^^^^^^^^^^^^^^
socket.gaierror: [Errno -3] Try again

The above exception was the direct cause of the following exception:

Traceback (most recent call last):
  File "/opt/venv/lib/python3.14/site-packages/discord/shard.py", line 201, in reidentify
    self.ws = await asyncio.wait_for(coro, timeout=60.0)
              ^^^^^^^^^^^^^^^^^^^^^^^^^^^^^^^^^^^^^^^^^^
  File "/usr/local/lib/python3.14/asyncio/tasks.py", line 488, in wait_for
    return await fut
           ^^^^^^^^^
  File "/opt/venv/lib/python3.14/site-packages/discord/gateway.py", line 383, in from_client
    socket = await client.http.ws_connect(str(url))
             ^^^^^^^^^^^^^^^^^^^^^^^^^^^^^^^^^^^^^^
  File "/opt/venv/lib/python3.14/site-packages/discord/http.py", line 566, in ws_connect
    return await self.__session.ws_connect(url, **kwargs)
           ^^^^^^^^^^^^^^^^^^^^^^^^^^^^^^^^^^^^^^^^^^^^^^
  File "/opt/venv/lib/python3.14/site-packages/aiohttp/client.py", line 1076, in _ws_connect
    resp = await self.request(
           ^^^^^^^^^^^^^^^^^^^
    ...<11 lines>...
    )
    ^
  File "/opt/venv/lib/python3.14/site-packages/aiohttp/client.py", line 779, in _request
    resp = await handler(req)
           ^^^^^^^^^^^^^^^^^^
  File "/opt/venv/lib/python3.14/site-packages/aiohttp/client.py", line 734, in _connect_and_send_request
    conn = await self._connector.connect(
           ^^^^^^^^^^^^^^^^^^^^^^^^^^^^^^
        req, traces=traces, timeout=real_timeout
        ^^^^^^^^^^^^^^^^^^^^^^^^^^^^^^^^^^^^^^^^
    )
    ^
  File "/opt/venv/lib/python3.14/site-packages/aiohttp/connector.py", line 642, in connect
    proto = await self._create_connection(req, traces, timeout)
            ^^^^^^^^^^^^^^^^^^^^^^^^^^^^^^^^^^^^^^^^^^^^^^^^^^^
  File "/opt/venv/lib/python3.14/site-packages/aiohttp/connector.py", line 1209, in _create_connection
    _, proto = await self._create_direct_connection(req, traces, timeout)
               ^^^^^^^^^^^^^^^^^^^^^^^^^^^^^^^^^^^^^^^^^^^^^^^^^^^^^^^^^^
  File "/opt/venv/lib/python3.14/site-packages/aiohttp/connector.py", line 1538, in _create_direct_connection
    raise ClientConnectorDNSError(req.connection_key, exc) from exc
aiohttp.client_exceptions.ClientConnectorDNSError: Cannot connect to host gateway-us-east1-c.discord.gg:443 ssl:default [Try again]
[2026-02-13 16:23:28] ERROR discord.shard: Attempting a reconnect for shard ID 0 in 2.21s
Traceback (most recent call last):
  File "/opt/venv/lib/python3.14/site-packages/aiohttp/connector.py", line 1532, in _create_direct_connection
    hosts = await self._resolve_host(host, port, traces=traces)
            ^^^^^^^^^^^^^^^^^^^^^^^^^^^^^^^^^^^^^^^^^^^^^^^^^^^
  File "/opt/venv/lib/python3.14/site-packages/aiohttp/connector.py", line 1148, in _resolve_host
    return await asyncio.shield(resolved_host_task)
           ^^^^^^^^^^^^^^^^^^^^^^^^^^^^^^^^^^^^^^^^
  File "/opt/venv/lib/python3.14/site-packages/aiohttp/connector.py", line 1179, in _resolve_host_with_throttle
    addrs = await self._resolver.resolve(host, port, family=self._family)
            ^^^^^^^^^^^^^^^^^^^^^^^^^^^^^^^^^^^^^^^^^^^^^^^^^^^^^^^^^^^^^
  File "/opt/venv/lib/python3.14/site-packages/aiohttp/resolver.py", line 40, in resolve
    infos = await self._loop.getaddrinfo(
            ^^^^^^^^^^^^^^^^^^^^^^^^^^^^^
    ...<5 lines>...
    )
    ^
  File "/usr/local/lib/python3.14/asyncio/base_events.py", line 936, in getaddrinfo
    return await self.run_in_executor(
           ^^^^^^^^^^^^^^^^^^^^^^^^^^^
        None, getaddr_func, host, port, family, type, proto, flags)
        ^^^^^^^^^^^^^^^^^^^^^^^^^^^^^^^^^^^^^^^^^^^^^^^^^^^^^^^^^^^
  File "/usr/local/lib/python3.14/concurrent/futures/thread.py", line 86, in run
    result = ctx.run(self.task)
  File "/usr/local/lib/python3.14/concurrent/futures/thread.py", line 73, in run
    return fn(*args, **kwargs)
  File "/usr/local/lib/python3.14/socket.py", line 983, in getaddrinfo
    for res in _socket.getaddrinfo(host, port, family, type, proto, flags):
               ~~~~~~~~~~~~~~~~~~~^^^^^^^^^^^^^^^^^^^^^^^^^^^^^^^^^^^^^^^^
socket.gaierror: [Errno -3] Try again

The above exception was the direct cause of the following exception:

Traceback (most recent call last):
  File "/opt/venv/lib/python3.14/site-packages/discord/shard.py", line 219, in reconnect
    self.ws = await asyncio.wait_for(coro, timeout=60.0)
              ^^^^^^^^^^^^^^^^^^^^^^^^^^^^^^^^^^^^^^^^^^
  File "/usr/local/lib/python3.14/asyncio/tasks.py", line 488, in wait_for
    return await fut
           ^^^^^^^^^
  File "/opt/venv/lib/python3.14/site-packages/discord/gateway.py", line 383, in from_client
    socket = await client.http.ws_connect(str(url))
             ^^^^^^^^^^^^^^^^^^^^^^^^^^^^^^^^^^^^^^
  File "/opt/venv/lib/python3.14/site-packages/discord/http.py", line 566, in ws_connect
    return await self.__session.ws_connect(url, **kwargs)
           ^^^^^^^^^^^^^^^^^^^^^^^^^^^^^^^^^^^^^^^^^^^^^^
  File "/opt/venv/lib/python3.14/site-packages/aiohttp/client.py", line 1076, in _ws_connect
    resp = await self.request(
           ^^^^^^^^^^^^^^^^^^^
    ...<11 lines>...
    )
    ^
  File "/opt/venv/lib/python3.14/site-packages/aiohttp/client.py", line 779, in _request
    resp = await handler(req)
           ^^^^^^^^^^^^^^^^^^
  File "/opt/venv/lib/python3.14/site-packages/aiohttp/client.py", line 734, in _connect_and_send_request
    conn = await self._connector.connect(
           ^^^^^^^^^^^^^^^^^^^^^^^^^^^^^^
        req, traces=traces, timeout=real_timeout
        ^^^^^^^^^^^^^^^^^^^^^^^^^^^^^^^^^^^^^^^^
    )
    ^
  File "/opt/venv/lib/python3.14/site-packages/aiohttp/connector.py", line 642, in connect
    proto = await self._create_connection(req, traces, timeout)
            ^^^^^^^^^^^^^^^^^^^^^^^^^^^^^^^^^^^^^^^^^^^^^^^^^^^
  File "/opt/venv/lib/python3.14/site-packages/aiohttp/connector.py", line 1209, in _create_connection
    _, proto = await self._create_direct_connection(req, traces, timeout)
               ^^^^^^^^^^^^^^^^^^^^^^^^^^^^^^^^^^^^^^^^^^^^^^^^^^^^^^^^^^
  File "/opt/venv/lib/python3.14/site-packages/aiohttp/connector.py", line 1538, in _create_direct_connection
    raise ClientConnectorDNSError(req.connection_key, exc) from exc
aiohttp.client_exceptions.ClientConnectorDNSError: Cannot connect to host gateway.discord.gg:443 ssl:default [Try again]
[2026-02-13 16:23:35] ERROR discord.shard: Attempting a reconnect for shard ID 0 in 7.47s
Traceback (most recent call last):
  File "/opt/venv/lib/python3.14/site-packages/aiohttp/connector.py", line 1532, in _create_direct_connection
    hosts = await self._resolve_host(host, port, traces=traces)
            ^^^^^^^^^^^^^^^^^^^^^^^^^^^^^^^^^^^^^^^^^^^^^^^^^^^
  File "/opt/venv/lib/python3.14/site-packages/aiohttp/connector.py", line 1148, in _resolve_host
    return await asyncio.shield(resolved_host_task)
           ^^^^^^^^^^^^^^^^^^^^^^^^^^^^^^^^^^^^^^^^
  File "/opt/venv/lib/python3.14/site-packages/aiohttp/connector.py", line 1179, in _resolve_host_with_throttle
    addrs = await self._resolver.resolve(host, port, family=self._family)
            ^^^^^^^^^^^^^^^^^^^^^^^^^^^^^^^^^^^^^^^^^^^^^^^^^^^^^^^^^^^^^
  File "/opt/venv/lib/python3.14/site-packages/aiohttp/resolver.py", line 40, in resolve
    infos = await self._loop.getaddrinfo(
            ^^^^^^^^^^^^^^^^^^^^^^^^^^^^^
    ...<5 lines>...
    )
    ^
  File "/usr/local/lib/python3.14/asyncio/base_events.py", line 936, in getaddrinfo
    return await self.run_in_executor(
           ^^^^^^^^^^^^^^^^^^^^^^^^^^^
        None, getaddr_func, host, port, family, type, proto, flags)
        ^^^^^^^^^^^^^^^^^^^^^^^^^^^^^^^^^^^^^^^^^^^^^^^^^^^^^^^^^^^
  File "/usr/local/lib/python3.14/concurrent/futures/thread.py", line 86, in run
    result = ctx.run(self.task)
  File "/usr/local/lib/python3.14/concurrent/futures/thread.py", line 73, in run
    return fn(*args, **kwargs)
  File "/usr/local/lib/python3.14/socket.py", line 983, in getaddrinfo
    for res in _socket.getaddrinfo(host, port, family, type, proto, flags):
               ~~~~~~~~~~~~~~~~~~~^^^^^^^^^^^^^^^^^^^^^^^^^^^^^^^^^^^^^^^^
socket.gaierror: [Errno -3] Try again

The above exception was the direct cause of the following exception:

Traceback (most recent call last):
  File "/opt/venv/lib/python3.14/site-packages/discord/shard.py", line 219, in reconnect
    self.ws = await asyncio.wait_for(coro, timeout=60.0)
              ^^^^^^^^^^^^^^^^^^^^^^^^^^^^^^^^^^^^^^^^^^
  File "/usr/local/lib/python3.14/asyncio/tasks.py", line 488, in wait_for
    return await fut
           ^^^^^^^^^
  File "/opt/venv/lib/python3.14/site-packages/discord/gateway.py", line 383, in from_client
    socket = await client.http.ws_connect(str(url))
             ^^^^^^^^^^^^^^^^^^^^^^^^^^^^^^^^^^^^^^
  File "/opt/venv/lib/python3.14/site-packages/discord/http.py", line 566, in ws_connect
    return await self.__session.ws_connect(url, **kwargs)
           ^^^^^^^^^^^^^^^^^^^^^^^^^^^^^^^^^^^^^^^^^^^^^^
  File "/opt/venv/lib/python3.14/site-packages/aiohttp/client.py", line 1076, in _ws_connect
    resp = await self.request(
           ^^^^^^^^^^^^^^^^^^^
    ...<11 lines>...
    )
    ^
  File "/opt/venv/lib/python3.14/site-packages/aiohttp/client.py", line 779, in _request
    resp = await handler(req)
           ^^^^^^^^^^^^^^^^^^
  File "/opt/venv/lib/python3.14/site-packages/aiohttp/client.py", line 734, in _connect_and_send_request
    conn = await self._connector.connect(
           ^^^^^^^^^^^^^^^^^^^^^^^^^^^^^^
        req, traces=traces, timeout=real_timeout
        ^^^^^^^^^^^^^^^^^^^^^^^^^^^^^^^^^^^^^^^^
    )
    ^
  File "/opt/venv/lib/python3.14/site-packages/aiohttp/connector.py", line 642, in connect
    proto = await self._create_connection(req, traces, timeout)
            ^^^^^^^^^^^^^^^^^^^^^^^^^^^^^^^^^^^^^^^^^^^^^^^^^^^
  File "/opt/venv/lib/python3.14/site-packages/aiohttp/connector.py", line 1209, in _create_connection
    _, proto = await self._create_direct_connection(req, traces, timeout)
               ^^^^^^^^^^^^^^^^^^^^^^^^^^^^^^^^^^^^^^^^^^^^^^^^^^^^^^^^^^
  File "/opt/venv/lib/python3.14/site-packages/aiohttp/connector.py", line 1538, in _create_direct_connection
    raise ClientConnectorDNSError(req.connection_key, exc) from exc
aiohttp.client_exceptions.ClientConnectorDNSError: Cannot connect to host gateway.discord.gg:443 ssl:default [Try again]
[2026-02-13 16:23:47] ERROR discord.shard: Attempting a reconnect for shard ID 0 in 1.08s
Traceback (most recent call last):
  File "/opt/venv/lib/python3.14/site-packages/aiohttp/connector.py", line 1532, in _create_direct_connection
    hosts = await self._resolve_host(host, port, traces=traces)
            ^^^^^^^^^^^^^^^^^^^^^^^^^^^^^^^^^^^^^^^^^^^^^^^^^^^
  File "/opt/venv/lib/python3.14/site-packages/aiohttp/connector.py", line 1148, in _resolve_host
    return await asyncio.shield(resolved_host_task)
           ^^^^^^^^^^^^^^^^^^^^^^^^^^^^^^^^^^^^^^^^
  File "/opt/venv/lib/python3.14/site-packages/aiohttp/connector.py", line 1179, in _resolve_host_with_throttle
    addrs = await self._resolver.resolve(host, port, family=self._family)
            ^^^^^^^^^^^^^^^^^^^^^^^^^^^^^^^^^^^^^^^^^^^^^^^^^^^^^^^^^^^^^
  File "/opt/venv/lib/python3.14/site-packages/aiohttp/resolver.py", line 40, in resolve
    infos = await self._loop.getaddrinfo(
            ^^^^^^^^^^^^^^^^^^^^^^^^^^^^^
    ...<5 lines>...
    )
    ^
  File "/usr/local/lib/python3.14/asyncio/base_events.py", line 936, in getaddrinfo
    return await self.run_in_executor(
           ^^^^^^^^^^^^^^^^^^^^^^^^^^^
        None, getaddr_func, host, port, family, type, proto, flags)
        ^^^^^^^^^^^^^^^^^^^^^^^^^^^^^^^^^^^^^^^^^^^^^^^^^^^^^^^^^^^
  File "/usr/local/lib/python3.14/concurrent/futures/thread.py", line 86, in run
    result = ctx.run(self.task)
  File "/usr/local/lib/python3.14/concurrent/futures/thread.py", line 73, in run
    return fn(*args, **kwargs)
  File "/usr/local/lib/python3.14/socket.py", line 983, in getaddrinfo
    for res in _socket.getaddrinfo(host, port, family, type, proto, flags):
               ~~~~~~~~~~~~~~~~~~~^^^^^^^^^^^^^^^^^^^^^^^^^^^^^^^^^^^^^^^^
socket.gaierror: [Errno -3] Try again

The above exception was the direct cause of the following exception:

Traceback (most recent call last):
  File "/opt/venv/lib/python3.14/site-packages/discord/shard.py", line 219, in reconnect
    self.ws = await asyncio.wait_for(coro, timeout=60.0)
              ^^^^^^^^^^^^^^^^^^^^^^^^^^^^^^^^^^^^^^^^^^
  File "/usr/local/lib/python3.14/asyncio/tasks.py", line 488, in wait_for
    return await fut
           ^^^^^^^^^
  File "/opt/venv/lib/python3.14/site-packages/discord/gateway.py", line 383, in from_client
    socket = await client.http.ws_connect(str(url))
             ^^^^^^^^^^^^^^^^^^^^^^^^^^^^^^^^^^^^^^
  File "/opt/venv/lib/python3.14/site-packages/discord/http.py", line 566, in ws_connect
    return await self.__session.ws_connect(url, **kwargs)
           ^^^^^^^^^^^^^^^^^^^^^^^^^^^^^^^^^^^^^^^^^^^^^^
  File "/opt/venv/lib/python3.14/site-packages/aiohttp/client.py", line 1076, in _ws_connect
    resp = await self.request(
           ^^^^^^^^^^^^^^^^^^^
    ...<11 lines>...
    )
    ^
  File "/opt/venv/lib/python3.14/site-packages/aiohttp/client.py", line 779, in _request
    resp = await handler(req)
           ^^^^^^^^^^^^^^^^^^
  File "/opt/venv/lib/python3.14/site-packages/aiohttp/client.py", line 734, in _connect_and_send_request
    conn = await self._connector.connect(
           ^^^^^^^^^^^^^^^^^^^^^^^^^^^^^^
        req, traces=traces, timeout=real_timeout
        ^^^^^^^^^^^^^^^^^^^^^^^^^^^^^^^^^^^^^^^^
    )
    ^
  File "/opt/venv/lib/python3.14/site-packages/aiohttp/connector.py", line 642, in connect
    proto = await self._create_connection(req, traces, timeout)
            ^^^^^^^^^^^^^^^^^^^^^^^^^^^^^^^^^^^^^^^^^^^^^^^^^^^
  File "/opt/venv/lib/python3.14/site-packages/aiohttp/connector.py", line 1209, in _create_connection
    _, proto = await self._create_direct_connection(req, traces, timeout)
               ^^^^^^^^^^^^^^^^^^^^^^^^^^^^^^^^^^^^^^^^^^^^^^^^^^^^^^^^^^
  File "/opt/venv/lib/python3.14/site-packages/aiohttp/connector.py", line 1538, in _create_direct_connection
    raise ClientConnectorDNSError(req.connection_key, exc) from exc
aiohttp.client_exceptions.ClientConnectorDNSError: Cannot connect to host gateway.discord.gg:443 ssl:default [Try again]
[2026-02-13 16:23:53] ERROR discord.shard: Attempting a reconnect for shard ID 0 in 8.33s
Traceback (most recent call last):
  File "/opt/venv/lib/python3.14/site-packages/aiohttp/connector.py", line 1532, in _create_direct_connection
    hosts = await self._resolve_host(host, port, traces=traces)
            ^^^^^^^^^^^^^^^^^^^^^^^^^^^^^^^^^^^^^^^^^^^^^^^^^^^
  File "/opt/venv/lib/python3.14/site-packages/aiohttp/connector.py", line 1148, in _resolve_host
    return await asyncio.shield(resolved_host_task)
           ^^^^^^^^^^^^^^^^^^^^^^^^^^^^^^^^^^^^^^^^
  File "/opt/venv/lib/python3.14/site-packages/aiohttp/connector.py", line 1179, in _resolve_host_with_throttle
    addrs = await self._resolver.resolve(host, port, family=self._family)
            ^^^^^^^^^^^^^^^^^^^^^^^^^^^^^^^^^^^^^^^^^^^^^^^^^^^^^^^^^^^^^
  File "/opt/venv/lib/python3.14/site-packages/aiohttp/resolver.py", line 40, in resolve
    infos = await self._loop.getaddrinfo(
            ^^^^^^^^^^^^^^^^^^^^^^^^^^^^^
    ...<5 lines>...
    )
    ^
  File "/usr/local/lib/python3.14/asyncio/base_events.py", line 936, in getaddrinfo
    return await self.run_in_executor(
           ^^^^^^^^^^^^^^^^^^^^^^^^^^^
        None, getaddr_func, host, port, family, type, proto, flags)
        ^^^^^^^^^^^^^^^^^^^^^^^^^^^^^^^^^^^^^^^^^^^^^^^^^^^^^^^^^^^
  File "/usr/local/lib/python3.14/concurrent/futures/thread.py", line 86, in run
    result = ctx.run(self.task)
  File "/usr/local/lib/python3.14/concurrent/futures/thread.py", line 73, in run
    return fn(*args, **kwargs)
  File "/usr/local/lib/python3.14/socket.py", line 983, in getaddrinfo
    for res in _socket.getaddrinfo(host, port, family, type, proto, flags):
               ~~~~~~~~~~~~~~~~~~~^^^^^^^^^^^^^^^^^^^^^^^^^^^^^^^^^^^^^^^^
socket.gaierror: [Errno -3] Try again

The above exception was the direct cause of the following exception:

Traceback (most recent call last):
  File "/opt/venv/lib/python3.14/site-packages/discord/shard.py", line 219, in reconnect
    self.ws = await asyncio.wait_for(coro, timeout=60.0)
              ^^^^^^^^^^^^^^^^^^^^^^^^^^^^^^^^^^^^^^^^^^
  File "/usr/local/lib/python3.14/asyncio/tasks.py", line 488, in wait_for
    return await fut
           ^^^^^^^^^
  File "/opt/venv/lib/python3.14/site-packages/discord/gateway.py", line 383, in from_client
    socket = await client.http.ws_connect(str(url))
             ^^^^^^^^^^^^^^^^^^^^^^^^^^^^^^^^^^^^^^
  File "/opt/venv/lib/python3.14/site-packages/discord/http.py", line 566, in ws_connect
    return await self.__session.ws_connect(url, **kwargs)
           ^^^^^^^^^^^^^^^^^^^^^^^^^^^^^^^^^^^^^^^^^^^^^^
  File "/opt/venv/lib/python3.14/site-packages/aiohttp/client.py", line 1076, in _ws_connect
    resp = await self.request(
           ^^^^^^^^^^^^^^^^^^^
    ...<11 lines>...
    )
    ^
  File "/opt/venv/lib/python3.14/site-packages/aiohttp/client.py", line 779, in _request
    resp = await handler(req)
           ^^^^^^^^^^^^^^^^^^
  File "/opt/venv/lib/python3.14/site-packages/aiohttp/client.py", line 734, in _connect_and_send_request
    conn = await self._connector.connect(
           ^^^^^^^^^^^^^^^^^^^^^^^^^^^^^^
        req, traces=traces, timeout=real_timeout
        ^^^^^^^^^^^^^^^^^^^^^^^^^^^^^^^^^^^^^^^^
    )
    ^
  File "/opt/venv/lib/python3.14/site-packages/aiohttp/connector.py", line 642, in connect
    proto = await self._create_connection(req, traces, timeout)
            ^^^^^^^^^^^^^^^^^^^^^^^^^^^^^^^^^^^^^^^^^^^^^^^^^^^
  File "/opt/venv/lib/python3.14/site-packages/aiohttp/connector.py", line 1209, in _create_connection
    _, proto = await self._create_direct_connection(req, traces, timeout)
               ^^^^^^^^^^^^^^^^^^^^^^^^^^^^^^^^^^^^^^^^^^^^^^^^^^^^^^^^^^
  File "/opt/venv/lib/python3.14/site-packages/aiohttp/connector.py", line 1538, in _create_direct_connection
    raise ClientConnectorDNSError(req.connection_key, exc) from exc
aiohttp.client_exceptions.ClientConnectorDNSError: Cannot connect to host gateway.discord.gg:443 ssl:default [Try again]
[2026-02-13 16:24:07] ERROR discord.shard: Attempting a reconnect for shard ID 0 in 53.78s
Traceback (most recent call last):
  File "/opt/venv/lib/python3.14/site-packages/aiohttp/connector.py", line 1532, in _create_direct_connection
    hosts = await self._resolve_host(host, port, traces=traces)
            ^^^^^^^^^^^^^^^^^^^^^^^^^^^^^^^^^^^^^^^^^^^^^^^^^^^
  File "/opt/venv/lib/python3.14/site-packages/aiohttp/connector.py", line 1148, in _resolve_host
    return await asyncio.shield(resolved_host_task)
           ^^^^^^^^^^^^^^^^^^^^^^^^^^^^^^^^^^^^^^^^
  File "/opt/venv/lib/python3.14/site-packages/aiohttp/connector.py", line 1179, in _resolve_host_with_throttle
    addrs = await self._resolver.resolve(host, port, family=self._family)
            ^^^^^^^^^^^^^^^^^^^^^^^^^^^^^^^^^^^^^^^^^^^^^^^^^^^^^^^^^^^^^
  File "/opt/venv/lib/python3.14/site-packages/aiohttp/resolver.py", line 40, in resolve
    infos = await self._loop.getaddrinfo(
            ^^^^^^^^^^^^^^^^^^^^^^^^^^^^^
    ...<5 lines>...
    )
    ^
  File "/usr/local/lib/python3.14/asyncio/base_events.py", line 936, in getaddrinfo
    return await self.run_in_executor(
           ^^^^^^^^^^^^^^^^^^^^^^^^^^^
        None, getaddr_func, host, port, family, type, proto, flags)
        ^^^^^^^^^^^^^^^^^^^^^^^^^^^^^^^^^^^^^^^^^^^^^^^^^^^^^^^^^^^
  File "/usr/local/lib/python3.14/concurrent/futures/thread.py", line 86, in run
    result = ctx.run(self.task)
  File "/usr/local/lib/python3.14/concurrent/futures/thread.py", line 73, in run
    return fn(*args, **kwargs)
  File "/usr/local/lib/python3.14/socket.py", line 983, in getaddrinfo
    for res in _socket.getaddrinfo(host, port, family, type, proto, flags):
               ~~~~~~~~~~~~~~~~~~~^^^^^^^^^^^^^^^^^^^^^^^^^^^^^^^^^^^^^^^^
socket.gaierror: [Errno -3] Try again

The above exception was the direct cause of the following exception:

Traceback (most recent call last):
  File "/opt/venv/lib/python3.14/site-packages/discord/shard.py", line 219, in reconnect
    self.ws = await asyncio.wait_for(coro, timeout=60.0)
              ^^^^^^^^^^^^^^^^^^^^^^^^^^^^^^^^^^^^^^^^^^
  File "/usr/local/lib/python3.14/asyncio/tasks.py", line 488, in wait_for
    return await fut
           ^^^^^^^^^
  File "/opt/venv/lib/python3.14/site-packages/discord/gateway.py", line 383, in from_client
    socket = await client.http.ws_connect(str(url))
             ^^^^^^^^^^^^^^^^^^^^^^^^^^^^^^^^^^^^^^
  File "/opt/venv/lib/python3.14/site-packages/discord/http.py", line 566, in ws_connect
    return await self.__session.ws_connect(url, **kwargs)
           ^^^^^^^^^^^^^^^^^^^^^^^^^^^^^^^^^^^^^^^^^^^^^^
  File "/opt/venv/lib/python3.14/site-packages/aiohttp/client.py", line 1076, in _ws_connect
    resp = await self.request(
           ^^^^^^^^^^^^^^^^^^^
    ...<11 lines>...
    )
    ^
  File "/opt/venv/lib/python3.14/site-packages/aiohttp/client.py", line 779, in _request
    resp = await handler(req)
           ^^^^^^^^^^^^^^^^^^
  File "/opt/venv/lib/python3.14/site-packages/aiohttp/client.py", line 734, in _connect_and_send_request
    conn = await self._connector.connect(
           ^^^^^^^^^^^^^^^^^^^^^^^^^^^^^^
        req, traces=traces, timeout=real_timeout
        ^^^^^^^^^^^^^^^^^^^^^^^^^^^^^^^^^^^^^^^^
    )
    ^
  File "/opt/venv/lib/python3.14/site-packages/aiohttp/connector.py", line 642, in connect
    proto = await self._create_connection(req, traces, timeout)
            ^^^^^^^^^^^^^^^^^^^^^^^^^^^^^^^^^^^^^^^^^^^^^^^^^^^
  File "/opt/venv/lib/python3.14/site-packages/aiohttp/connector.py", line 1209, in _create_connection
    _, proto = await self._create_direct_connection(req, traces, timeout)
               ^^^^^^^^^^^^^^^^^^^^^^^^^^^^^^^^^^^^^^^^^^^^^^^^^^^^^^^^^^
  File "/opt/venv/lib/python3.14/site-packages/aiohttp/connector.py", line 1538, in _create_direct_connection
    raise ClientConnectorDNSError(req.connection_key, exc) from exc
aiohttp.client_exceptions.ClientConnectorDNSError: Cannot connect to host gateway.discord.gg:443 ssl:default [Try again]
[2026-02-13 16:25:07] INFO discord.gateway: Shard ID 0 has connected to Gateway (Session ID: 8fd7fb93da63780f0a60ac7b35a46367).
[2026-02-13 16:35:02] ERROR discord.shard: Attempting a reconnect for shard ID 0 in 4.28s
Traceback (most recent call last):
  File "/opt/venv/lib/python3.14/site-packages/aiohttp/connector.py", line 1532, in _create_direct_connection
    hosts = await self._resolve_host(host, port, traces=traces)
            ^^^^^^^^^^^^^^^^^^^^^^^^^^^^^^^^^^^^^^^^^^^^^^^^^^^
  File "/opt/venv/lib/python3.14/site-packages/aiohttp/connector.py", line 1148, in _resolve_host
    return await asyncio.shield(resolved_host_task)
           ^^^^^^^^^^^^^^^^^^^^^^^^^^^^^^^^^^^^^^^^
  File "/opt/venv/lib/python3.14/site-packages/aiohttp/connector.py", line 1179, in _resolve_host_with_throttle
    addrs = await self._resolver.resolve(host, port, family=self._family)
            ^^^^^^^^^^^^^^^^^^^^^^^^^^^^^^^^^^^^^^^^^^^^^^^^^^^^^^^^^^^^^
  File "/opt/venv/lib/python3.14/site-packages/aiohttp/resolver.py", line 40, in resolve
    infos = await self._loop.getaddrinfo(
            ^^^^^^^^^^^^^^^^^^^^^^^^^^^^^
    ...<5 lines>...
    )
    ^
  File "/usr/local/lib/python3.14/asyncio/base_events.py", line 936, in getaddrinfo
    return await self.run_in_executor(
           ^^^^^^^^^^^^^^^^^^^^^^^^^^^
        None, getaddr_func, host, port, family, type, proto, flags)
        ^^^^^^^^^^^^^^^^^^^^^^^^^^^^^^^^^^^^^^^^^^^^^^^^^^^^^^^^^^^
  File "/usr/local/lib/python3.14/concurrent/futures/thread.py", line 86, in run
    result = ctx.run(self.task)
  File "/usr/local/lib/python3.14/concurrent/futures/thread.py", line 73, in run
    return fn(*args, **kwargs)
  File "/usr/local/lib/python3.14/socket.py", line 983, in getaddrinfo
    for res in _socket.getaddrinfo(host, port, family, type, proto, flags):
               ~~~~~~~~~~~~~~~~~~~^^^^^^^^^^^^^^^^^^^^^^^^^^^^^^^^^^^^^^^^
socket.gaierror: [Errno -3] Try again

The above exception was the direct cause of the following exception:

Traceback (most recent call last):
  File "/opt/venv/lib/python3.14/site-packages/discord/shard.py", line 201, in reidentify
    self.ws = await asyncio.wait_for(coro, timeout=60.0)
              ^^^^^^^^^^^^^^^^^^^^^^^^^^^^^^^^^^^^^^^^^^
  File "/usr/local/lib/python3.14/asyncio/tasks.py", line 488, in wait_for
    return await fut
           ^^^^^^^^^
  File "/opt/venv/lib/python3.14/site-packages/discord/gateway.py", line 383, in from_client
    socket = await client.http.ws_connect(str(url))
             ^^^^^^^^^^^^^^^^^^^^^^^^^^^^^^^^^^^^^^
  File "/opt/venv/lib/python3.14/site-packages/discord/http.py", line 566, in ws_connect
    return await self.__session.ws_connect(url, **kwargs)
           ^^^^^^^^^^^^^^^^^^^^^^^^^^^^^^^^^^^^^^^^^^^^^^
  File "/opt/venv/lib/python3.14/site-packages/aiohttp/client.py", line 1076, in _ws_connect
    resp = await self.request(
           ^^^^^^^^^^^^^^^^^^^
    ...<11 lines>...
    )
    ^
  File "/opt/venv/lib/python3.14/site-packages/aiohttp/client.py", line 779, in _request
    resp = await handler(req)
           ^^^^^^^^^^^^^^^^^^
  File "/opt/venv/lib/python3.14/site-packages/aiohttp/client.py", line 734, in _connect_and_send_request
    conn = await self._connector.connect(
           ^^^^^^^^^^^^^^^^^^^^^^^^^^^^^^
        req, traces=traces, timeout=real_timeout
        ^^^^^^^^^^^^^^^^^^^^^^^^^^^^^^^^^^^^^^^^
    )
    ^
  File "/opt/venv/lib/python3.14/site-packages/aiohttp/connector.py", line 642, in connect
    proto = await self._create_connection(req, traces, timeout)
            ^^^^^^^^^^^^^^^^^^^^^^^^^^^^^^^^^^^^^^^^^^^^^^^^^^^
  File "/opt/venv/lib/python3.14/site-packages/aiohttp/connector.py", line 1209, in _create_connection
    _, proto = await self._create_direct_connection(req, traces, timeout)
               ^^^^^^^^^^^^^^^^^^^^^^^^^^^^^^^^^^^^^^^^^^^^^^^^^^^^^^^^^^
  File "/opt/venv/lib/python3.14/site-packages/aiohttp/connector.py", line 1538, in _create_direct_connection
    raise ClientConnectorDNSError(req.connection_key, exc) from exc
aiohttp.client_exceptions.ClientConnectorDNSError: Cannot connect to host gateway-us-east1-b.discord.gg:443 ssl:default [Try again]
[2026-02-13 16:35:12] ERROR discord.shard: Attempting a reconnect for shard ID 0 in 238.01s
Traceback (most recent call last):
  File "/opt/venv/lib/python3.14/site-packages/aiohttp/connector.py", line 1532, in _create_direct_connection
    hosts = await self._resolve_host(host, port, traces=traces)
            ^^^^^^^^^^^^^^^^^^^^^^^^^^^^^^^^^^^^^^^^^^^^^^^^^^^
  File "/opt/venv/lib/python3.14/site-packages/aiohttp/connector.py", line 1148, in _resolve_host
    return await asyncio.shield(resolved_host_task)
           ^^^^^^^^^^^^^^^^^^^^^^^^^^^^^^^^^^^^^^^^
  File "/opt/venv/lib/python3.14/site-packages/aiohttp/connector.py", line 1179, in _resolve_host_with_throttle
    addrs = await self._resolver.resolve(host, port, family=self._family)
            ^^^^^^^^^^^^^^^^^^^^^^^^^^^^^^^^^^^^^^^^^^^^^^^^^^^^^^^^^^^^^
  File "/opt/venv/lib/python3.14/site-packages/aiohttp/resolver.py", line 40, in resolve
    infos = await self._loop.getaddrinfo(
            ^^^^^^^^^^^^^^^^^^^^^^^^^^^^^
    ...<5 lines>...
    )
    ^
  File "/usr/local/lib/python3.14/asyncio/base_events.py", line 936, in getaddrinfo
    return await self.run_in_executor(
           ^^^^^^^^^^^^^^^^^^^^^^^^^^^
        None, getaddr_func, host, port, family, type, proto, flags)
        ^^^^^^^^^^^^^^^^^^^^^^^^^^^^^^^^^^^^^^^^^^^^^^^^^^^^^^^^^^^
  File "/usr/local/lib/python3.14/concurrent/futures/thread.py", line 86, in run
    result = ctx.run(self.task)
  File "/usr/local/lib/python3.14/concurrent/futures/thread.py", line 73, in run
    return fn(*args, **kwargs)
  File "/usr/local/lib/python3.14/socket.py", line 983, in getaddrinfo
    for res in _socket.getaddrinfo(host, port, family, type, proto, flags):
               ~~~~~~~~~~~~~~~~~~~^^^^^^^^^^^^^^^^^^^^^^^^^^^^^^^^^^^^^^^^
socket.gaierror: [Errno -3] Try again

The above exception was the direct cause of the following exception:

Traceback (most recent call last):
  File "/opt/venv/lib/python3.14/site-packages/discord/shard.py", line 219, in reconnect
    self.ws = await asyncio.wait_for(coro, timeout=60.0)
              ^^^^^^^^^^^^^^^^^^^^^^^^^^^^^^^^^^^^^^^^^^
  File "/usr/local/lib/python3.14/asyncio/tasks.py", line 488, in wait_for
    return await fut
           ^^^^^^^^^
  File "/opt/venv/lib/python3.14/site-packages/discord/gateway.py", line 383, in from_client
    socket = await client.http.ws_connect(str(url))
             ^^^^^^^^^^^^^^^^^^^^^^^^^^^^^^^^^^^^^^
  File "/opt/venv/lib/python3.14/site-packages/discord/http.py", line 566, in ws_connect
    return await self.__session.ws_connect(url, **kwargs)
           ^^^^^^^^^^^^^^^^^^^^^^^^^^^^^^^^^^^^^^^^^^^^^^
  File "/opt/venv/lib/python3.14/site-packages/aiohttp/client.py", line 1076, in _ws_connect
    resp = await self.request(
           ^^^^^^^^^^^^^^^^^^^
    ...<11 lines>...
    )
    ^
  File "/opt/venv/lib/python3.14/site-packages/aiohttp/client.py", line 779, in _request
    resp = await handler(req)
           ^^^^^^^^^^^^^^^^^^
  File "/opt/venv/lib/python3.14/site-packages/aiohttp/client.py", line 734, in _connect_and_send_request
    conn = await self._connector.connect(
           ^^^^^^^^^^^^^^^^^^^^^^^^^^^^^^
        req, traces=traces, timeout=real_timeout
        ^^^^^^^^^^^^^^^^^^^^^^^^^^^^^^^^^^^^^^^^
    )
    ^
  File "/opt/venv/lib/python3.14/site-packages/aiohttp/connector.py", line 642, in connect
    proto = await self._create_connection(req, traces, timeout)
            ^^^^^^^^^^^^^^^^^^^^^^^^^^^^^^^^^^^^^^^^^^^^^^^^^^^
  File "/opt/venv/lib/python3.14/site-packages/aiohttp/connector.py", line 1209, in _create_connection
    _, proto = await self._create_direct_connection(req, traces, timeout)
               ^^^^^^^^^^^^^^^^^^^^^^^^^^^^^^^^^^^^^^^^^^^^^^^^^^^^^^^^^^
  File "/opt/venv/lib/python3.14/site-packages/aiohttp/connector.py", line 1538, in _create_direct_connection
    raise ClientConnectorDNSError(req.connection_key, exc) from exc
aiohttp.client_exceptions.ClientConnectorDNSError: Cannot connect to host gateway.discord.gg:443 ssl:default [Try again]
[2026-02-13 16:39:16] INFO discord.gateway: Shard ID 0 has connected to Gateway (Session ID: 2f908e9e0f2524d745f4afd133eca668).
[2026-02-13 18:59:20] INFO discord.gateway: Shard ID 0 has successfully RESUMED session 2f908e9e0f2524d745f4afd133eca668.
[2026-02-13 19:26:50] INFO discord.gateway: Shard ID 0 has successfully RESUMED session 2f908e9e0f2524d745f4afd133eca668.
[2026-02-13 19:53:01] INFO discord.gateway: Shard ID 0 has successfully RESUMED session 2f908e9e0f2524d745f4afd133eca668.
[2026-02-13 20:50:30] INFO discord.gateway: Shard ID 0 session has been invalidated.
[2026-02-13 20:50:36] INFO discord.gateway: Shard ID 0 has connected to Gateway (Session ID: 9c82b45a125323aa3970a9708a99d5aa).
[2026-02-13 20:54:42] INFO uvicorn.access: 172.19.0.3:38104 - "GET /settings/settings/1/change/ HTTP/1.0" 200
[2026-02-13 20:54:47] WARNING django.request: Not Found: /favicon.ico
[2026-02-13 20:54:47] INFO uvicorn.access: 172.19.0.3:38114 - "GET /favicon.ico HTTP/1.0" 404
[2026-02-14 00:23:23] INFO discord.gateway: Shard ID 0 has successfully RESUMED session 9c82b45a125323aa3970a9708a99d5aa.
[2026-02-14 01:39:17] INFO discord.gateway: Shard ID 0 has successfully RESUMED session 9c82b45a125323aa3970a9708a99d5aa.
[2026-02-14 04:35:26] INFO uvicorn.access: 172.19.0.3:39540 - "GET / HTTP/1.0" 200
[2026-02-14 04:35:28] WARNING django.request: Not Found: /favicon.ico
[2026-02-14 04:35:28] INFO uvicorn.access: 172.19.0.3:39556 - "GET /favicon.ico HTTP/1.0" 404
[2026-02-14 04:35:50] INFO uvicorn.access: 172.19.0.3:49390 - "GET /bd_models/ballinstance/ HTTP/1.0" 200
[2026-02-14 04:35:51] INFO uvicorn.access: 172.19.0.3:49396 - "GET /jsi18n/ HTTP/1.0" 200
[2026-02-14 04:36:11] INFO uvicorn.access: 172.19.0.3:37834 - "GET /bd_models/regime/ HTTP/1.0" 200
[2026-02-14 04:36:11] INFO uvicorn.access: 172.19.0.3:37836 - "GET /jsi18n/ HTTP/1.0" 200
[2026-02-14 04:36:13] INFO uvicorn.access: 172.19.0.3:37848 - "GET /bd_models/regime/4/change/ HTTP/1.0" 200
[2026-02-14 04:36:13] INFO uvicorn.access: 172.19.0.3:37852 - "GET /jsi18n/ HTTP/1.0" 200
[2026-02-14 04:36:24] INFO uvicorn.access: 172.19.0.3:58180 - "POST /bd_models/regime/4/change/ HTTP/1.0" 302
[2026-02-14 04:36:24] INFO uvicorn.access: 172.19.0.3:58194 - "GET /bd_models/regime/ HTTP/1.0" 200
[2026-02-14 04:36:24] INFO uvicorn.access: 172.19.0.3:58206 - "GET /jsi18n/ HTTP/1.0" 200
[2026-02-14 04:36:29] INFO uvicorn.access: 172.19.0.3:54628 - "GET /bd_models/special/ HTTP/1.0" 200
[2026-02-14 04:36:29] INFO uvicorn.access: 172.19.0.3:54634 - "GET /jsi18n/ HTTP/1.0" 200
[2026-02-14 04:36:31] INFO uvicorn.access: 172.19.0.3:54636 - "GET /bd_models/special/1/change/ HTTP/1.0" 200
[2026-02-14 04:36:31] INFO uvicorn.access: 172.19.0.3:54638 - "GET /jsi18n/ HTTP/1.0" 200
[2026-02-14 04:36:34] INFO uvicorn.access: 172.19.0.3:54648 - "GET /special/generate/1 HTTP/1.0" 200
[2026-02-14 04:37:11] INFO discord.gateway: Shard ID 0 has successfully RESUMED session 9c82b45a125323aa3970a9708a99d5aa.
[2026-02-14 04:38:19] INFO ballsdex.core.bot: Cache loaded, summary displayed below:
[2026-02-14 04:46:10] INFO uvicorn.access: 172.19.0.3:49644 - "GET /bd_models/special/ HTTP/1.0" 200
[2026-02-14 04:47:08] INFO uvicorn.access: 172.19.0.3:33854 - "GET /bd_models/ball/ HTTP/1.0" 200
[2026-02-14 04:47:08] INFO uvicorn.access: 172.19.0.3:33862 - "GET /jsi18n/ HTTP/1.0" 200
[2026-02-14 04:47:12] INFO uvicorn.access: 172.19.0.3:33876 - "GET /bd_models/regime/ HTTP/1.0" 200
[2026-02-14 04:47:12] INFO uvicorn.access: 172.19.0.3:33880 - "GET /jsi18n/ HTTP/1.0" 200
[2026-02-14 04:47:14] INFO uvicorn.access: 172.19.0.3:33888 - "GET /bd_models/regime/4/change/ HTTP/1.0" 200
[2026-02-14 04:47:14] INFO uvicorn.access: 172.19.0.3:33892 - "GET /jsi18n/ HTTP/1.0" 200
[2026-02-14 04:47:22] INFO uvicorn.access: 172.19.0.3:34782 - "POST /bd_models/regime/4/change/ HTTP/1.0" 302
[2026-02-14 04:47:23] INFO uvicorn.access: 172.19.0.3:34792 - "GET /bd_models/regime/ HTTP/1.0" 200
[2026-02-14 04:47:23] INFO uvicorn.access: 172.19.0.3:34808 - "GET /jsi18n/ HTTP/1.0" 200
[2026-02-14 04:47:43] INFO ballsdex.core.bot: Cache loaded, summary displayed below:
[2026-02-14 04:58:16] INFO discord.gateway: Shard ID 0 has successfully RESUMED session 9c82b45a125323aa3970a9708a99d5aa.
[2026-02-14 06:00:49] INFO discord.gateway: Shard ID 0 has successfully RESUMED session 9c82b45a125323aa3970a9708a99d5aa.
[2026-02-14 07:25:37] INFO discord.gateway: Shard ID 0 has successfully RESUMED session 9c82b45a125323aa3970a9708a99d5aa.
[2026-02-14 07:35:54] INFO discord.gateway: Shard ID 0 has successfully RESUMED session 9c82b45a125323aa3970a9708a99d5aa.
[2026-02-14 08:05:18] INFO discord.gateway: Shard ID 0 has successfully RESUMED session 9c82b45a125323aa3970a9708a99d5aa.
[2026-02-14 10:15:55] INFO discord.gateway: Shard ID 0 has successfully RESUMED session 9c82b45a125323aa3970a9708a99d5aa.
[2026-02-14 12:01:40] INFO discord.gateway: Shard ID 0 has successfully RESUMED session 9c82b45a125323aa3970a9708a99d5aa.
[2026-02-14 12:08:33] INFO discord.gateway: Shard ID 0 has successfully RESUMED session 9c82b45a125323aa3970a9708a99d5aa.
[2026-02-14 13:27:39] INFO discord.gateway: Shard ID 0 has successfully RESUMED session 9c82b45a125323aa3970a9708a99d5aa.
[2026-02-14 15:05:25] INFO discord.gateway: Shard ID 0 has successfully RESUMED session 9c82b45a125323aa3970a9708a99d5aa.
[2026-02-14 18:17:33] INFO discord.gateway: Shard ID 0 has successfully RESUMED session 9c82b45a125323aa3970a9708a99d5aa.
[2026-02-14 20:14:47] INFO discord.gateway: Shard ID 0 has successfully RESUMED session 9c82b45a125323aa3970a9708a99d5aa.
[2026-02-14 20:44:29] INFO discord.gateway: Shard ID 0 has successfully RESUMED session 9c82b45a125323aa3970a9708a99d5aa.
[2026-02-14 23:15:25] INFO discord.gateway: Shard ID 0 has successfully RESUMED session 9c82b45a125323aa3970a9708a99d5aa.
[2026-02-14 23:48:21] INFO discord.gateway: Shard ID 0 has successfully RESUMED session 9c82b45a125323aa3970a9708a99d5aa.
[2026-02-15 01:39:52] INFO discord.gateway: Shard ID 0 has successfully RESUMED session 9c82b45a125323aa3970a9708a99d5aa.
[2026-02-15 02:38:12] INFO discord.gateway: Shard ID 0 has successfully RESUMED session 9c82b45a125323aa3970a9708a99d5aa.
[2026-02-15 05:37:57] INFO discord.gateway: Shard ID 0 has successfully RESUMED session 9c82b45a125323aa3970a9708a99d5aa.
[2026-02-15 07:21:06] INFO discord.gateway: Shard ID 0 has successfully RESUMED session 9c82b45a125323aa3970a9708a99d5aa.
[2026-02-15 08:22:23] INFO discord.gateway: Shard ID 0 has successfully RESUMED session 9c82b45a125323aa3970a9708a99d5aa.
[2026-02-15 10:19:51] INFO discord.gateway: Shard ID 0 has successfully RESUMED session 9c82b45a125323aa3970a9708a99d5aa.
[2026-02-15 12:32:36] INFO discord.gateway: Shard ID 0 has successfully RESUMED session 9c82b45a125323aa3970a9708a99d5aa.
[2026-02-15 14:15:29] INFO discord.gateway: Shard ID 0 has successfully RESUMED session 9c82b45a125323aa3970a9708a99d5aa.
[2026-02-15 14:38:12] INFO discord.gateway: Shard ID 0 has successfully RESUMED session 9c82b45a125323aa3970a9708a99d5aa.
[2026-02-15 14:44:57] INFO uvicorn.access: 172.19.0.3:45636 - "GET / HTTP/1.0" 200
[2026-02-15 14:44:59] WARNING django.request: Not Found: /favicon.ico
[2026-02-15 14:44:59] INFO uvicorn.access: 172.19.0.3:45640 - "GET /favicon.ico HTTP/1.0" 404
[2026-02-15 14:45:13] INFO uvicorn.access: 172.19.0.3:43864 - "GET /bd_models/ball/ HTTP/1.0" 200
[2026-02-15 14:45:14] INFO uvicorn.access: 172.19.0.3:43866 - "GET /jsi18n/ HTTP/1.0" 200
[2026-02-15 14:45:43] INFO uvicorn.access: 172.19.0.3:45078 - "GET /bd_models/ball/add/ HTTP/1.0" 200
[2026-02-15 14:45:43] INFO uvicorn.access: 172.19.0.3:45088 - "GET /jsi18n/ HTTP/1.0" 200
[2026-02-15 14:45:48] INFO uvicorn.access: 172.19.0.3:41664 - "GET /bd_models/special/ HTTP/1.0" 200
[2026-02-15 14:45:49] INFO uvicorn.access: 172.19.0.3:41680 - "GET /jsi18n/ HTTP/1.0" 200
[2026-02-15 14:45:55] INFO uvicorn.access: 172.19.0.3:43288 - "GET /bd_models/special/1/change/ HTTP/1.0" 200
[2026-02-15 14:45:59] INFO uvicorn.access: 172.19.0.3:43292 - "GET /special/generate/1 HTTP/1.0" 200
[2026-02-15 14:45:59] INFO uvicorn.access: 172.19.0.3:43294 - "GET /jsi18n/ HTTP/1.0" 200
[2026-02-15 14:46:33] INFO uvicorn.access: 172.19.0.3:48886 - "POST /bd_models/special/1/change/ HTTP/1.0" 302
[2026-02-15 14:46:36] INFO uvicorn.access: 172.19.0.3:48894 - "GET /bd_models/special/1/change/ HTTP/1.0" 200
[2026-02-15 14:46:36] INFO uvicorn.access: 172.19.0.3:56306 - "GET /jsi18n/ HTTP/1.0" 200
[2026-02-15 14:46:37] INFO uvicorn.access: 172.19.0.3:56322 - "GET /special/generate/1 HTTP/1.0" 200
[2026-02-15 14:48:08] INFO uvicorn.access: 172.19.0.3:54620 - "GET /bd_models/ball/ HTTP/1.0" 200
[2026-02-15 14:48:08] INFO uvicorn.access: 172.19.0.3:54632 - "GET /jsi18n/ HTTP/1.0" 200
[2026-02-15 14:48:11] INFO uvicorn.access: 172.19.0.3:54648 - "GET /bd_models/ball/1/change/ HTTP/1.0" 200
[2026-02-15 14:48:11] INFO uvicorn.access: 172.19.0.3:54652 - "GET /jsi18n/ HTTP/1.0" 200
[2026-02-15 14:48:12] INFO uvicorn.access: 172.19.0.3:54666 - "GET /ball/generate/1 HTTP/1.0" 200
[2026-02-15 16:47:26] INFO discord.gateway: Shard ID 0 has successfully RESUMED session 9c82b45a125323aa3970a9708a99d5aa.
[2026-02-15 17:02:22] WARNING discord.gateway: Shard ID 0 heartbeat blocked for more than 10 seconds.
Loop thread traceback (most recent call last):
  File "<frozen runpy>", line 198, in _run_module_as_main
  File "<frozen runpy>", line 88, in _run_code
  File "/opt/venv/lib/python3.14/site-packages/ballsdex/__main__.py", line 15, in <module>
    main()
  File "/opt/venv/lib/python3.14/site-packages/ballsdex/__main__.py", line 11, in main
    execute_from_command_line(sys.argv)
  File "/opt/venv/lib/python3.14/site-packages/django/core/management/__init__.py", line 443, in execute_from_command_line
    utility.execute()
  File "/opt/venv/lib/python3.14/site-packages/django/core/management/__init__.py", line 437, in execute
    self.fetch_command(subcommand).run_from_argv(self.argv)
  File "/opt/venv/lib/python3.14/site-packages/django/core/management/base.py", line 416, in run_from_argv
    self.execute(*args, **cmd_options)
  File "/opt/venv/lib/python3.14/site-packages/django/core/management/base.py", line 460, in execute
    output = self.handle(*args, **options)
  File "/opt/venv/lib/python3.14/site-packages/bd_models/management/commands/startbot.py", line 352, in handle
    loop.run_forever()
  File "/usr/local/lib/python3.14/asyncio/base_events.py", line 677, in run_forever
    self._run_once()
  File "/usr/local/lib/python3.14/asyncio/base_events.py", line 2047, in _run_once
    handle = None  # Needed to break cycles when an exception occurs.
  File "/usr/local/lib/python3.14/asyncio/events.py", line 110, in _run
    self = None  # Needed to break cycles when an exception occurs.
  File "/usr/local/lib/python3.14/asyncio/selector_events.py", line 1192, in _call_connection_lost
    if self._empty_waiter is not None:
  File "/usr/local/lib/python3.14/asyncio/selector_events.py", line 914, in _call_connection_lost
    if server is not None:
  File "/usr/local/lib/python3.14/socket.py", line 511, in close
    self._real_close()
  File "/usr/local/lib/python3.14/socket.py", line 505, in _real_close
    _ss.close(self)

[2026-02-15 17:02:30] INFO discord.gateway: Shard ID 0 has successfully RESUMED session 9c82b45a125323aa3970a9708a99d5aa.
[2026-02-15 18:02:02] INFO uvicorn.error: Started server process [1]
[2026-02-15 18:02:02] INFO uvicorn.error: Waiting for application startup.
[2026-02-15 18:02:03] INFO uvicorn.error: ASGI 'lifespan' protocol appears unsupported.
[2026-02-15 18:02:03] INFO uvicorn.error: Application startup complete.
[2026-02-15 18:02:03] INFO uvicorn.error: Uvicorn running on http://0.0.0.0:8000 (Press CTRL+C to quit)
[2026-02-15 18:02:03] INFO settings.apps: Settings read successfully.
[2026-02-15 18:02:04] INFO ballsdex: Initialized bot, connecting to Discord...
[2026-02-15 18:02:04] INFO discord.client: logging in using static token
[2026-02-15 18:02:06] INFO ballsdex.core.bot: Starting up with None shards...
[2026-02-15 18:02:06] INFO discord.gateway: Shard ID 0 has connected to Gateway (Session ID: 68122be1c3517e698e2164c67c5ee35c).
[2026-02-15 18:02:08] INFO ballsdex.core.bot: Successfully logged in as OCDEX#2184 (1459614981937954931)!
[2026-02-15 18:02:08] INFO ballsdex.core.bot: lomadinthe2nd is the owner of this bot.
[2026-02-15 18:02:09] INFO ballsdex.core.bot: Cache loaded, summary displayed below:
[2026-02-15 18:02:09] INFO ballsdex.core.bot: Loading packages...
[2026-02-15 18:02:10] INFO ballsdex.packages.countryballs: Loaded 3 guilds in cache.
[2026-02-15 18:02:12] INFO ballsdex.core.bot: Packages loaded: admin, balls, guildconfig, countryballs, info, players, trade
[2026-02-15 18:02:12] INFO ballsdex.core.bot: Syncing global commands...
[2026-02-15 18:02:14] INFO ballsdex.core.bot: Synced 7 global commands.
[2026-02-15 18:03:56] INFO uvicorn.access: 172.19.0.3:35620 - "GET / HTTP/1.0" 302
[2026-02-15 18:03:56] INFO uvicorn.access: 172.19.0.3:35628 - "GET /login/?next=/ HTTP/1.0" 200
[2026-02-15 18:12:11] INFO uvicorn.access: 172.19.0.3:48800 - "GET / HTTP/1.0" 302
[2026-02-15 18:12:11] INFO uvicorn.access: 172.19.0.3:40712 - "GET /login/?next=/ HTTP/1.0" 200
[2026-02-15 18:12:12] WARNING django.request: Not Found: /favicon.ico
[2026-02-15 18:12:12] INFO uvicorn.access: 172.19.0.3:40720 - "GET /favicon.ico HTTP/1.0" 404
[2026-02-15 18:12:15] INFO uvicorn.access: 172.19.0.3:40734 - "GET /login/discord/ HTTP/1.0" 302
[2026-02-15 18:12:34] INFO uvicorn.access: 172.19.0.3:34428 - "GET /complete/discord/?code=2Jp8ccTkvcvCvT0qoA3KOhbybZYG54&state=7nuupSg0mT9jBEJprdpzERXcHqk4IIXN HTTP/1.0" 302
[2026-02-15 18:12:34] INFO uvicorn.access: 172.19.0.3:34444 - "GET / HTTP/1.0" 200
[2026-02-15 18:13:08] INFO uvicorn.access: 172.19.0.3:35372 - "GET /bd_models/ball/ HTTP/1.0" 200
[2026-02-15 18:13:09] INFO uvicorn.access: 172.19.0.3:35376 - "GET /jsi18n/ HTTP/1.0" 200
[2026-02-15 18:13:14] INFO uvicorn.access: 172.19.0.3:37996 - "GET /bd_models/ball/1/change/ HTTP/1.0" 200
[2026-02-15 18:13:14] INFO uvicorn.access: 172.19.0.3:37998 - "GET /jsi18n/ HTTP/1.0" 200
[2026-02-15 18:13:17] INFO uvicorn.access: 172.19.0.3:38010 - "GET /ball/generate/1 HTTP/1.0" 200
[2026-02-15 18:13:24] INFO uvicorn.access: 172.19.0.3:43130 - "GET /bd_models/ball/ HTTP/1.0" 200
[2026-02-15 18:13:24] INFO uvicorn.access: 172.19.0.3:43136 - "GET /jsi18n/ HTTP/1.0" 200
[2026-02-15 18:13:33] INFO uvicorn.access: 172.19.0.3:40288 - "GET /bd_models/ball/2/change/ HTTP/1.0" 200
[2026-02-15 18:13:33] INFO uvicorn.access: 172.19.0.3:40290 - "GET /jsi18n/ HTTP/1.0" 200
[2026-02-15 18:13:34] INFO uvicorn.access: 172.19.0.3:40294 - "GET /ball/generate/2 HTTP/1.0" 200
[2026-02-15 18:13:46] INFO uvicorn.access: 172.19.0.3:55376 - "GET /bd_models/ball/ HTTP/1.0" 200
[2026-02-15 18:14:48] INFO uvicorn.access: 172.19.0.3:60968 - "POST /bd_models/ball/ HTTP/1.0" 302
[2026-02-15 18:14:48] INFO uvicorn.access: 172.19.0.3:60980 - "GET /bd_models/ball/ HTTP/1.0" 200
[2026-02-15 18:14:49] INFO uvicorn.access: 172.19.0.3:60996 - "GET /jsi18n/ HTTP/1.0" 200
[2026-02-15 18:14:51] INFO uvicorn.access: 172.19.0.3:52350 - "GET /bd_models/ball/4/change/ HTTP/1.0" 200
[2026-02-15 18:14:52] INFO uvicorn.access: 172.19.0.3:52356 - "GET /jsi18n/ HTTP/1.0" 200
[2026-02-15 18:14:53] INFO uvicorn.access: 172.19.0.3:52362 - "GET /ball/generate/4 HTTP/1.0" 200
[2026-02-15 18:17:07] INFO uvicorn.access: 172.19.0.3:33304 - "POST /bd_models/ball/4/change/ HTTP/1.0" 302
[2026-02-15 18:17:08] INFO uvicorn.access: 172.19.0.3:33312 - "GET /bd_models/ball/ HTTP/1.0" 200
[2026-02-15 18:17:08] INFO uvicorn.access: 172.19.0.3:33318 - "GET /jsi18n/ HTTP/1.0" 200
[2026-02-15 18:23:08] INFO uvicorn.access: 172.19.0.3:40604 - "GET / HTTP/1.0" 200
[2026-02-15 18:41:40] INFO uvicorn.access: 172.19.0.3:41696 - "GET /bd_models/special/ HTTP/1.0" 200
[2026-02-15 18:41:40] INFO uvicorn.access: 172.19.0.3:41704 - "GET /jsi18n/ HTTP/1.0" 200
[2026-02-15 18:41:44] INFO uvicorn.access: 172.19.0.3:50706 - "GET /bd_models/special/1/change/ HTTP/1.0" 200
[2026-02-15 18:41:44] INFO uvicorn.access: 172.19.0.3:50712 - "GET /jsi18n/ HTTP/1.0" 200
[2026-02-15 18:41:45] INFO uvicorn.access: 172.19.0.3:50728 - "GET /special/generate/1 HTTP/1.0" 200
[2026-02-15 18:45:41] INFO ballsdex: Received SIGTERM, stopping the bot...
[2026-02-15 18:47:45] INFO uvicorn.error: Shutting down
[2026-02-15 18:47:45] INFO uvicorn.error: Finished server process [1]
[2026-02-15 18:48:26] INFO uvicorn.error: Started server process [1]
[2026-02-15 18:48:26] INFO uvicorn.error: Waiting for application startup.
[2026-02-15 18:48:26] INFO uvicorn.error: ASGI 'lifespan' protocol appears unsupported.
[2026-02-15 18:48:26] INFO uvicorn.error: Application startup complete.
[2026-02-15 18:48:26] INFO uvicorn.error: Uvicorn running on http://0.0.0.0:8000 (Press CTRL+C to quit)
[2026-02-15 18:48:27] INFO settings.apps: Settings read successfully.
[2026-02-15 18:50:17] INFO uvicorn.error: Shutting down
[2026-02-15 18:50:17] INFO uvicorn.error: Finished server process [1]
[2026-02-15 18:51:25] INFO uvicorn.error: Started server process [1]
[2026-02-15 18:51:25] INFO uvicorn.error: Waiting for application startup.
[2026-02-15 18:51:25] INFO uvicorn.error: ASGI 'lifespan' protocol appears unsupported.
[2026-02-15 18:51:25] INFO uvicorn.error: Application startup complete.
[2026-02-15 18:51:25] INFO uvicorn.error: Uvicorn running on http://0.0.0.0:8000 (Press CTRL+C to quit)
[2026-02-15 18:51:25] INFO settings.apps: Settings read successfully.
[2026-02-15 18:51:26] INFO ballsdex: Initialized bot, connecting to Discord...
[2026-02-15 18:51:26] INFO discord.client: logging in using static token
[2026-02-15 18:51:27] INFO ballsdex.core.bot: Starting up with None shards...
[2026-02-15 18:51:28] INFO discord.gateway: Shard ID 0 has connected to Gateway (Session ID: 2f2b3a751aa6337ce9e869f4dd0e8044).
[2026-02-15 18:51:30] INFO ballsdex.core.bot: Successfully logged in as OCDEX#2184 (1459614981937954931)!
[2026-02-15 18:51:31] INFO ballsdex.core.bot: lomadinthe2nd is the owner of this bot.
[2026-02-15 18:51:31] INFO ballsdex.core.bot: Cache loaded, summary displayed below:
[2026-02-15 18:51:31] INFO ballsdex.core.bot: Loading packages...
[2026-02-15 18:51:32] INFO ballsdex: Received SIGTERM, stopping the bot...
[2026-02-15 18:51:34] INFO uvicorn.error: Shutting down
[2026-02-15 18:51:34] INFO uvicorn.error: Finished server process [1]
[2026-02-15 18:55:18] INFO uvicorn.error: Started server process [1]
[2026-02-15 18:55:18] INFO ballsdex: Initialized bot, connecting to Discord...
[2026-02-15 18:55:18] INFO discord.client: logging in using static token
[2026-02-15 18:55:18] INFO uvicorn.error: Waiting for application startup.
[2026-02-15 18:55:18] INFO uvicorn.error: ASGI 'lifespan' protocol appears unsupported.
[2026-02-15 18:55:18] INFO uvicorn.error: Application startup complete.
[2026-02-15 18:55:18] INFO uvicorn.error: Uvicorn running on http://0.0.0.0:8000 (Press CTRL+C to quit)
[2026-02-15 18:55:18] INFO settings.apps: Settings read successfully.
[2026-02-15 18:55:19] INFO ballsdex.core.bot: Starting up with None shards...
[2026-02-15 18:55:19] INFO discord.gateway: Shard ID 0 has connected to Gateway (Session ID: d65b09b21b8123ef098affce4aa7d5f7).
[2026-02-15 18:55:21] INFO ballsdex.core.bot: Successfully logged in as OCDEX#2184 (1459614981937954931)!
[2026-02-15 18:55:21] INFO ballsdex.core.bot: lomadinthe2nd is the owner of this bot.
[2026-02-15 18:55:22] INFO ballsdex.core.bot: Cache loaded, summary displayed below:
[2026-02-15 18:55:22] INFO ballsdex.core.bot: Loading packages...
[2026-02-15 18:55:24] INFO ballsdex.packages.countryballs: Loaded 3 guilds in cache.
[2026-02-15 18:55:25] INFO ballsdex.core.bot: Packages loaded: admin, balls, guildconfig, countryballs, info, players, trade
[2026-02-15 18:55:25] INFO ballsdex.core.bot: Syncing global commands...
[2026-02-15 18:55:29] INFO ballsdex.core.bot: Synced 7 global commands.
[2026-02-15 19:04:49] INFO uvicorn.access: 172.19.0.3:40018 - "GET /bd_models/special/1/change/ HTTP/1.0" 200
[2026-02-15 19:04:49] INFO uvicorn.access: 172.19.0.3:40024 - "GET /jsi18n/ HTTP/1.0" 200
[2026-02-15 19:04:56] INFO uvicorn.access: 172.19.0.3:40040 - "GET /special/generate/1 HTTP/1.0" 200
[2026-02-15 19:05:30] INFO ballsdex: Received SIGTERM, stopping the bot...
[2026-02-15 19:05:31] INFO ballsdex: Received SIGTERM, stopping the bot...
[2026-02-15 19:05:31] CRITICAL ballsdex: Caught unhandled exception in event loop:
Exception in callback Task.task_wakeup()
Traceback (most recent call last):
  File "/usr/local/lib/python3.14/asyncio/events.py", line 94, in _run
    self._context.run(self._callback, *self._args)
    ~~~~~~~~~~~~~~~~~^^^^^^^^^^^^^^^^^^^^^^^^^^^^^
  File "/usr/local/lib/python3.14/asyncio/tasks.py", line 758, in cancel
    if child.cancel(msg=msg):
       ~~~~~~~~~~~~^^^^^^^^^
  File "/usr/local/lib/python3.14/asyncio/tasks.py", line 758, in cancel
    if child.cancel(msg=msg):
       ~~~~~~~~~~~~^^^^^^^^^
  File "/usr/local/lib/python3.14/asyncio/tasks.py", line 758, in cancel
    if child.cancel(msg=msg):
       ~~~~~~~~~~~~^^^^^^^^^
  [Previous line repeated 985 more times]
RecursionError: maximum recursion depth exceeded
[2026-02-15 19:05:36] CRITICAL ballsdex: Caught unhandled exception in event loop:
Exception in callback Timeout._on_timeout()
Traceback (most recent call last):
  File "/usr/local/lib/python3.14/asyncio/events.py", line 94, in _run
    self._context.run(self._callback, *self._args)
    ~~~~~~~~~~~~~~~~~^^^^^^^^^^^^^^^^^^^^^^^^^^^^^
  File "/usr/local/lib/python3.14/asyncio/timeouts.py", line 127, in _on_timeout
    self._task.cancel()
    ~~~~~~~~~~~~~~~~~^^
  File "/usr/local/lib/python3.14/asyncio/tasks.py", line 758, in cancel
    if child.cancel(msg=msg):
       ~~~~~~~~~~~~^^^^^^^^^
  File "/usr/local/lib/python3.14/asyncio/tasks.py", line 758, in cancel
    if child.cancel(msg=msg):
       ~~~~~~~~~~~~^^^^^^^^^
  File "/usr/local/lib/python3.14/asyncio/tasks.py", line 758, in cancel
    if child.cancel(msg=msg):
       ~~~~~~~~~~~~^^^^^^^^^
  [Previous line repeated 984 more times]
RecursionError: maximum recursion depth exceeded
[2026-02-15 19:05:37] CRITICAL ballsdex: Caught unhandled exception in event loop:
Exception in callback Timeout._on_timeout()
Traceback (most recent call last):
  File "/usr/local/lib/python3.14/asyncio/events.py", line 94, in _run
    self._context.run(self._callback, *self._args)
    ~~~~~~~~~~~~~~~~~^^^^^^^^^^^^^^^^^^^^^^^^^^^^^
  File "/usr/local/lib/python3.14/asyncio/timeouts.py", line 127, in _on_timeout
    self._task.cancel()
    ~~~~~~~~~~~~~~~~~^^
  File "/usr/local/lib/python3.14/asyncio/tasks.py", line 758, in cancel
    if child.cancel(msg=msg):
       ~~~~~~~~~~~~^^^^^^^^^
  File "/usr/local/lib/python3.14/asyncio/tasks.py", line 758, in cancel
    if child.cancel(msg=msg):
       ~~~~~~~~~~~~^^^^^^^^^
  File "/usr/local/lib/python3.14/asyncio/tasks.py", line 758, in cancel
    if child.cancel(msg=msg):
       ~~~~~~~~~~~~^^^^^^^^^
  [Previous line repeated 984 more times]
RecursionError: maximum recursion depth exceeded
[2026-02-15 19:06:22] INFO uvicorn.error: Shutting down
[2026-02-15 19:06:23] INFO uvicorn.error: Finished server process [1]
[2026-02-15 19:08:50] INFO ballsdex: Initialized bot, connecting to Discord...
[2026-02-15 19:08:50] INFO discord.client: logging in using static token
[2026-02-15 19:08:50] INFO uvicorn.error: Started server process [1]
[2026-02-15 19:08:50] INFO uvicorn.error: Waiting for application startup.
[2026-02-15 19:08:50] INFO uvicorn.error: ASGI 'lifespan' protocol appears unsupported.
[2026-02-15 19:08:50] INFO uvicorn.error: Application startup complete.
[2026-02-15 19:08:50] INFO uvicorn.error: Uvicorn running on http://0.0.0.0:8000 (Press CTRL+C to quit)
[2026-02-15 19:08:51] INFO settings.apps: Settings read successfully.
[2026-02-15 19:08:51] INFO ballsdex.core.bot: Starting up with None shards...
[2026-02-15 19:08:52] INFO discord.gateway: Shard ID 0 has connected to Gateway (Session ID: a8a7980076ac329653a759f0cc27d509).
[2026-02-15 19:08:54] INFO ballsdex.core.bot: Successfully logged in as OCDEX#2184 (1459614981937954931)!
[2026-02-15 19:08:54] INFO ballsdex.core.bot: lomadinthe2nd is the owner of this bot.
[2026-02-15 19:08:55] INFO ballsdex.core.bot: Cache loaded, summary displayed below:
[2026-02-15 19:08:55] INFO ballsdex.core.bot: Loading packages...
[2026-02-15 19:08:57] INFO ballsdex.packages.countryballs: Loaded 3 guilds in cache.
[2026-02-15 19:09:01] INFO ballsdex.core.bot: Packages loaded: admin, balls, guildconfig, countryballs, info, players, trade
[2026-02-15 19:09:01] INFO ballsdex.core.bot: Syncing global commands...
[2026-02-15 19:09:03] INFO ballsdex.core.bot: Synced 7 global commands.
[2026-02-15 19:10:00] INFO uvicorn.access: 172.19.0.3:37118 - "GET /bd_models/ball/1/change/ HTTP/1.0" 200
[2026-02-15 19:10:01] INFO uvicorn.access: 172.19.0.3:37126 - "GET /jsi18n/ HTTP/1.0" 200
[2026-02-15 19:10:07] INFO uvicorn.access: 172.19.0.3:53318 - "GET /ball/generate/1 HTTP/1.0" 200
[2026-02-15 19:10:52] INFO uvicorn.access: 172.19.0.3:55322 - "POST /bd_models/ball/1/change/ HTTP/1.0" 302
[2026-02-15 19:10:53] INFO uvicorn.access: 172.19.0.3:45616 - "GET /bd_models/ball/1/change/ HTTP/1.0" 200
[2026-02-15 19:10:53] INFO uvicorn.access: 172.19.0.3:45630 - "GET /jsi18n/ HTTP/1.0" 200
[2026-02-15 19:10:58] INFO uvicorn.access: 172.19.0.3:45638 - "GET /ball/generate/1 HTTP/1.0" 200
[2026-02-15 19:11:07] INFO uvicorn.access: 172.19.0.3:54148 - "POST /bd_models/ball/1/change/ HTTP/1.0" 302
[2026-02-15 19:11:08] INFO uvicorn.access: 172.19.0.3:54154 - "GET /bd_models/ball/1/change/ HTTP/1.0" 200
[2026-02-15 19:11:08] INFO uvicorn.access: 172.19.0.3:54170 - "GET /jsi18n/ HTTP/1.0" 200
[2026-02-15 19:11:12] INFO uvicorn.access: 172.19.0.3:54182 - "GET /ball/generate/1 HTTP/1.0" 200
[2026-02-15 19:11:21] INFO uvicorn.access: 172.19.0.3:41954 - "POST /bd_models/ball/1/change/ HTTP/1.0" 302
[2026-02-15 19:11:22] INFO uvicorn.access: 172.19.0.3:41956 - "GET /bd_models/ball/1/change/ HTTP/1.0" 200
[2026-02-15 19:11:23] INFO uvicorn.access: 172.19.0.3:41972 - "GET /jsi18n/ HTTP/1.0" 200
[2026-02-15 19:11:25] INFO uvicorn.access: 172.19.0.3:41986 - "GET /ball/generate/1 HTTP/1.0" 200
[2026-02-15 19:11:40] INFO uvicorn.access: 172.19.0.3:48820 - "POST /bd_models/ball/1/change/ HTTP/1.0" 302
[2026-02-15 19:11:41] INFO uvicorn.access: 172.19.0.3:48834 - "GET /bd_models/ball/1/change/ HTTP/1.0" 200
[2026-02-15 19:11:42] INFO uvicorn.access: 172.19.0.3:40280 - "GET /jsi18n/ HTTP/1.0" 200
[2026-02-15 19:11:46] INFO uvicorn.access: 172.19.0.3:40294 - "GET /ball/generate/1 HTTP/1.0" 200
[2026-02-15 19:13:33] INFO uvicorn.access: 172.19.0.3:60852 - "POST /bd_models/ball/1/change/ HTTP/1.0" 302
[2026-02-15 19:13:34] INFO uvicorn.access: 172.19.0.3:60864 - "GET /bd_models/ball/1/change/ HTTP/1.0" 200
[2026-02-15 19:13:35] INFO uvicorn.access: 172.19.0.3:60870 - "GET /jsi18n/ HTTP/1.0" 200
[2026-02-15 19:13:38] INFO uvicorn.access: 172.19.0.3:60884 - "GET /ball/generate/1 HTTP/1.0" 200
[2026-02-15 19:13:40] INFO uvicorn.access: 172.19.0.3:60888 - "GET /bd_models/ball/ HTTP/1.0" 200
[2026-02-15 19:13:40] INFO uvicorn.access: 172.19.0.3:60900 - "GET /jsi18n/ HTTP/1.0" 200
[2026-02-15 19:16:36] INFO uvicorn.error: Shutting down
[2026-02-15 19:16:36] INFO ballsdex: Received SIGTERM, stopping the bot...
[2026-02-15 19:16:37] INFO uvicorn.error: Finished server process [1]
[2026-02-15 19:17:59] INFO uvicorn.error: Started server process [1]
[2026-02-15 19:17:59] INFO uvicorn.error: Waiting for application startup.
[2026-02-15 19:17:59] INFO uvicorn.error: ASGI 'lifespan' protocol appears unsupported.
[2026-02-15 19:17:59] INFO uvicorn.error: Application startup complete.
[2026-02-15 19:17:59] INFO uvicorn.error: Uvicorn running on http://0.0.0.0:8000 (Press CTRL+C to quit)
[2026-02-15 19:17:59] INFO settings.apps: Settings read successfully.
[2026-02-15 19:18:02] INFO ballsdex: Initialized bot, connecting to Discord...
[2026-02-15 19:18:02] INFO discord.client: logging in using static token
[2026-02-15 19:18:03] INFO ballsdex.core.bot: Starting up with None shards...
[2026-02-15 19:18:05] INFO discord.gateway: Shard ID 0 has connected to Gateway (Session ID: 3da15cb619e4c946993b98e79b17724b).
[2026-02-15 19:18:07] INFO ballsdex.core.bot: Successfully logged in as OCDEX#2184 (1459614981937954931)!
[2026-02-15 19:18:07] INFO ballsdex.core.bot: lomadinthe2nd is the owner of this bot.
[2026-02-15 19:18:08] INFO ballsdex.core.bot: Cache loaded, summary displayed below:
[2026-02-15 19:18:08] INFO ballsdex.core.bot: Loading packages...
[2026-02-15 19:18:09] INFO ballsdex.packages.countryballs: Loaded 3 guilds in cache.
[2026-02-15 19:18:12] INFO ballsdex.core.bot: Packages loaded: admin, balls, guildconfig, countryballs, info, players, trade
[2026-02-15 19:18:12] INFO ballsdex.core.bot: Syncing global commands...
[2026-02-15 19:18:13] INFO ballsdex.core.bot: Synced 7 global commands.
[2026-02-15 19:23:35] INFO ballsdex: Received SIGTERM, stopping the bot...
[2026-02-15 19:23:52] INFO uvicorn.error: Shutting down
[2026-02-15 19:23:52] INFO uvicorn.error: Finished server process [1]
[2026-02-15 19:26:03] INFO uvicorn.error: Started server process [1]
[2026-02-15 19:26:03] INFO uvicorn.error: Waiting for application startup.
[2026-02-15 19:26:03] INFO uvicorn.error: ASGI 'lifespan' protocol appears unsupported.
[2026-02-15 19:26:03] INFO uvicorn.error: Application startup complete.
[2026-02-15 19:26:03] INFO uvicorn.error: Uvicorn running on http://0.0.0.0:8000 (Press CTRL+C to quit)
[2026-02-15 19:26:03] INFO settings.apps: Settings read successfully.
[2026-02-15 19:26:04] INFO ballsdex: Initialized bot, connecting to Discord...
[2026-02-15 19:26:04] INFO discord.client: logging in using static token
[2026-02-15 19:26:05] INFO ballsdex.core.bot: Starting up with None shards...
[2026-02-15 19:26:06] INFO discord.gateway: Shard ID 0 has connected to Gateway (Session ID: 1b8157c1f811585018361eb6ffd498a9).
[2026-02-15 19:26:08] INFO ballsdex.core.bot: Successfully logged in as OCDEX#2184 (1459614981937954931)!
[2026-02-15 19:26:08] INFO ballsdex.core.bot: lomadinthe2nd is the owner of this bot.
[2026-02-15 19:26:09] INFO ballsdex.core.bot: Cache loaded, summary displayed below:
[2026-02-15 19:26:09] INFO ballsdex.core.bot: Loading packages...
[2026-02-15 19:26:12] INFO ballsdex.packages.countryballs: Loaded 3 guilds in cache.
[2026-02-15 19:26:14] INFO ballsdex.core.bot: Packages loaded: admin, balls, guildconfig, countryballs, info, players, trade
[2026-02-15 19:26:14] INFO ballsdex.core.bot: Syncing global commands...
[2026-02-15 19:26:16] INFO ballsdex.core.bot: Synced 7 global commands.
[2026-02-15 19:29:40] INFO uvicorn.access: 172.19.0.3:56558 - "GET / HTTP/1.0" 302
[2026-02-15 19:29:42] INFO uvicorn.access: 172.19.0.3:56568 - "GET /login/?next=/ HTTP/1.0" 200
[2026-02-15 19:29:43] WARNING django.request: Not Found: /favicon.ico
[2026-02-15 19:29:43] INFO uvicorn.access: 172.19.0.3:33412 - "GET /favicon.ico HTTP/1.0" 404
[2026-02-15 19:29:52] WARNING django.request: Not Found: /favicon.ico
[2026-02-15 19:29:52] INFO uvicorn.access: 172.19.0.3:41576 - "GET /favicon.ico HTTP/1.0" 404
[2026-02-15 19:34:16] INFO uvicorn.access: 172.19.0.3:42484 - "GET /login/?next=/ HTTP/1.0" 200
[2026-02-15 19:34:51] INFO uvicorn.access: 172.19.0.3:44806 - "GET /login/discord/ HTTP/1.0" 302
[2026-02-15 19:35:04] INFO uvicorn.access: 172.19.0.3:38094 - "GET /complete/discord/?code=3RzUMdO88O8dwD9wghH8k7GhQHhbN6&state=hl060AcaG8JS6wQIpzqxdFkzHPVxBYZ6 HTTP/1.0" 302
[2026-02-15 19:35:05] INFO uvicorn.access: 172.19.0.3:38102 - "GET / HTTP/1.0" 200
[2026-02-15 19:35:44] INFO uvicorn.access: 172.19.0.3:59180 - "GET /bd_models/ball/ HTTP/1.0" 200
[2026-02-15 19:35:46] INFO uvicorn.access: 172.19.0.3:59190 - "GET /jsi18n/ HTTP/1.0" 200
[2026-02-15 19:35:51] INFO uvicorn.access: 172.19.0.3:59202 - "GET /bd_models/ball/1/change/ HTTP/1.0" 200
[2026-02-15 19:35:56] INFO uvicorn.access: 172.19.0.3:58526 - "GET /ball/generate/1 HTTP/1.0" 200
[2026-02-15 19:35:56] INFO uvicorn.access: 172.19.0.3:58522 - "GET /jsi18n/ HTTP/1.0" 200
[2026-02-15 19:36:11] INFO uvicorn.access: 172.19.0.3:57464 - "GET /bd_models/ball/ HTTP/1.0" 200
[2026-02-15 19:36:11] INFO uvicorn.access: 172.19.0.3:33250 - "GET /jsi18n/ HTTP/1.0" 200
[2026-02-15 19:36:14] INFO uvicorn.access: 172.19.0.3:33262 - "GET /bd_models/ball/4/change/ HTTP/1.0" 200
[2026-02-15 19:36:15] INFO uvicorn.access: 172.19.0.3:33266 - "GET /jsi18n/ HTTP/1.0" 200
[2026-02-15 19:36:19] INFO uvicorn.access: 172.19.0.3:33276 - "GET /ball/generate/4 HTTP/1.0" 200
[2026-02-15 19:36:31] INFO uvicorn.access: 172.19.0.3:54254 - "GET /bd_models/ball/ HTTP/1.0" 200
[2026-02-15 19:36:31] INFO uvicorn.access: 172.19.0.3:54256 - "GET /jsi18n/ HTTP/1.0" 200
[2026-02-15 19:36:34] INFO uvicorn.access: 172.19.0.3:54266 - "GET /bd_models/ball/2/change/ HTTP/1.0" 200
[2026-02-15 19:36:35] INFO uvicorn.access: 172.19.0.3:54274 - "GET /jsi18n/ HTTP/1.0" 200
[2026-02-15 19:36:38] INFO uvicorn.access: 172.19.0.3:54278 - "GET /ball/generate/2 HTTP/1.0" 200
[2026-02-15 19:36:44] INFO uvicorn.access: 172.19.0.3:34006 - "POST /bd_models/ball/2/change/ HTTP/1.0" 302
[2026-02-15 19:36:45] INFO uvicorn.access: 172.19.0.3:34018 - "GET /bd_models/ball/2/change/ HTTP/1.0" 200
[2026-02-15 19:36:46] INFO uvicorn.access: 172.19.0.3:34034 - "GET /jsi18n/ HTTP/1.0" 200
[2026-02-15 19:36:52] INFO uvicorn.access: 172.19.0.3:34044 - "GET /ball/generate/2 HTTP/1.0" 200
[2026-02-15 19:37:04] INFO uvicorn.access: 172.19.0.3:50130 - "POST /bd_models/ball/2/change/ HTTP/1.0" 302
[2026-02-15 19:37:05] INFO uvicorn.access: 172.19.0.3:50146 - "GET /bd_models/ball/2/change/ HTTP/1.0" 200
[2026-02-15 19:37:05] INFO uvicorn.access: 172.19.0.3:50150 - "GET /jsi18n/ HTTP/1.0" 200
[2026-02-15 19:37:08] INFO uvicorn.access: 172.19.0.3:50156 - "GET /ball/generate/2 HTTP/1.0" 200
[2026-02-15 19:37:14] INFO uvicorn.access: 172.19.0.3:42996 - "GET /bd_models/ball/ HTTP/1.0" 200
[2026-02-15 19:37:14] INFO uvicorn.access: 172.19.0.3:43006 - "GET /jsi18n/ HTTP/1.0" 200
[2026-02-15 19:37:18] INFO uvicorn.access: 172.19.0.3:43016 - "GET /bd_models/ball/5/change/ HTTP/1.0" 200
[2026-02-15 19:37:18] INFO uvicorn.access: 172.19.0.3:43032 - "GET /jsi18n/ HTTP/1.0" 200
[2026-02-15 19:37:21] INFO uvicorn.access: 172.19.0.3:43038 - "GET /ball/generate/5 HTTP/1.0" 200
[2026-02-15 19:37:40] INFO uvicorn.access: 172.19.0.3:44146 - "POST /bd_models/ball/5/change/ HTTP/1.0" 302
[2026-02-15 19:37:41] INFO uvicorn.access: 172.19.0.3:44156 - "GET /bd_models/ball/5/change/ HTTP/1.0" 200
[2026-02-15 19:37:42] INFO uvicorn.access: 172.19.0.3:40622 - "GET /jsi18n/ HTTP/1.0" 200
[2026-02-15 19:37:44] INFO uvicorn.access: 172.19.0.3:40632 - "GET /ball/generate/5 HTTP/1.0" 200
[2026-02-15 19:37:45] INFO uvicorn.access: 172.19.0.3:40640 - "GET /bd_models/ball/ HTTP/1.0" 200
[2026-02-15 19:37:45] INFO uvicorn.access: 172.19.0.3:40656 - "GET /jsi18n/ HTTP/1.0" 200
[2026-02-15 19:37:59] INFO uvicorn.access: 172.19.0.3:52930 - "GET /bd_models/ball/1/change/ HTTP/1.0" 200
[2026-02-15 19:37:59] INFO uvicorn.access: 172.19.0.3:52934 - "GET /jsi18n/ HTTP/1.0" 200
[2026-02-15 19:38:01] INFO uvicorn.access: 172.19.0.3:52936 - "GET /ball/generate/1 HTTP/1.0" 200
[2026-02-15 19:38:05] INFO uvicorn.access: 172.19.0.3:34028 - "POST /bd_models/ball/1/change/ HTTP/1.0" 302
[2026-02-15 19:38:05] INFO uvicorn.access: 172.19.0.3:34030 - "GET /bd_models/ball/1/change/ HTTP/1.0" 200
[2026-02-15 19:38:06] INFO uvicorn.access: 172.19.0.3:34044 - "GET /jsi18n/ HTTP/1.0" 200
[2026-02-15 19:38:08] INFO uvicorn.access: 172.19.0.3:34056 - "GET /ball/generate/1 HTTP/1.0" 200
[2026-02-15 19:38:16] INFO uvicorn.access: 172.19.0.3:46406 - "POST /bd_models/ball/1/change/ HTTP/1.0" 302
[2026-02-15 19:38:16] INFO uvicorn.access: 172.19.0.3:46408 - "GET /bd_models/ball/1/change/ HTTP/1.0" 200
[2026-02-15 19:38:16] INFO uvicorn.access: 172.19.0.3:46412 - "GET /jsi18n/ HTTP/1.0" 200
[2026-02-15 19:38:18] INFO uvicorn.access: 172.19.0.3:46428 - "GET /ball/generate/1 HTTP/1.0" 200
[2026-02-15 19:38:26] INFO uvicorn.access: 172.19.0.3:50552 - "POST /bd_models/ball/1/change/ HTTP/1.0" 302
[2026-02-15 19:38:27] INFO uvicorn.access: 172.19.0.3:50566 - "GET /bd_models/ball/ HTTP/1.0" 200
[2026-02-15 19:38:27] INFO uvicorn.access: 172.19.0.3:50580 - "GET /jsi18n/ HTTP/1.0" 200
[2026-02-15 19:38:29] INFO uvicorn.access: 172.19.0.3:50588 - "GET /bd_models/ball/1/change/ HTTP/1.0" 200
[2026-02-15 19:38:30] INFO uvicorn.access: 172.19.0.3:50598 - "GET /jsi18n/ HTTP/1.0" 200
[2026-02-15 19:38:34] INFO uvicorn.access: 172.19.0.3:50614 - "GET /ball/generate/1 HTTP/1.0" 200
[2026-02-15 19:38:38] INFO uvicorn.access: 172.19.0.3:55676 - "POST /bd_models/ball/1/change/ HTTP/1.0" 302
[2026-02-15 19:38:38] INFO uvicorn.access: 172.19.0.3:55680 - "GET /bd_models/ball/1/change/ HTTP/1.0" 200
[2026-02-15 19:38:38] INFO uvicorn.access: 172.19.0.3:55696 - "GET /jsi18n/ HTTP/1.0" 200
[2026-02-15 19:38:41] INFO uvicorn.access: 172.19.0.3:55698 - "GET /ball/generate/1 HTTP/1.0" 200
[2026-02-15 19:38:51] INFO uvicorn.access: 172.19.0.3:35904 - "GET /bd_models/ball/ HTTP/1.0" 200
[2026-02-15 19:38:52] INFO uvicorn.access: 172.19.0.3:35912 - "GET /jsi18n/ HTTP/1.0" 200
[2026-02-15 19:38:54] INFO uvicorn.access: 172.19.0.3:35922 - "GET /bd_models/ball/2/change/ HTTP/1.0" 200
[2026-02-15 19:38:54] INFO uvicorn.access: 172.19.0.3:35936 - "GET /jsi18n/ HTTP/1.0" 200
[2026-02-15 19:38:57] INFO uvicorn.access: 172.19.0.3:35952 - "GET /ball/generate/2 HTTP/1.0" 200
[2026-02-15 19:39:01] INFO uvicorn.access: 172.19.0.3:35960 - "GET /bd_models/ball/ HTTP/1.0" 200
[2026-02-15 19:39:01] INFO uvicorn.access: 172.19.0.3:45994 - "GET /jsi18n/ HTTP/1.0" 200
[2026-02-15 19:39:06] INFO uvicorn.access: 172.19.0.3:46008 - "GET /bd_models/ball/4/change/ HTTP/1.0" 200
[2026-02-15 19:39:06] INFO uvicorn.access: 172.19.0.3:46022 - "GET /jsi18n/ HTTP/1.0" 200
[2026-02-15 19:39:09] INFO uvicorn.access: 172.19.0.3:46032 - "GET /ball/generate/4 HTTP/1.0" 200
[2026-02-15 19:39:13] INFO uvicorn.access: 172.19.0.3:59648 - "GET /bd_models/ball/ HTTP/1.0" 200
[2026-02-15 19:39:14] INFO uvicorn.access: 172.19.0.3:59656 - "GET /jsi18n/ HTTP/1.0" 200
[2026-02-15 19:39:16] INFO uvicorn.access: 172.19.0.3:59658 - "GET /bd_models/ball/5/change/ HTTP/1.0" 200
[2026-02-15 19:39:17] INFO uvicorn.access: 172.19.0.3:59664 - "GET /jsi18n/ HTTP/1.0" 200
[2026-02-15 19:39:19] INFO uvicorn.access: 172.19.0.3:59680 - "GET /ball/generate/5 HTTP/1.0" 200
[2026-02-15 19:39:27] INFO uvicorn.access: 172.19.0.3:41420 - "POST /bd_models/ball/5/change/ HTTP/1.0" 302
[2026-02-15 19:39:28] INFO uvicorn.access: 172.19.0.3:41430 - "GET /bd_models/ball/5/change/ HTTP/1.0" 200
[2026-02-15 19:39:28] INFO uvicorn.access: 172.19.0.3:41440 - "GET /jsi18n/ HTTP/1.0" 200
[2026-02-15 19:39:31] INFO uvicorn.access: 172.19.0.3:41456 - "GET /ball/generate/5 HTTP/1.0" 200
[2026-02-15 19:39:41] INFO uvicorn.access: 172.19.0.3:53846 - "POST /bd_models/ball/5/change/ HTTP/1.0" 302
[2026-02-15 19:39:41] INFO uvicorn.access: 172.19.0.3:45884 - "GET /bd_models/ball/5/change/ HTTP/1.0" 200
[2026-02-15 19:39:42] INFO uvicorn.access: 172.19.0.3:45888 - "GET /jsi18n/ HTTP/1.0" 200
[2026-02-15 19:39:45] INFO uvicorn.access: 172.19.0.3:45900 - "GET /ball/generate/5 HTTP/1.0" 200
[2026-02-15 19:40:10] INFO uvicorn.access: 172.19.0.3:41778 - "POST /bd_models/ball/5/change/ HTTP/1.0" 302
[2026-02-15 19:40:11] INFO uvicorn.access: 172.19.0.3:41788 - "GET /bd_models/ball/5/change/ HTTP/1.0" 200
[2026-02-15 19:40:11] INFO uvicorn.access: 172.19.0.3:59928 - "GET /jsi18n/ HTTP/1.0" 200
[2026-02-15 19:40:14] INFO uvicorn.access: 172.19.0.3:59940 - "GET /ball/generate/5 HTTP/1.0" 200
[2026-02-15 19:40:35] INFO uvicorn.access: 172.19.0.3:50498 - "GET /bd_models/ball/ HTTP/1.0" 200
[2026-02-15 19:40:35] INFO uvicorn.access: 172.19.0.3:50506 - "GET /jsi18n/ HTTP/1.0" 200
[2026-02-15 19:40:43] INFO uvicorn.access: 172.19.0.3:57810 - "GET /bd_models/ball/3/change/ HTTP/1.0" 200
[2026-02-15 19:40:43] INFO uvicorn.access: 172.19.0.3:57826 - "GET /jsi18n/ HTTP/1.0" 200
[2026-02-15 19:40:47] INFO uvicorn.access: 172.19.0.3:57834 - "GET /ball/generate/3 HTTP/1.0" 200
[2026-02-15 19:56:17] INFO ballsdex.packages.admin.balls: lomadinthe2nd spawned object Purple Block in general.
[2026-02-15 19:59:10] INFO uvicorn.access: 172.19.0.3:50360 - "GET /bd_models/ball/ HTTP/1.0" 200
[2026-02-15 19:59:10] INFO uvicorn.access: 172.19.0.3:50370 - "GET /jsi18n/ HTTP/1.0" 200
[2026-02-15 20:22:56] INFO uvicorn.access: 172.19.0.3:36672 - "GET /bd_models/ball/3/change/ HTTP/1.0" 200
[2026-02-15 20:22:57] INFO uvicorn.access: 172.19.0.3:36678 - "GET /jsi18n/ HTTP/1.0" 200
[2026-02-15 20:23:02] INFO uvicorn.access: 172.19.0.3:36692 - "GET /ball/generate/3 HTTP/1.0" 200
[2026-02-15 20:24:26] INFO uvicorn.access: 172.19.0.3:33368 - "POST /bd_models/ball/3/change/ HTTP/1.0" 302
[2026-02-15 20:24:28] INFO uvicorn.access: 172.19.0.3:33380 - "GET /bd_models/ball/3/change/ HTTP/1.0" 200
[2026-02-15 20:24:34] INFO uvicorn.access: 172.19.0.3:33382 - "GET /jsi18n/ HTTP/1.0" 200
[2026-02-15 20:24:34] INFO uvicorn.access: 172.19.0.3:33392 - "GET /ball/generate/3 HTTP/1.0" 200
[2026-02-15 20:40:23] INFO ballsdex.packages.admin.balls: lomadinthe2nd spawned object Giant ENEMY SPIDER in ocdex-testing.
[2026-02-15 20:48:32] INFO uvicorn.access: 172.19.0.3:47412 - "GET /bd_models/ball/3/change/ HTTP/1.0" 302
[2026-02-15 20:48:33] INFO uvicorn.access: 172.19.0.3:47418 - "GET /login/?next=/bd_models/ball/3/change/ HTTP/1.0" 200
[2026-02-15 20:49:05] INFO uvicorn.access: 172.19.0.3:47282 - "GET / HTTP/1.0" 302
[2026-02-15 20:49:05] INFO uvicorn.access: 172.19.0.3:47296 - "GET /login/?next=/ HTTP/1.0" 200
[2026-02-15 20:49:12] INFO uvicorn.access: 172.19.0.3:39476 - "GET / HTTP/1.0" 302
[2026-02-15 20:49:13] INFO uvicorn.access: 172.19.0.3:39486 - "GET /login/?next=/ HTTP/1.0" 200
[2026-02-15 20:49:16] WARNING django.request: Not Found: /favicon.ico
[2026-02-15 20:49:16] INFO uvicorn.access: 172.19.0.3:39490 - "GET /favicon.ico HTTP/1.0" 404
[2026-02-15 20:49:18] INFO uvicorn.access: 172.19.0.3:39492 - "GET /login/discord/ HTTP/1.0" 302
[2026-02-15 20:49:32] INFO uvicorn.access: 172.19.0.3:40202 - "GET /complete/discord/?code=wwBWYK5RTlSxKKdVJFCKGb0WPeUjVK&state=XvdVugvmYC77fvNsiDsvM1iSY6F4XF84 HTTP/1.0" 302
[2026-02-15 20:49:32] INFO uvicorn.access: 172.19.0.3:37752 - "GET / HTTP/1.0" 200
[2026-02-15 20:49:35] INFO uvicorn.access: 172.19.0.3:37768 - "GET /bd_models/ball/ HTTP/1.0" 200
[2026-02-15 20:49:37] INFO uvicorn.access: 172.19.0.3:37770 - "GET /jsi18n/ HTTP/1.0" 200
[2026-02-15 20:49:43] INFO uvicorn.access: 172.19.0.3:58246 - "GET /bd_models/ball/1/change/ HTTP/1.0" 200
[2026-02-15 20:49:44] INFO uvicorn.access: 172.19.0.3:58258 - "GET /jsi18n/ HTTP/1.0" 200
[2026-02-15 20:49:48] INFO uvicorn.access: 172.19.0.3:58260 - "GET /ball/generate/1 HTTP/1.0" 200
[2026-02-15 20:49:57] INFO uvicorn.access: 172.19.0.3:57594 - "GET /bd_models/ball/ HTTP/1.0" 200
[2026-02-15 20:50:06] INFO uvicorn.access: 172.19.0.3:52114 - "GET /bd_models/ball/1/change/ HTTP/1.0" 200
[2026-02-15 20:50:06] INFO uvicorn.access: 172.19.0.3:52120 - "GET /jsi18n/ HTTP/1.0" 200
[2026-02-15 20:50:08] INFO uvicorn.access: 172.19.0.3:52128 - "GET /ball/generate/1 HTTP/1.0" 200
[2026-02-15 20:50:17] INFO uvicorn.access: 172.19.0.3:56950 - "GET /bd_models/ball/ HTTP/1.0" 200
[2026-02-15 20:50:20] INFO uvicorn.access: 172.19.0.3:56958 - "GET / HTTP/1.0" 200
[2026-02-15 20:50:22] INFO uvicorn.access: 172.19.0.3:38244 - "GET /bd_models/ball/ HTTP/1.0" 200
[2026-02-15 20:50:22] INFO uvicorn.access: 172.19.0.3:38246 - "GET /jsi18n/ HTTP/1.0" 200
[2026-02-15 20:50:26] INFO uvicorn.access: 172.19.0.3:38248 - "GET /bd_models/ball/2/change/ HTTP/1.0" 200
[2026-02-15 20:50:26] INFO uvicorn.access: 172.19.0.3:38264 - "GET /jsi18n/ HTTP/1.0" 200
[2026-02-15 20:50:30] INFO uvicorn.access: 172.19.0.3:38280 - "GET /ball/generate/2 HTTP/1.0" 200
[2026-02-15 20:50:35] INFO uvicorn.access: 172.19.0.3:59228 - "GET /bd_models/ball/ HTTP/1.0" 200
[2026-02-15 20:50:37] INFO uvicorn.access: 172.19.0.3:59236 - "GET /bd_models/ball/3/change/ HTTP/1.0" 200
[2026-02-15 20:50:38] INFO uvicorn.access: 172.19.0.3:59240 - "GET /jsi18n/ HTTP/1.0" 200
[2026-02-15 20:50:41] INFO uvicorn.access: 172.19.0.3:59252 - "GET /ball/generate/3 HTTP/1.0" 200
[2026-02-15 20:50:44] INFO uvicorn.access: 172.19.0.3:46766 - "GET /bd_models/ball/ HTTP/1.0" 200
[2026-02-15 20:50:46] INFO uvicorn.access: 172.19.0.3:46778 - "GET /bd_models/ball/4/change/ HTTP/1.0" 200
[2026-02-15 20:50:47] INFO uvicorn.access: 172.19.0.3:46782 - "GET /jsi18n/ HTTP/1.0" 200
[2026-02-15 20:50:50] INFO uvicorn.access: 172.19.0.3:46798 - "GET /ball/generate/4 HTTP/1.0" 200
[2026-02-15 20:50:54] INFO uvicorn.access: 172.19.0.3:46626 - "GET /bd_models/ball/ HTTP/1.0" 200
[2026-02-15 20:50:57] INFO uvicorn.access: 172.19.0.3:46642 - "GET /bd_models/ball/5/change/ HTTP/1.0" 200
[2026-02-15 20:50:57] INFO uvicorn.access: 172.19.0.3:46652 - "GET /jsi18n/ HTTP/1.0" 200
[2026-02-15 20:51:01] INFO uvicorn.access: 172.19.0.3:46660 - "GET /ball/generate/5 HTTP/1.0" 200
[2026-02-15 20:51:38] INFO uvicorn.access: 172.19.0.3:38202 - "POST /bd_models/ball/5/change/ HTTP/1.0" 302
[2026-02-15 20:51:39] INFO uvicorn.access: 172.19.0.3:38216 - "GET /bd_models/ball/ HTTP/1.0" 200
[2026-02-15 20:51:40] INFO uvicorn.access: 172.19.0.3:38224 - "GET /jsi18n/ HTTP/1.0" 200
[2026-02-15 20:51:43] INFO uvicorn.access: 172.19.0.3:39058 - "GET /bd_models/ball/5/change/ HTTP/1.0" 200
[2026-02-15 20:51:44] INFO uvicorn.access: 172.19.0.3:39074 - "GET /jsi18n/ HTTP/1.0" 200
[2026-02-15 20:51:46] INFO uvicorn.access: 172.19.0.3:39082 - "GET /ball/generate/5 HTTP/1.0" 200
[2026-02-15 22:21:54] INFO discord.gateway: Shard ID 0 has successfully RESUMED session 1b8157c1f811585018361eb6ffd498a9.
[2026-02-15 22:25:08] INFO uvicorn.access: 172.19.0.3:55586 - "GET /bd_models/ball/5/change/ HTTP/1.0" 200
[2026-02-15 22:25:09] WARNING django.request: Not Found: /favicon.ico
[2026-02-15 22:25:09] INFO uvicorn.access: 172.19.0.3:55602 - "GET /favicon.ico HTTP/1.0" 404
[2026-02-15 23:13:58] INFO discord.gateway: Shard ID 0 has successfully RESUMED session 1b8157c1f811585018361eb6ffd498a9.
[2026-02-15 23:51:14] WARNING discord.gateway: Can't keep up, shard ID 0 websocket is 41.5s behind.
[2026-02-16 02:20:47] INFO discord.gateway: Shard ID 0 has successfully RESUMED session 1b8157c1f811585018361eb6ffd498a9.
[2026-02-16 03:39:17] INFO discord.gateway: Shard ID 0 has successfully RESUMED session 1b8157c1f811585018361eb6ffd498a9.
[2026-02-16 04:29:38] INFO discord.gateway: Shard ID 0 has successfully RESUMED session 1b8157c1f811585018361eb6ffd498a9.
[2026-02-16 07:45:32] INFO discord.gateway: Shard ID 0 has successfully RESUMED session 1b8157c1f811585018361eb6ffd498a9.
[2026-02-16 08:13:00] INFO uvicorn.access: 172.19.0.3:50090 - "GET /bd_models/ball/ HTTP/1.0" 200
[2026-02-16 08:13:00] INFO uvicorn.access: 172.19.0.3:50098 - "GET /jsi18n/ HTTP/1.0" 200
[2026-02-16 23:29:41] INFO discord.gateway: Shard ID 0 session has been invalidated.
[2026-02-16 23:29:50] INFO discord.gateway: Shard ID 0 has connected to Gateway (Session ID: 2c4bbd45e7ecd02b537af1900e0e73f3).
[2026-02-16 23:32:01] WARNING discord.gateway: Shard ID 0 heartbeat blocked for more than 10 seconds.
Loop thread traceback (most recent call last):
  File "<frozen runpy>", line 198, in _run_module_as_main
  File "<frozen runpy>", line 88, in _run_code
  File "/opt/venv/lib/python3.14/site-packages/ballsdex/__main__.py", line 15, in <module>
    main()
  File "/opt/venv/lib/python3.14/site-packages/ballsdex/__main__.py", line 11, in main
    execute_from_command_line(sys.argv)
  File "/opt/venv/lib/python3.14/site-packages/django/core/management/__init__.py", line 443, in execute_from_command_line
    utility.execute()
  File "/opt/venv/lib/python3.14/site-packages/django/core/management/__init__.py", line 437, in execute
    self.fetch_command(subcommand).run_from_argv(self.argv)
  File "/opt/venv/lib/python3.14/site-packages/django/core/management/base.py", line 416, in run_from_argv
    self.execute(*args, **cmd_options)
  File "/opt/venv/lib/python3.14/site-packages/django/core/management/base.py", line 460, in execute
    output = self.handle(*args, **options)
  File "/opt/venv/lib/python3.14/site-packages/bd_models/management/commands/startbot.py", line 352, in handle
    loop.run_forever()
  File "/usr/local/lib/python3.14/asyncio/base_events.py", line 677, in run_forever
    self._run_once()
  File "/usr/local/lib/python3.14/asyncio/base_events.py", line 2046, in _run_once
    handle._run()
  File "/usr/local/lib/python3.14/selectors.py", line 463, in select
    return ready

[2026-02-16 23:32:03] INFO discord.gateway: Shard ID 0 has successfully RESUMED session 2c4bbd45e7ecd02b537af1900e0e73f3.
[2026-02-16 23:34:08] INFO ballsdex.packages.admin.balls: lomadinthe2nd gave object Giant ENEMY SPIDER (`F7`) to lomadinthe2nd. (Special=Shiny ATK=-11 HP=+5).
[2026-02-16 23:44:57] INFO uvicorn.access: 172.19.0.3:44422 - "GET / HTTP/1.0" 200
[2026-02-16 23:45:04] INFO uvicorn.access: 172.19.0.3:49372 - "GET /bd_models/ball/ HTTP/1.0" 200
[2026-02-16 23:45:04] INFO uvicorn.access: 172.19.0.3:49386 - "GET /jsi18n/ HTTP/1.0" 200
[2026-02-16 23:45:06] INFO uvicorn.access: 172.19.0.3:49388 - "GET / HTTP/1.0" 200
[2026-02-16 23:45:08] INFO uvicorn.access: 172.19.0.3:42142 - "GET /bd_models/special/ HTTP/1.0" 200
[2026-02-16 23:45:08] INFO uvicorn.access: 172.19.0.3:42158 - "GET /jsi18n/ HTTP/1.0" 200
[2026-02-16 23:45:11] INFO uvicorn.access: 172.19.0.3:42168 - "GET /bd_models/special/1/change/ HTTP/1.0" 200
[2026-02-16 23:45:11] INFO uvicorn.access: 172.19.0.3:42170 - "GET /jsi18n/ HTTP/1.0" 200
[2026-02-16 23:45:13] INFO uvicorn.access: 172.19.0.3:42172 - "GET /special/generate/1 HTTP/1.0" 200
[2026-02-16 23:45:45] INFO uvicorn.access: 172.19.0.3:37692 - "POST /bd_models/special/1/change/ HTTP/1.0" 302
[2026-02-16 23:45:45] INFO uvicorn.access: 172.19.0.3:37696 - "GET /bd_models/special/1/change/ HTTP/1.0" 200
[2026-02-16 23:45:45] INFO uvicorn.access: 172.19.0.3:37712 - "GET /jsi18n/ HTTP/1.0" 200
[2026-02-16 23:45:47] INFO uvicorn.access: 172.19.0.3:37718 - "GET /special/generate/1 HTTP/1.0" 200
[2026-02-16 23:46:29] INFO uvicorn.access: 172.19.0.3:51458 - "POST /bd_models/special/1/change/ HTTP/1.0" 302
[2026-02-16 23:46:29] INFO uvicorn.access: 172.19.0.3:51474 - "GET /bd_models/special/ HTTP/1.0" 200
[2026-02-16 23:46:29] INFO uvicorn.access: 172.19.0.3:51478 - "GET /jsi18n/ HTTP/1.0" 200
[2026-02-16 23:51:25] INFO uvicorn.access: 172.19.0.3:44520 - "GET /bd_models/regime/ HTTP/1.0" 200
[2026-02-16 23:51:26] INFO uvicorn.access: 172.19.0.3:44528 - "GET /jsi18n/ HTTP/1.0" 200
[2026-02-16 23:51:36] INFO uvicorn.access: 172.19.0.3:32980 - "POST /bd_models/regime/ HTTP/1.0" 200
[2026-02-16 23:52:00] INFO uvicorn.access: 172.19.0.3:41686 - "GET /bd_models/regime/ HTTP/1.0" 200
[2026-02-16 23:52:02] INFO uvicorn.access: 172.19.0.3:41694 - "GET /bd_models/regime/3/change/ HTTP/1.0" 200
[2026-02-16 23:52:02] INFO uvicorn.access: 172.19.0.3:41696 - "GET /jsi18n/ HTTP/1.0" 200
[2026-02-16 23:52:08] INFO uvicorn.access: 172.19.0.3:41704 - "POST /bd_models/regime/3/change/ HTTP/1.0" 302
[2026-02-16 23:52:08] INFO uvicorn.access: 172.19.0.3:42790 - "GET /bd_models/regime/ HTTP/1.0" 200
[2026-02-16 23:52:09] INFO uvicorn.access: 172.19.0.3:42794 - "GET /jsi18n/ HTTP/1.0" 200
[2026-02-16 23:52:20] INFO uvicorn.access: 172.19.0.3:58598 - "GET /bd_models/regime/4/change/ HTTP/1.0" 200
[2026-02-16 23:52:20] INFO uvicorn.access: 172.19.0.3:58604 - "GET /jsi18n/ HTTP/1.0" 200
[2026-02-16 23:52:30] INFO uvicorn.access: 172.19.0.3:58662 - "POST /bd_models/regime/4/change/ HTTP/1.0" 302
[2026-02-16 23:52:30] INFO uvicorn.access: 172.19.0.3:58672 - "GET /bd_models/regime/4/change/ HTTP/1.0" 200
[2026-02-16 23:52:30] INFO uvicorn.access: 172.19.0.3:58678 - "GET /jsi18n/ HTTP/1.0" 200
[2026-02-16 23:52:33] INFO uvicorn.access: 172.19.0.3:58686 - "GET /bd_models/ball/ HTTP/1.0" 200
[2026-02-16 23:52:33] INFO uvicorn.access: 172.19.0.3:58688 - "GET /jsi18n/ HTTP/1.0" 200
[2026-02-16 23:52:35] INFO uvicorn.access: 172.19.0.3:58700 - "GET /bd_models/ball/5/change/ HTTP/1.0" 200
[2026-02-16 23:52:44] INFO uvicorn.access: 172.19.0.3:42298 - "GET /ball/generate/5 HTTP/1.0" 200
[2026-02-16 23:52:44] INFO uvicorn.access: 172.19.0.3:42312 - "GET /jsi18n/ HTTP/1.0" 200
[2026-02-16 23:53:47] INFO uvicorn.access: 172.19.0.3:36418 - "GET /bd_models/regime/ HTTP/1.0" 200
[2026-02-16 23:53:47] INFO uvicorn.access: 172.19.0.3:36434 - "GET /jsi18n/ HTTP/1.0" 200
[2026-02-16 23:53:49] INFO uvicorn.access: 172.19.0.3:45962 - "GET /bd_models/regime/4/change/ HTTP/1.0" 200
[2026-02-16 23:53:50] INFO uvicorn.access: 172.19.0.3:45978 - "GET /jsi18n/ HTTP/1.0" 200
[2026-02-16 23:53:56] INFO uvicorn.access: 172.19.0.3:45984 - "POST /bd_models/regime/4/change/ HTTP/1.0" 302
[2026-02-16 23:53:56] INFO uvicorn.access: 172.19.0.3:45990 - "GET /bd_models/regime/4/change/ HTTP/1.0" 200
[2026-02-16 23:53:56] INFO uvicorn.access: 172.19.0.3:46004 - "GET /jsi18n/ HTTP/1.0" 200
[2026-02-16 23:53:58] INFO uvicorn.access: 172.19.0.3:53846 - "GET /bd_models/ball/ HTTP/1.0" 200
[2026-02-16 23:53:59] INFO uvicorn.access: 172.19.0.3:53858 - "GET /jsi18n/ HTTP/1.0" 200
[2026-02-16 23:54:06] INFO uvicorn.access: 172.19.0.3:53868 - "GET /bd_models/ball/5/change/ HTTP/1.0" 200
[2026-02-16 23:54:07] INFO uvicorn.access: 172.19.0.3:53874 - "GET /jsi18n/ HTTP/1.0" 200
[2026-02-16 23:54:08] INFO uvicorn.access: 172.19.0.3:53878 - "GET /ball/generate/5 HTTP/1.0" 200
[2026-02-16 23:55:59] INFO uvicorn.access: 172.19.0.3:53460 - "GET /bd_models/regime/ HTTP/1.0" 200
[2026-02-16 23:56:00] INFO uvicorn.access: 172.19.0.3:53462 - "GET /jsi18n/ HTTP/1.0" 200
[2026-02-16 23:56:03] INFO uvicorn.access: 172.19.0.3:53478 - "GET /bd_models/regime/4/change/ HTTP/1.0" 200
[2026-02-16 23:56:04] INFO uvicorn.access: 172.19.0.3:53484 - "GET /jsi18n/ HTTP/1.0" 200
[2026-02-16 23:56:16] INFO uvicorn.access: 172.19.0.3:38406 - "POST /bd_models/regime/4/change/ HTTP/1.0" 302
[2026-02-16 23:56:16] INFO uvicorn.access: 172.19.0.3:38410 - "GET /bd_models/regime/ HTTP/1.0" 200
[2026-02-16 23:56:16] INFO uvicorn.access: 172.19.0.3:38416 - "GET /jsi18n/ HTTP/1.0" 200
[2026-02-16 23:56:20] INFO uvicorn.access: 172.19.0.3:33682 - "GET /bd_models/player/ HTTP/1.0" 200
[2026-02-16 23:56:20] INFO uvicorn.access: 172.19.0.3:33690 - "GET /jsi18n/ HTTP/1.0" 200
[2026-02-16 23:56:26] INFO uvicorn.access: 172.19.0.3:33696 - "GET /bd_models/player/15/change/ HTTP/1.0" 200
[2026-02-16 23:56:27] INFO uvicorn.access: 172.19.0.3:33698 - "GET /jsi18n/ HTTP/1.0" 200
[2026-02-16 23:56:32] INFO uvicorn.access: 172.19.0.3:39258 - "GET /bd_models/ball/ HTTP/1.0" 200
[2026-02-16 23:56:33] INFO uvicorn.access: 172.19.0.3:39262 - "GET /jsi18n/ HTTP/1.0" 200
[2026-02-16 23:56:41] INFO uvicorn.access: 172.19.0.3:50900 - "GET /bd_models/ball/5/change/ HTTP/1.0" 200
[2026-02-16 23:56:41] INFO uvicorn.access: 172.19.0.3:50904 - "GET /jsi18n/ HTTP/1.0" 200
[2026-02-16 23:56:43] INFO uvicorn.access: 172.19.0.3:50910 - "GET /ball/generate/5 HTTP/1.0" 200
[2026-02-16 23:58:01] INFO uvicorn.access: 172.19.0.3:40180 - "GET /bd_models/special/ HTTP/1.0" 200
[2026-02-16 23:58:01] INFO uvicorn.access: 172.19.0.3:40190 - "GET /jsi18n/ HTTP/1.0" 200
[2026-02-16 23:58:05] INFO uvicorn.access: 172.19.0.3:40200 - "GET /bd_models/regime/ HTTP/1.0" 200
[2026-02-16 23:58:05] INFO uvicorn.access: 172.19.0.3:40208 - "GET /jsi18n/ HTTP/1.0" 200
[2026-02-16 23:58:07] INFO uvicorn.access: 172.19.0.3:40212 - "GET /bd_models/regime/4/change/ HTTP/1.0" 200
[2026-02-16 23:58:08] INFO uvicorn.access: 172.19.0.3:40228 - "GET /jsi18n/ HTTP/1.0" 200
[2026-02-16 23:58:22] INFO uvicorn.access: 172.19.0.3:43434 - "POST /bd_models/regime/4/change/ HTTP/1.0" 302
[2026-02-16 23:58:22] INFO uvicorn.access: 172.19.0.3:43444 - "GET /bd_models/regime/ HTTP/1.0" 200
[2026-02-16 23:58:23] INFO uvicorn.access: 172.19.0.3:43452 - "GET /jsi18n/ HTTP/1.0" 200
[2026-02-16 23:58:24] INFO uvicorn.access: 172.19.0.3:43458 - "GET /bd_models/player/ HTTP/1.0" 200
[2026-02-16 23:58:24] INFO uvicorn.access: 172.19.0.3:43466 - "GET /jsi18n/ HTTP/1.0" 200
[2026-02-16 23:58:27] INFO uvicorn.access: 172.19.0.3:43468 - "GET /bd_models/ball/ HTTP/1.0" 200
[2026-02-16 23:58:27] INFO uvicorn.access: 172.19.0.3:43478 - "GET /jsi18n/ HTTP/1.0" 200
[2026-02-16 23:58:30] INFO uvicorn.access: 172.19.0.3:50126 - "GET /bd_models/ball/5/change/ HTTP/1.0" 200
[2026-02-16 23:58:31] INFO uvicorn.access: 172.19.0.3:50128 - "GET /jsi18n/ HTTP/1.0" 200
[2026-02-16 23:58:32] INFO uvicorn.access: 172.19.0.3:50136 - "GET /ball/generate/5 HTTP/1.0" 200
[2026-02-16 23:58:54] INFO uvicorn.access: 172.19.0.3:36870 - "POST /bd_models/ball/5/change/ HTTP/1.0" 302
[2026-02-16 23:58:55] INFO uvicorn.access: 172.19.0.3:36872 - "GET /bd_models/ball/5/change/ HTTP/1.0" 200
[2026-02-16 23:58:55] INFO uvicorn.access: 172.19.0.3:36880 - "GET /jsi18n/ HTTP/1.0" 200
[2026-02-16 23:58:56] INFO uvicorn.access: 172.19.0.3:36890 - "GET /ball/generate/5 HTTP/1.0" 200
[2026-02-16 23:59:13] INFO uvicorn.access: 172.19.0.3:33224 - "POST /bd_models/ball/5/change/ HTTP/1.0" 302
[2026-02-16 23:59:13] INFO uvicorn.access: 172.19.0.3:33226 - "GET /bd_models/ball/5/change/ HTTP/1.0" 200
[2026-02-16 23:59:13] INFO uvicorn.access: 172.19.0.3:33232 - "GET /jsi18n/ HTTP/1.0" 200
[2026-02-16 23:59:14] INFO uvicorn.access: 172.19.0.3:33238 - "GET /ball/generate/5 HTTP/1.0" 200
[2026-02-16 23:59:20] INFO uvicorn.access: 172.19.0.3:58576 - "POST /bd_models/ball/5/change/ HTTP/1.0" 302
[2026-02-16 23:59:20] INFO uvicorn.access: 172.19.0.3:58582 - "GET /bd_models/ball/ HTTP/1.0" 200
[2026-02-16 23:59:20] INFO uvicorn.access: 172.19.0.3:58598 - "GET /jsi18n/ HTTP/1.0" 200
[2026-02-16 23:59:23] INFO uvicorn.access: 172.19.0.3:58614 - "GET /bd_models/ball/4/change/ HTTP/1.0" 200
[2026-02-16 23:59:24] INFO uvicorn.access: 172.19.0.3:58620 - "GET /jsi18n/ HTTP/1.0" 200
[2026-02-16 23:59:25] INFO uvicorn.access: 172.19.0.3:58622 - "GET /ball/generate/4 HTTP/1.0" 200
[2026-02-16 23:59:58] INFO uvicorn.access: 172.19.0.3:42962 - "GET /bd_models/player/ HTTP/1.0" 200
[2026-02-16 23:59:58] INFO uvicorn.access: 172.19.0.3:42974 - "GET /jsi18n/ HTTP/1.0" 200
[2026-02-17 00:33:55] INFO discord.gateway: Shard ID 0 has successfully RESUMED session 2c4bbd45e7ecd02b537af1900e0e73f3.
[2026-02-17 01:50:46] INFO discord.gateway: Shard ID 0 has successfully RESUMED session 2c4bbd45e7ecd02b537af1900e0e73f3.
[2026-02-17 04:01:20] INFO discord.gateway: Shard ID 0 has successfully RESUMED session 2c4bbd45e7ecd02b537af1900e0e73f3.
[2026-02-17 04:27:20] INFO discord.gateway: Shard ID 0 has successfully RESUMED session 2c4bbd45e7ecd02b537af1900e0e73f3.
[2026-02-17 06:12:32] INFO discord.gateway: Shard ID 0 has successfully RESUMED session 2c4bbd45e7ecd02b537af1900e0e73f3.
[2026-02-17 06:53:06] INFO discord.gateway: Shard ID 0 has successfully RESUMED session 2c4bbd45e7ecd02b537af1900e0e73f3.
[2026-02-17 07:13:40] INFO discord.gateway: Shard ID 0 has successfully RESUMED session 2c4bbd45e7ecd02b537af1900e0e73f3.
[2026-02-17 07:21:55] INFO discord.gateway: Shard ID 0 has successfully RESUMED session 2c4bbd45e7ecd02b537af1900e0e73f3.
[2026-02-17 08:03:37] INFO discord.gateway: Shard ID 0 has successfully RESUMED session 2c4bbd45e7ecd02b537af1900e0e73f3.
[2026-02-17 10:05:29] INFO discord.gateway: Shard ID 0 has successfully RESUMED session 2c4bbd45e7ecd02b537af1900e0e73f3.
[2026-02-17 12:51:40] INFO discord.gateway: Shard ID 0 has successfully RESUMED session 2c4bbd45e7ecd02b537af1900e0e73f3.
[2026-02-17 13:12:30] INFO discord.gateway: Shard ID 0 has successfully RESUMED session 2c4bbd45e7ecd02b537af1900e0e73f3.
[2026-02-17 16:19:48] INFO discord.gateway: Shard ID 0 has successfully RESUMED session 2c4bbd45e7ecd02b537af1900e0e73f3.
[2026-02-17 17:48:30] INFO discord.gateway: Shard ID 0 has successfully RESUMED session 2c4bbd45e7ecd02b537af1900e0e73f3.
[2026-02-17 21:09:48] INFO discord.gateway: Shard ID 0 has successfully RESUMED session 2c4bbd45e7ecd02b537af1900e0e73f3.
[2026-02-17 23:20:16] INFO discord.gateway: Shard ID 0 has successfully RESUMED session 2c4bbd45e7ecd02b537af1900e0e73f3.
[2026-02-18 00:04:17] INFO uvicorn.access: 172.19.0.3:60644 - "GET /bd_models/ball/3/change/ HTTP/1.0" 200
[2026-02-18 00:04:18] INFO uvicorn.access: 172.19.0.3:57652 - "GET /jsi18n/ HTTP/1.0" 200
[2026-02-18 00:04:19] INFO uvicorn.access: 172.19.0.3:57656 - "GET /ball/generate/3 HTTP/1.0" 200
[2026-02-18 00:04:20] WARNING django.request: Not Found: /favicon.ico
[2026-02-18 00:04:20] INFO uvicorn.access: 172.19.0.3:57660 - "GET /favicon.ico HTTP/1.0" 404
[2026-02-18 00:04:21] INFO uvicorn.access: 172.19.0.3:57674 - "GET / HTTP/1.0" 200
[2026-02-18 00:04:23] INFO uvicorn.access: 172.19.0.3:57678 - "GET /bd_models/ball/ HTTP/1.0" 200
[2026-02-18 00:04:23] INFO uvicorn.access: 172.19.0.3:57680 - "GET /jsi18n/ HTTP/1.0" 200
[2026-02-18 00:04:26] INFO uvicorn.access: 172.19.0.3:57696 - "GET /bd_models/ball/3/change/ HTTP/1.0" 200
[2026-02-18 00:04:26] INFO uvicorn.access: 172.19.0.3:57704 - "GET /jsi18n/ HTTP/1.0" 200
[2026-02-18 00:04:27] INFO uvicorn.access: 172.19.0.3:57714 - "GET /ball/generate/3 HTTP/1.0" 200
[2026-02-18 00:32:30] INFO discord.gateway: Shard ID 0 has successfully RESUMED session 2c4bbd45e7ecd02b537af1900e0e73f3.
[2026-02-18 01:29:40] INFO discord.gateway: Shard ID 0 has successfully RESUMED session 2c4bbd45e7ecd02b537af1900e0e73f3.
[2026-02-18 01:51:05] INFO discord.gateway: Shard ID 0 has successfully RESUMED session 2c4bbd45e7ecd02b537af1900e0e73f3.
[2026-02-18 03:55:10] INFO discord.gateway: Shard ID 0 has successfully RESUMED session 2c4bbd45e7ecd02b537af1900e0e73f3.
[2026-02-18 04:05:56] INFO discord.gateway: Shard ID 0 has successfully RESUMED session 2c4bbd45e7ecd02b537af1900e0e73f3.
[2026-02-18 07:28:49] INFO discord.gateway: Shard ID 0 has successfully RESUMED session 2c4bbd45e7ecd02b537af1900e0e73f3.
[2026-02-18 08:03:58] INFO discord.gateway: Shard ID 0 has successfully RESUMED session 2c4bbd45e7ecd02b537af1900e0e73f3.
[2026-02-18 09:43:05] INFO discord.gateway: Shard ID 0 has successfully RESUMED session 2c4bbd45e7ecd02b537af1900e0e73f3.
[2026-02-18 10:07:23] INFO discord.gateway: Shard ID 0 has successfully RESUMED session 2c4bbd45e7ecd02b537af1900e0e73f3.
[2026-02-18 12:48:02] INFO discord.gateway: Shard ID 0 has successfully RESUMED session 2c4bbd45e7ecd02b537af1900e0e73f3.
[2026-02-18 16:12:29] INFO discord.gateway: Shard ID 0 has successfully RESUMED session 2c4bbd45e7ecd02b537af1900e0e73f3.
[2026-02-18 17:16:54] INFO discord.gateway: Shard ID 0 has successfully RESUMED session 2c4bbd45e7ecd02b537af1900e0e73f3.
[2026-02-18 18:42:19] INFO discord.gateway: Shard ID 0 has successfully RESUMED session 2c4bbd45e7ecd02b537af1900e0e73f3.
[2026-02-18 20:13:17] INFO discord.gateway: Shard ID 0 has successfully RESUMED session 2c4bbd45e7ecd02b537af1900e0e73f3.
[2026-02-18 21:18:44] INFO discord.gateway: Shard ID 0 has successfully RESUMED session 2c4bbd45e7ecd02b537af1900e0e73f3.
[2026-02-18 21:41:17] INFO discord.gateway: Shard ID 0 has successfully RESUMED session 2c4bbd45e7ecd02b537af1900e0e73f3.
[2026-02-18 23:46:56] INFO discord.gateway: Shard ID 0 has successfully RESUMED session 2c4bbd45e7ecd02b537af1900e0e73f3.
[2026-02-19 02:55:37] INFO discord.gateway: Shard ID 0 has successfully RESUMED session 2c4bbd45e7ecd02b537af1900e0e73f3.
[2026-02-19 03:03:35] INFO discord.gateway: Shard ID 0 has successfully RESUMED session 2c4bbd45e7ecd02b537af1900e0e73f3.
[2026-02-19 04:01:05] INFO discord.gateway: Shard ID 0 has successfully RESUMED session 2c4bbd45e7ecd02b537af1900e0e73f3.
[2026-02-19 07:47:34] INFO discord.gateway: Shard ID 0 has successfully RESUMED session 2c4bbd45e7ecd02b537af1900e0e73f3.
[2026-02-19 10:37:46] WARNING ballsdex.core.discord: Expired interaction
Traceback (most recent call last):
  File "/opt/venv/lib/python3.14/site-packages/discord/ui/view.py", line 546, in _scheduled_task
    await item.callback(interaction)
  File "/opt/venv/lib/python3.14/site-packages/ballsdex/packages/countryballs/countryball.py", line 151, in catch_button
    await interaction.response.send_modal(CountryballNamePrompt(self))
  File "/opt/venv/lib/python3.14/site-packages/discord/interactions.py", line 1273, in send_modal
    response = await adapter.create_interaction_response(
               ^^^^^^^^^^^^^^^^^^^^^^^^^^^^^^^^^^^^^^^^^^
    ...<6 lines>...
    )
    ^
  File "/opt/venv/lib/python3.14/site-packages/discord/webhook/async_.py", line 224, in request
    raise NotFound(response, data)
discord.errors.NotFound: 404 Not Found (error code: 10062): Unknown interaction
[2026-02-19 10:38:01] WARNING ballsdex.core.discord: Expired interaction
Traceback (most recent call last):
  File "/opt/venv/lib/python3.14/site-packages/discord/ui/view.py", line 546, in _scheduled_task
    await item.callback(interaction)
  File "/opt/venv/lib/python3.14/site-packages/ballsdex/packages/countryballs/countryball.py", line 151, in catch_button
    await interaction.response.send_modal(CountryballNamePrompt(self))
  File "/opt/venv/lib/python3.14/site-packages/discord/interactions.py", line 1273, in send_modal
    response = await adapter.create_interaction_response(
               ^^^^^^^^^^^^^^^^^^^^^^^^^^^^^^^^^^^^^^^^^^
    ...<6 lines>...
    )
    ^
  File "/opt/venv/lib/python3.14/site-packages/discord/webhook/async_.py", line 224, in request
    raise NotFound(response, data)
discord.errors.NotFound: 404 Not Found (error code: 10062): Unknown interaction
[2026-02-19 10:38:34] WARNING ballsdex.core.discord: Expired interaction
Traceback (most recent call last):
  File "/opt/venv/lib/python3.14/site-packages/discord/ui/view.py", line 546, in _scheduled_task
    await item.callback(interaction)
  File "/opt/venv/lib/python3.14/site-packages/ballsdex/packages/countryballs/countryball.py", line 151, in catch_button
    await interaction.response.send_modal(CountryballNamePrompt(self))
  File "/opt/venv/lib/python3.14/site-packages/discord/interactions.py", line 1273, in send_modal
    response = await adapter.create_interaction_response(
               ^^^^^^^^^^^^^^^^^^^^^^^^^^^^^^^^^^^^^^^^^^
    ...<6 lines>...
    )
    ^
  File "/opt/venv/lib/python3.14/site-packages/discord/webhook/async_.py", line 224, in request
    raise NotFound(response, data)
discord.errors.NotFound: 404 Not Found (error code: 10062): Unknown interaction
[2026-02-19 10:38:57] CRITICAL ballsdex: Caught unhandled exception in <Task finished name='discord-ui-view-dispatch-1d25fa3ddf3a6a574d0796c41fa36bea' coro=<BaseView._scheduled_task() done, defined at /opt/venv/lib/python3.14/site-packages/discord/ui/view.py:535> exception=NotFound('404 Not Found (error code: 10062): Unknown interaction')>:
Task exception was never retrieved
Traceback (most recent call last):
  File "/opt/venv/lib/python3.14/site-packages/discord/ui/view.py", line 546, in _scheduled_task
    await item.callback(interaction)
  File "/opt/venv/lib/python3.14/site-packages/ballsdex/packages/countryballs/countryball.py", line 151, in catch_button
    await interaction.response.send_modal(CountryballNamePrompt(self))
  File "/opt/venv/lib/python3.14/site-packages/discord/interactions.py", line 1273, in send_modal
    response = await adapter.create_interaction_response(
               ^^^^^^^^^^^^^^^^^^^^^^^^^^^^^^^^^^^^^^^^^^
    ...<6 lines>...
    )
    ^
  File "/opt/venv/lib/python3.14/site-packages/discord/webhook/async_.py", line 236, in request
    raise DiscordServerError(response, data)
discord.errors.DiscordServerError: 503 Service Unavailable (error code: 0): upstream connect error or disconnect/reset before headers. reset reason: overflow

During handling of the above exception, another exception occurred:

Traceback (most recent call last):
  File "/opt/venv/lib/python3.14/site-packages/discord/ui/view.py", line 548, in _scheduled_task
    return await self.on_error(interaction, e, item)
           ^^^^^^^^^^^^^^^^^^^^^^^^^^^^^^^^^^^^^^^^^
  File "/opt/venv/lib/python3.14/site-packages/ballsdex/core/discord.py", line 36, in on_error
    if not await _error_handler(interaction, error):
           ^^^^^^^^^^^^^^^^^^^^^^^^^^^^^^^^^^^^^^^^
  File "/opt/venv/lib/python3.14/site-packages/ballsdex/core/discord.py", line 27, in _error_handler
    await send("An error occured. Contact support if this persists.", ephemeral=True)
  File "/opt/venv/lib/python3.14/site-packages/discord/interactions.py", line 1051, in send_message
    response = await adapter.create_interaction_response(
               ^^^^^^^^^^^^^^^^^^^^^^^^^^^^^^^^^^^^^^^^^^
    ...<6 lines>...
    )
    ^
  File "/opt/venv/lib/python3.14/site-packages/discord/webhook/async_.py", line 224, in request
    raise NotFound(response, data)
discord.errors.NotFound: 404 Not Found (error code: 10062): Unknown interaction
[2026-02-19 11:09:40] INFO discord.gateway: Shard ID 0 has successfully RESUMED session 2c4bbd45e7ecd02b537af1900e0e73f3.
[2026-02-19 13:58:11] INFO discord.gateway: Shard ID 0 has successfully RESUMED session 2c4bbd45e7ecd02b537af1900e0e73f3.
[2026-02-19 14:26:23] INFO discord.gateway: Shard ID 0 has successfully RESUMED session 2c4bbd45e7ecd02b537af1900e0e73f3.
[2026-02-19 16:25:51] INFO discord.gateway: Shard ID 0 has successfully RESUMED session 2c4bbd45e7ecd02b537af1900e0e73f3.
[2026-02-19 17:45:54] INFO discord.gateway: Shard ID 0 has successfully RESUMED session 2c4bbd45e7ecd02b537af1900e0e73f3.
[2026-02-19 19:14:46] INFO discord.gateway: Shard ID 0 has successfully RESUMED session 2c4bbd45e7ecd02b537af1900e0e73f3.
[2026-02-19 19:54:39] INFO discord.gateway: Shard ID 0 has successfully RESUMED session 2c4bbd45e7ecd02b537af1900e0e73f3.
[2026-02-19 21:39:51] INFO discord.gateway: Shard ID 0 has successfully RESUMED session 2c4bbd45e7ecd02b537af1900e0e73f3.
[2026-02-19 22:19:08] INFO discord.gateway: Shard ID 0 has successfully RESUMED session 2c4bbd45e7ecd02b537af1900e0e73f3.
[2026-02-20 00:13:16] INFO discord.gateway: Shard ID 0 has successfully RESUMED session 2c4bbd45e7ecd02b537af1900e0e73f3.
[2026-02-20 04:02:45] INFO discord.gateway: Shard ID 0 has successfully RESUMED session 2c4bbd45e7ecd02b537af1900e0e73f3.
[2026-02-20 04:21:36] INFO discord.gateway: Shard ID 0 has successfully RESUMED session 2c4bbd45e7ecd02b537af1900e0e73f3.
[2026-02-20 06:28:40] INFO discord.gateway: Shard ID 0 has successfully RESUMED session 2c4bbd45e7ecd02b537af1900e0e73f3.
[2026-02-20 09:10:35] INFO discord.gateway: Shard ID 0 has successfully RESUMED session 2c4bbd45e7ecd02b537af1900e0e73f3.
[2026-02-20 10:31:33] INFO discord.gateway: Shard ID 0 has successfully RESUMED session 2c4bbd45e7ecd02b537af1900e0e73f3.
[2026-02-20 12:14:34] INFO discord.gateway: Shard ID 0 has successfully RESUMED session 2c4bbd45e7ecd02b537af1900e0e73f3.
[2026-02-20 13:42:29] INFO discord.gateway: Shard ID 0 has successfully RESUMED session 2c4bbd45e7ecd02b537af1900e0e73f3.
[2026-02-20 15:56:57] ERROR discord.shard: Attempting a reconnect for shard ID 0 in 0.24s
Traceback (most recent call last):
  File "/opt/venv/lib/python3.14/site-packages/aiohttp/connector.py", line 1532, in _create_direct_connection
    hosts = await self._resolve_host(host, port, traces=traces)
            ^^^^^^^^^^^^^^^^^^^^^^^^^^^^^^^^^^^^^^^^^^^^^^^^^^^
  File "/opt/venv/lib/python3.14/site-packages/aiohttp/connector.py", line 1148, in _resolve_host
    return await asyncio.shield(resolved_host_task)
           ^^^^^^^^^^^^^^^^^^^^^^^^^^^^^^^^^^^^^^^^
  File "/opt/venv/lib/python3.14/site-packages/aiohttp/connector.py", line 1179, in _resolve_host_with_throttle
    addrs = await self._resolver.resolve(host, port, family=self._family)
            ^^^^^^^^^^^^^^^^^^^^^^^^^^^^^^^^^^^^^^^^^^^^^^^^^^^^^^^^^^^^^
  File "/opt/venv/lib/python3.14/site-packages/aiohttp/resolver.py", line 40, in resolve
    infos = await self._loop.getaddrinfo(
            ^^^^^^^^^^^^^^^^^^^^^^^^^^^^^
    ...<5 lines>...
    )
    ^
  File "/usr/local/lib/python3.14/asyncio/base_events.py", line 936, in getaddrinfo
    return await self.run_in_executor(
           ^^^^^^^^^^^^^^^^^^^^^^^^^^^
        None, getaddr_func, host, port, family, type, proto, flags)
        ^^^^^^^^^^^^^^^^^^^^^^^^^^^^^^^^^^^^^^^^^^^^^^^^^^^^^^^^^^^
  File "/usr/local/lib/python3.14/concurrent/futures/thread.py", line 86, in run
    result = ctx.run(self.task)
  File "/usr/local/lib/python3.14/concurrent/futures/thread.py", line 73, in run
    return fn(*args, **kwargs)
  File "/usr/local/lib/python3.14/socket.py", line 983, in getaddrinfo
    for res in _socket.getaddrinfo(host, port, family, type, proto, flags):
               ~~~~~~~~~~~~~~~~~~~^^^^^^^^^^^^^^^^^^^^^^^^^^^^^^^^^^^^^^^^
socket.gaierror: [Errno -3] Try again

The above exception was the direct cause of the following exception:

Traceback (most recent call last):
  File "/opt/venv/lib/python3.14/site-packages/discord/shard.py", line 201, in reidentify
    self.ws = await asyncio.wait_for(coro, timeout=60.0)
              ^^^^^^^^^^^^^^^^^^^^^^^^^^^^^^^^^^^^^^^^^^
  File "/usr/local/lib/python3.14/asyncio/tasks.py", line 488, in wait_for
    return await fut
           ^^^^^^^^^
  File "/opt/venv/lib/python3.14/site-packages/discord/gateway.py", line 383, in from_client
    socket = await client.http.ws_connect(str(url))
             ^^^^^^^^^^^^^^^^^^^^^^^^^^^^^^^^^^^^^^
  File "/opt/venv/lib/python3.14/site-packages/discord/http.py", line 566, in ws_connect
    return await self.__session.ws_connect(url, **kwargs)
           ^^^^^^^^^^^^^^^^^^^^^^^^^^^^^^^^^^^^^^^^^^^^^^
  File "/opt/venv/lib/python3.14/site-packages/aiohttp/client.py", line 1076, in _ws_connect
    resp = await self.request(
           ^^^^^^^^^^^^^^^^^^^
    ...<11 lines>...
    )
    ^
  File "/opt/venv/lib/python3.14/site-packages/aiohttp/client.py", line 779, in _request
    resp = await handler(req)
           ^^^^^^^^^^^^^^^^^^
  File "/opt/venv/lib/python3.14/site-packages/aiohttp/client.py", line 734, in _connect_and_send_request
    conn = await self._connector.connect(
           ^^^^^^^^^^^^^^^^^^^^^^^^^^^^^^
        req, traces=traces, timeout=real_timeout
        ^^^^^^^^^^^^^^^^^^^^^^^^^^^^^^^^^^^^^^^^
    )
    ^
  File "/opt/venv/lib/python3.14/site-packages/aiohttp/connector.py", line 642, in connect
    proto = await self._create_connection(req, traces, timeout)
            ^^^^^^^^^^^^^^^^^^^^^^^^^^^^^^^^^^^^^^^^^^^^^^^^^^^
  File "/opt/venv/lib/python3.14/site-packages/aiohttp/connector.py", line 1209, in _create_connection
    _, proto = await self._create_direct_connection(req, traces, timeout)
               ^^^^^^^^^^^^^^^^^^^^^^^^^^^^^^^^^^^^^^^^^^^^^^^^^^^^^^^^^^
  File "/opt/venv/lib/python3.14/site-packages/aiohttp/connector.py", line 1538, in _create_direct_connection
    raise ClientConnectorDNSError(req.connection_key, exc) from exc
aiohttp.client_exceptions.ClientConnectorDNSError: Cannot connect to host gateway-us-east1-b.discord.gg:443 ssl:default [Try again]
[2026-02-20 15:57:03] ERROR discord.shard: Attempting a reconnect for shard ID 0 in 3.00s
Traceback (most recent call last):
  File "/opt/venv/lib/python3.14/site-packages/aiohttp/connector.py", line 1532, in _create_direct_connection
    hosts = await self._resolve_host(host, port, traces=traces)
            ^^^^^^^^^^^^^^^^^^^^^^^^^^^^^^^^^^^^^^^^^^^^^^^^^^^
  File "/opt/venv/lib/python3.14/site-packages/aiohttp/connector.py", line 1148, in _resolve_host
    return await asyncio.shield(resolved_host_task)
           ^^^^^^^^^^^^^^^^^^^^^^^^^^^^^^^^^^^^^^^^
  File "/opt/venv/lib/python3.14/site-packages/aiohttp/connector.py", line 1179, in _resolve_host_with_throttle
    addrs = await self._resolver.resolve(host, port, family=self._family)
            ^^^^^^^^^^^^^^^^^^^^^^^^^^^^^^^^^^^^^^^^^^^^^^^^^^^^^^^^^^^^^
  File "/opt/venv/lib/python3.14/site-packages/aiohttp/resolver.py", line 40, in resolve
    infos = await self._loop.getaddrinfo(
            ^^^^^^^^^^^^^^^^^^^^^^^^^^^^^
    ...<5 lines>...
    )
    ^
  File "/usr/local/lib/python3.14/asyncio/base_events.py", line 936, in getaddrinfo
    return await self.run_in_executor(
           ^^^^^^^^^^^^^^^^^^^^^^^^^^^
        None, getaddr_func, host, port, family, type, proto, flags)
        ^^^^^^^^^^^^^^^^^^^^^^^^^^^^^^^^^^^^^^^^^^^^^^^^^^^^^^^^^^^
  File "/usr/local/lib/python3.14/concurrent/futures/thread.py", line 86, in run
    result = ctx.run(self.task)
  File "/usr/local/lib/python3.14/concurrent/futures/thread.py", line 73, in run
    return fn(*args, **kwargs)
  File "/usr/local/lib/python3.14/socket.py", line 983, in getaddrinfo
    for res in _socket.getaddrinfo(host, port, family, type, proto, flags):
               ~~~~~~~~~~~~~~~~~~~^^^^^^^^^^^^^^^^^^^^^^^^^^^^^^^^^^^^^^^^
socket.gaierror: [Errno -3] Try again

The above exception was the direct cause of the following exception:

Traceback (most recent call last):
  File "/opt/venv/lib/python3.14/site-packages/discord/shard.py", line 219, in reconnect
    self.ws = await asyncio.wait_for(coro, timeout=60.0)
              ^^^^^^^^^^^^^^^^^^^^^^^^^^^^^^^^^^^^^^^^^^
  File "/usr/local/lib/python3.14/asyncio/tasks.py", line 488, in wait_for
    return await fut
           ^^^^^^^^^
  File "/opt/venv/lib/python3.14/site-packages/discord/gateway.py", line 383, in from_client
    socket = await client.http.ws_connect(str(url))
             ^^^^^^^^^^^^^^^^^^^^^^^^^^^^^^^^^^^^^^
  File "/opt/venv/lib/python3.14/site-packages/discord/http.py", line 566, in ws_connect
    return await self.__session.ws_connect(url, **kwargs)
           ^^^^^^^^^^^^^^^^^^^^^^^^^^^^^^^^^^^^^^^^^^^^^^
  File "/opt/venv/lib/python3.14/site-packages/aiohttp/client.py", line 1076, in _ws_connect
    resp = await self.request(
           ^^^^^^^^^^^^^^^^^^^
    ...<11 lines>...
    )
    ^
  File "/opt/venv/lib/python3.14/site-packages/aiohttp/client.py", line 779, in _request
    resp = await handler(req)
           ^^^^^^^^^^^^^^^^^^
  File "/opt/venv/lib/python3.14/site-packages/aiohttp/client.py", line 734, in _connect_and_send_request
    conn = await self._connector.connect(
           ^^^^^^^^^^^^^^^^^^^^^^^^^^^^^^
        req, traces=traces, timeout=real_timeout
        ^^^^^^^^^^^^^^^^^^^^^^^^^^^^^^^^^^^^^^^^
    )
    ^
  File "/opt/venv/lib/python3.14/site-packages/aiohttp/connector.py", line 642, in connect
    proto = await self._create_connection(req, traces, timeout)
            ^^^^^^^^^^^^^^^^^^^^^^^^^^^^^^^^^^^^^^^^^^^^^^^^^^^
  File "/opt/venv/lib/python3.14/site-packages/aiohttp/connector.py", line 1209, in _create_connection
    _, proto = await self._create_direct_connection(req, traces, timeout)
               ^^^^^^^^^^^^^^^^^^^^^^^^^^^^^^^^^^^^^^^^^^^^^^^^^^^^^^^^^^
  File "/opt/venv/lib/python3.14/site-packages/aiohttp/connector.py", line 1538, in _create_direct_connection
    raise ClientConnectorDNSError(req.connection_key, exc) from exc
aiohttp.client_exceptions.ClientConnectorDNSError: Cannot connect to host gateway.discord.gg:443 ssl:default [Try again]
[2026-02-20 15:57:11] ERROR discord.shard: Attempting a reconnect for shard ID 0 in 5.65s
Traceback (most recent call last):
  File "/opt/venv/lib/python3.14/site-packages/aiohttp/connector.py", line 1532, in _create_direct_connection
    hosts = await self._resolve_host(host, port, traces=traces)
            ^^^^^^^^^^^^^^^^^^^^^^^^^^^^^^^^^^^^^^^^^^^^^^^^^^^
  File "/opt/venv/lib/python3.14/site-packages/aiohttp/connector.py", line 1148, in _resolve_host
    return await asyncio.shield(resolved_host_task)
           ^^^^^^^^^^^^^^^^^^^^^^^^^^^^^^^^^^^^^^^^
  File "/opt/venv/lib/python3.14/site-packages/aiohttp/connector.py", line 1179, in _resolve_host_with_throttle
    addrs = await self._resolver.resolve(host, port, family=self._family)
            ^^^^^^^^^^^^^^^^^^^^^^^^^^^^^^^^^^^^^^^^^^^^^^^^^^^^^^^^^^^^^
  File "/opt/venv/lib/python3.14/site-packages/aiohttp/resolver.py", line 40, in resolve
    infos = await self._loop.getaddrinfo(
            ^^^^^^^^^^^^^^^^^^^^^^^^^^^^^
    ...<5 lines>...
    )
    ^
  File "/usr/local/lib/python3.14/asyncio/base_events.py", line 936, in getaddrinfo
    return await self.run_in_executor(
           ^^^^^^^^^^^^^^^^^^^^^^^^^^^
        None, getaddr_func, host, port, family, type, proto, flags)
        ^^^^^^^^^^^^^^^^^^^^^^^^^^^^^^^^^^^^^^^^^^^^^^^^^^^^^^^^^^^
  File "/usr/local/lib/python3.14/concurrent/futures/thread.py", line 86, in run
    result = ctx.run(self.task)
  File "/usr/local/lib/python3.14/concurrent/futures/thread.py", line 73, in run
    return fn(*args, **kwargs)
  File "/usr/local/lib/python3.14/socket.py", line 983, in getaddrinfo
    for res in _socket.getaddrinfo(host, port, family, type, proto, flags):
               ~~~~~~~~~~~~~~~~~~~^^^^^^^^^^^^^^^^^^^^^^^^^^^^^^^^^^^^^^^^
socket.gaierror: [Errno -3] Try again

The above exception was the direct cause of the following exception:

Traceback (most recent call last):
  File "/opt/venv/lib/python3.14/site-packages/discord/shard.py", line 219, in reconnect
    self.ws = await asyncio.wait_for(coro, timeout=60.0)
              ^^^^^^^^^^^^^^^^^^^^^^^^^^^^^^^^^^^^^^^^^^
  File "/usr/local/lib/python3.14/asyncio/tasks.py", line 488, in wait_for
    return await fut
           ^^^^^^^^^
  File "/opt/venv/lib/python3.14/site-packages/discord/gateway.py", line 383, in from_client
    socket = await client.http.ws_connect(str(url))
             ^^^^^^^^^^^^^^^^^^^^^^^^^^^^^^^^^^^^^^
  File "/opt/venv/lib/python3.14/site-packages/discord/http.py", line 566, in ws_connect
    return await self.__session.ws_connect(url, **kwargs)
           ^^^^^^^^^^^^^^^^^^^^^^^^^^^^^^^^^^^^^^^^^^^^^^
  File "/opt/venv/lib/python3.14/site-packages/aiohttp/client.py", line 1076, in _ws_connect
    resp = await self.request(
           ^^^^^^^^^^^^^^^^^^^
    ...<11 lines>...
    )
    ^
  File "/opt/venv/lib/python3.14/site-packages/aiohttp/client.py", line 779, in _request
    resp = await handler(req)
           ^^^^^^^^^^^^^^^^^^
  File "/opt/venv/lib/python3.14/site-packages/aiohttp/client.py", line 734, in _connect_and_send_request
    conn = await self._connector.connect(
           ^^^^^^^^^^^^^^^^^^^^^^^^^^^^^^
        req, traces=traces, timeout=real_timeout
        ^^^^^^^^^^^^^^^^^^^^^^^^^^^^^^^^^^^^^^^^
    )
    ^
  File "/opt/venv/lib/python3.14/site-packages/aiohttp/connector.py", line 642, in connect
    proto = await self._create_connection(req, traces, timeout)
            ^^^^^^^^^^^^^^^^^^^^^^^^^^^^^^^^^^^^^^^^^^^^^^^^^^^
  File "/opt/venv/lib/python3.14/site-packages/aiohttp/connector.py", line 1209, in _create_connection
    _, proto = await self._create_direct_connection(req, traces, timeout)
               ^^^^^^^^^^^^^^^^^^^^^^^^^^^^^^^^^^^^^^^^^^^^^^^^^^^^^^^^^^
  File "/opt/venv/lib/python3.14/site-packages/aiohttp/connector.py", line 1538, in _create_direct_connection
    raise ClientConnectorDNSError(req.connection_key, exc) from exc
aiohttp.client_exceptions.ClientConnectorDNSError: Cannot connect to host gateway.discord.gg:443 ssl:default [Try again]
[2026-02-20 15:57:22] ERROR discord.shard: Attempting a reconnect for shard ID 0 in 13.66s
Traceback (most recent call last):
  File "/opt/venv/lib/python3.14/site-packages/aiohttp/connector.py", line 1532, in _create_direct_connection
    hosts = await self._resolve_host(host, port, traces=traces)
            ^^^^^^^^^^^^^^^^^^^^^^^^^^^^^^^^^^^^^^^^^^^^^^^^^^^
  File "/opt/venv/lib/python3.14/site-packages/aiohttp/connector.py", line 1148, in _resolve_host
    return await asyncio.shield(resolved_host_task)
           ^^^^^^^^^^^^^^^^^^^^^^^^^^^^^^^^^^^^^^^^
  File "/opt/venv/lib/python3.14/site-packages/aiohttp/connector.py", line 1179, in _resolve_host_with_throttle
    addrs = await self._resolver.resolve(host, port, family=self._family)
            ^^^^^^^^^^^^^^^^^^^^^^^^^^^^^^^^^^^^^^^^^^^^^^^^^^^^^^^^^^^^^
  File "/opt/venv/lib/python3.14/site-packages/aiohttp/resolver.py", line 40, in resolve
    infos = await self._loop.getaddrinfo(
            ^^^^^^^^^^^^^^^^^^^^^^^^^^^^^
    ...<5 lines>...
    )
    ^
  File "/usr/local/lib/python3.14/asyncio/base_events.py", line 936, in getaddrinfo
    return await self.run_in_executor(
           ^^^^^^^^^^^^^^^^^^^^^^^^^^^
        None, getaddr_func, host, port, family, type, proto, flags)
        ^^^^^^^^^^^^^^^^^^^^^^^^^^^^^^^^^^^^^^^^^^^^^^^^^^^^^^^^^^^
  File "/usr/local/lib/python3.14/concurrent/futures/thread.py", line 86, in run
    result = ctx.run(self.task)
  File "/usr/local/lib/python3.14/concurrent/futures/thread.py", line 73, in run
    return fn(*args, **kwargs)
  File "/usr/local/lib/python3.14/socket.py", line 983, in getaddrinfo
    for res in _socket.getaddrinfo(host, port, family, type, proto, flags):
               ~~~~~~~~~~~~~~~~~~~^^^^^^^^^^^^^^^^^^^^^^^^^^^^^^^^^^^^^^^^
socket.gaierror: [Errno -3] Try again

The above exception was the direct cause of the following exception:

Traceback (most recent call last):
  File "/opt/venv/lib/python3.14/site-packages/discord/shard.py", line 219, in reconnect
    self.ws = await asyncio.wait_for(coro, timeout=60.0)
              ^^^^^^^^^^^^^^^^^^^^^^^^^^^^^^^^^^^^^^^^^^
  File "/usr/local/lib/python3.14/asyncio/tasks.py", line 488, in wait_for
    return await fut
           ^^^^^^^^^
  File "/opt/venv/lib/python3.14/site-packages/discord/gateway.py", line 383, in from_client
    socket = await client.http.ws_connect(str(url))
             ^^^^^^^^^^^^^^^^^^^^^^^^^^^^^^^^^^^^^^
  File "/opt/venv/lib/python3.14/site-packages/discord/http.py", line 566, in ws_connect
    return await self.__session.ws_connect(url, **kwargs)
           ^^^^^^^^^^^^^^^^^^^^^^^^^^^^^^^^^^^^^^^^^^^^^^
  File "/opt/venv/lib/python3.14/site-packages/aiohttp/client.py", line 1076, in _ws_connect
    resp = await self.request(
           ^^^^^^^^^^^^^^^^^^^
    ...<11 lines>...
    )
    ^
  File "/opt/venv/lib/python3.14/site-packages/aiohttp/client.py", line 779, in _request
    resp = await handler(req)
           ^^^^^^^^^^^^^^^^^^
  File "/opt/venv/lib/python3.14/site-packages/aiohttp/client.py", line 734, in _connect_and_send_request
    conn = await self._connector.connect(
           ^^^^^^^^^^^^^^^^^^^^^^^^^^^^^^
        req, traces=traces, timeout=real_timeout
        ^^^^^^^^^^^^^^^^^^^^^^^^^^^^^^^^^^^^^^^^
    )
    ^
  File "/opt/venv/lib/python3.14/site-packages/aiohttp/connector.py", line 642, in connect
    proto = await self._create_connection(req, traces, timeout)
            ^^^^^^^^^^^^^^^^^^^^^^^^^^^^^^^^^^^^^^^^^^^^^^^^^^^
  File "/opt/venv/lib/python3.14/site-packages/aiohttp/connector.py", line 1209, in _create_connection
    _, proto = await self._create_direct_connection(req, traces, timeout)
               ^^^^^^^^^^^^^^^^^^^^^^^^^^^^^^^^^^^^^^^^^^^^^^^^^^^^^^^^^^
  File "/opt/venv/lib/python3.14/site-packages/aiohttp/connector.py", line 1538, in _create_direct_connection
    raise ClientConnectorDNSError(req.connection_key, exc) from exc
aiohttp.client_exceptions.ClientConnectorDNSError: Cannot connect to host gateway.discord.gg:443 ssl:default [Try again]
[2026-02-20 15:57:40] ERROR discord.shard: Attempting a reconnect for shard ID 0 in 20.02s
Traceback (most recent call last):
  File "/opt/venv/lib/python3.14/site-packages/aiohttp/connector.py", line 1532, in _create_direct_connection
    hosts = await self._resolve_host(host, port, traces=traces)
            ^^^^^^^^^^^^^^^^^^^^^^^^^^^^^^^^^^^^^^^^^^^^^^^^^^^
  File "/opt/venv/lib/python3.14/site-packages/aiohttp/connector.py", line 1148, in _resolve_host
    return await asyncio.shield(resolved_host_task)
           ^^^^^^^^^^^^^^^^^^^^^^^^^^^^^^^^^^^^^^^^
  File "/opt/venv/lib/python3.14/site-packages/aiohttp/connector.py", line 1179, in _resolve_host_with_throttle
    addrs = await self._resolver.resolve(host, port, family=self._family)
            ^^^^^^^^^^^^^^^^^^^^^^^^^^^^^^^^^^^^^^^^^^^^^^^^^^^^^^^^^^^^^
  File "/opt/venv/lib/python3.14/site-packages/aiohttp/resolver.py", line 40, in resolve
    infos = await self._loop.getaddrinfo(
            ^^^^^^^^^^^^^^^^^^^^^^^^^^^^^
    ...<5 lines>...
    )
    ^
  File "/usr/local/lib/python3.14/asyncio/base_events.py", line 936, in getaddrinfo
    return await self.run_in_executor(
           ^^^^^^^^^^^^^^^^^^^^^^^^^^^
        None, getaddr_func, host, port, family, type, proto, flags)
        ^^^^^^^^^^^^^^^^^^^^^^^^^^^^^^^^^^^^^^^^^^^^^^^^^^^^^^^^^^^
  File "/usr/local/lib/python3.14/concurrent/futures/thread.py", line 86, in run
    result = ctx.run(self.task)
  File "/usr/local/lib/python3.14/concurrent/futures/thread.py", line 73, in run
    return fn(*args, **kwargs)
  File "/usr/local/lib/python3.14/socket.py", line 983, in getaddrinfo
    for res in _socket.getaddrinfo(host, port, family, type, proto, flags):
               ~~~~~~~~~~~~~~~~~~~^^^^^^^^^^^^^^^^^^^^^^^^^^^^^^^^^^^^^^^^
socket.gaierror: [Errno -3] Try again

The above exception was the direct cause of the following exception:

Traceback (most recent call last):
  File "/opt/venv/lib/python3.14/site-packages/discord/shard.py", line 219, in reconnect
    self.ws = await asyncio.wait_for(coro, timeout=60.0)
              ^^^^^^^^^^^^^^^^^^^^^^^^^^^^^^^^^^^^^^^^^^
  File "/usr/local/lib/python3.14/asyncio/tasks.py", line 488, in wait_for
    return await fut
           ^^^^^^^^^
  File "/opt/venv/lib/python3.14/site-packages/discord/gateway.py", line 383, in from_client
    socket = await client.http.ws_connect(str(url))
             ^^^^^^^^^^^^^^^^^^^^^^^^^^^^^^^^^^^^^^
  File "/opt/venv/lib/python3.14/site-packages/discord/http.py", line 566, in ws_connect
    return await self.__session.ws_connect(url, **kwargs)
           ^^^^^^^^^^^^^^^^^^^^^^^^^^^^^^^^^^^^^^^^^^^^^^
  File "/opt/venv/lib/python3.14/site-packages/aiohttp/client.py", line 1076, in _ws_connect
    resp = await self.request(
           ^^^^^^^^^^^^^^^^^^^
    ...<11 lines>...
    )
    ^
  File "/opt/venv/lib/python3.14/site-packages/aiohttp/client.py", line 779, in _request
    resp = await handler(req)
           ^^^^^^^^^^^^^^^^^^
  File "/opt/venv/lib/python3.14/site-packages/aiohttp/client.py", line 734, in _connect_and_send_request
    conn = await self._connector.connect(
           ^^^^^^^^^^^^^^^^^^^^^^^^^^^^^^
        req, traces=traces, timeout=real_timeout
        ^^^^^^^^^^^^^^^^^^^^^^^^^^^^^^^^^^^^^^^^
    )
    ^
  File "/opt/venv/lib/python3.14/site-packages/aiohttp/connector.py", line 642, in connect
    proto = await self._create_connection(req, traces, timeout)
            ^^^^^^^^^^^^^^^^^^^^^^^^^^^^^^^^^^^^^^^^^^^^^^^^^^^
  File "/opt/venv/lib/python3.14/site-packages/aiohttp/connector.py", line 1209, in _create_connection
    _, proto = await self._create_direct_connection(req, traces, timeout)
               ^^^^^^^^^^^^^^^^^^^^^^^^^^^^^^^^^^^^^^^^^^^^^^^^^^^^^^^^^^
  File "/opt/venv/lib/python3.14/site-packages/aiohttp/connector.py", line 1538, in _create_direct_connection
    raise ClientConnectorDNSError(req.connection_key, exc) from exc
aiohttp.client_exceptions.ClientConnectorDNSError: Cannot connect to host gateway.discord.gg:443 ssl:default [Try again]
[2026-02-20 15:58:05] ERROR discord.shard: Attempting a reconnect for shard ID 0 in 13.55s
Traceback (most recent call last):
  File "/opt/venv/lib/python3.14/site-packages/aiohttp/connector.py", line 1532, in _create_direct_connection
    hosts = await self._resolve_host(host, port, traces=traces)
            ^^^^^^^^^^^^^^^^^^^^^^^^^^^^^^^^^^^^^^^^^^^^^^^^^^^
  File "/opt/venv/lib/python3.14/site-packages/aiohttp/connector.py", line 1148, in _resolve_host
    return await asyncio.shield(resolved_host_task)
           ^^^^^^^^^^^^^^^^^^^^^^^^^^^^^^^^^^^^^^^^
  File "/opt/venv/lib/python3.14/site-packages/aiohttp/connector.py", line 1179, in _resolve_host_with_throttle
    addrs = await self._resolver.resolve(host, port, family=self._family)
            ^^^^^^^^^^^^^^^^^^^^^^^^^^^^^^^^^^^^^^^^^^^^^^^^^^^^^^^^^^^^^
  File "/opt/venv/lib/python3.14/site-packages/aiohttp/resolver.py", line 40, in resolve
    infos = await self._loop.getaddrinfo(
            ^^^^^^^^^^^^^^^^^^^^^^^^^^^^^
    ...<5 lines>...
    )
    ^
  File "/usr/local/lib/python3.14/asyncio/base_events.py", line 936, in getaddrinfo
    return await self.run_in_executor(
           ^^^^^^^^^^^^^^^^^^^^^^^^^^^
        None, getaddr_func, host, port, family, type, proto, flags)
        ^^^^^^^^^^^^^^^^^^^^^^^^^^^^^^^^^^^^^^^^^^^^^^^^^^^^^^^^^^^
  File "/usr/local/lib/python3.14/concurrent/futures/thread.py", line 86, in run
    result = ctx.run(self.task)
  File "/usr/local/lib/python3.14/concurrent/futures/thread.py", line 73, in run
    return fn(*args, **kwargs)
  File "/usr/local/lib/python3.14/socket.py", line 983, in getaddrinfo
    for res in _socket.getaddrinfo(host, port, family, type, proto, flags):
               ~~~~~~~~~~~~~~~~~~~^^^^^^^^^^^^^^^^^^^^^^^^^^^^^^^^^^^^^^^^
socket.gaierror: [Errno -3] Try again

The above exception was the direct cause of the following exception:

Traceback (most recent call last):
  File "/opt/venv/lib/python3.14/site-packages/discord/shard.py", line 219, in reconnect
    self.ws = await asyncio.wait_for(coro, timeout=60.0)
              ^^^^^^^^^^^^^^^^^^^^^^^^^^^^^^^^^^^^^^^^^^
  File "/usr/local/lib/python3.14/asyncio/tasks.py", line 488, in wait_for
    return await fut
           ^^^^^^^^^
  File "/opt/venv/lib/python3.14/site-packages/discord/gateway.py", line 383, in from_client
    socket = await client.http.ws_connect(str(url))
             ^^^^^^^^^^^^^^^^^^^^^^^^^^^^^^^^^^^^^^
  File "/opt/venv/lib/python3.14/site-packages/discord/http.py", line 566, in ws_connect
    return await self.__session.ws_connect(url, **kwargs)
           ^^^^^^^^^^^^^^^^^^^^^^^^^^^^^^^^^^^^^^^^^^^^^^
  File "/opt/venv/lib/python3.14/site-packages/aiohttp/client.py", line 1076, in _ws_connect
    resp = await self.request(
           ^^^^^^^^^^^^^^^^^^^
    ...<11 lines>...
    )
    ^
  File "/opt/venv/lib/python3.14/site-packages/aiohttp/client.py", line 779, in _request
    resp = await handler(req)
           ^^^^^^^^^^^^^^^^^^
  File "/opt/venv/lib/python3.14/site-packages/aiohttp/client.py", line 734, in _connect_and_send_request
    conn = await self._connector.connect(
           ^^^^^^^^^^^^^^^^^^^^^^^^^^^^^^
        req, traces=traces, timeout=real_timeout
        ^^^^^^^^^^^^^^^^^^^^^^^^^^^^^^^^^^^^^^^^
    )
    ^
  File "/opt/venv/lib/python3.14/site-packages/aiohttp/connector.py", line 642, in connect
    proto = await self._create_connection(req, traces, timeout)
            ^^^^^^^^^^^^^^^^^^^^^^^^^^^^^^^^^^^^^^^^^^^^^^^^^^^
  File "/opt/venv/lib/python3.14/site-packages/aiohttp/connector.py", line 1209, in _create_connection
    _, proto = await self._create_direct_connection(req, traces, timeout)
               ^^^^^^^^^^^^^^^^^^^^^^^^^^^^^^^^^^^^^^^^^^^^^^^^^^^^^^^^^^
  File "/opt/venv/lib/python3.14/site-packages/aiohttp/connector.py", line 1538, in _create_direct_connection
    raise ClientConnectorDNSError(req.connection_key, exc) from exc
aiohttp.client_exceptions.ClientConnectorDNSError: Cannot connect to host gateway.discord.gg:443 ssl:default [Try again]
[2026-02-20 15:58:25] INFO discord.gateway: Shard ID 0 has connected to Gateway (Session ID: 6bab6f92a0e40696fe4037437ba640bf).
[2026-02-20 16:37:26] INFO discord.gateway: Shard ID 0 has successfully RESUMED session 6bab6f92a0e40696fe4037437ba640bf.
[2026-02-20 19:22:36] INFO discord.gateway: Shard ID 0 has successfully RESUMED session 6bab6f92a0e40696fe4037437ba640bf.
[2026-02-20 20:13:09] INFO discord.gateway: Shard ID 0 has successfully RESUMED session 6bab6f92a0e40696fe4037437ba640bf.
[2026-02-20 21:15:24] INFO discord.gateway: Shard ID 0 has successfully RESUMED session 6bab6f92a0e40696fe4037437ba640bf.
[2026-02-20 21:41:38] INFO discord.gateway: Shard ID 0 has successfully RESUMED session 6bab6f92a0e40696fe4037437ba640bf.
[2026-02-21 00:23:42] INFO discord.gateway: Shard ID 0 has successfully RESUMED session 6bab6f92a0e40696fe4037437ba640bf.
[2026-02-21 00:30:32] INFO discord.gateway: Shard ID 0 has successfully RESUMED session 6bab6f92a0e40696fe4037437ba640bf.
[2026-02-21 02:17:13] INFO discord.gateway: Shard ID 0 has successfully RESUMED session 6bab6f92a0e40696fe4037437ba640bf.
[2026-02-22 18:48:30] INFO uvicorn.error: Started server process [1]
[2026-02-22 18:48:30] INFO uvicorn.error: Waiting for application startup.
[2026-02-22 18:48:30] INFO uvicorn.error: ASGI 'lifespan' protocol appears unsupported.
[2026-02-22 18:48:30] INFO uvicorn.error: Application startup complete.
[2026-02-22 18:48:30] INFO uvicorn.error: Uvicorn running on http://0.0.0.0:8000 (Press CTRL+C to quit)
[2026-02-22 18:48:31] INFO settings.apps: Settings read successfully.
[2026-02-22 18:48:31] INFO ballsdex: Initialized bot, connecting to Discord...
[2026-02-22 18:48:31] INFO discord.client: logging in using static token
[2026-02-22 18:48:32] INFO ballsdex.core.bot: Starting up with None shards...
[2026-02-22 18:48:34] INFO discord.gateway: Shard ID 0 has connected to Gateway (Session ID: bc536b50e5346bdd16b0dc8e0d178017).
[2026-02-22 18:48:36] INFO ballsdex.core.bot: Successfully logged in as OCDEX#2184 (1459614981937954931)!
[2026-02-22 18:48:36] INFO ballsdex.core.bot: lomadinthe2nd is the owner of this bot.
[2026-02-22 18:48:36] INFO ballsdex.core.bot: Cache loaded, summary displayed below:
[2026-02-22 18:48:36] INFO ballsdex.core.bot: Loading packages...
[2026-02-22 18:48:39] INFO ballsdex.packages.countryballs: Loaded 3 guilds in cache.
[2026-02-22 18:48:41] INFO ballsdex.core.bot: Packages loaded: admin, balls, guildconfig, countryballs, info, players, trade
[2026-02-22 18:48:41] INFO ballsdex.core.bot: Syncing global commands...
[2026-02-22 18:48:44] INFO ballsdex.core.bot: Synced 7 global commands.
[2026-02-22 18:49:17] INFO ballsdex.packages.admin.balls: lomadinthe2nd spawned object Acid Star in general-💬✺.
[2026-02-22 23:33:37] INFO discord.gateway: Shard ID 0 session has been invalidated.
[2026-02-22 23:33:43] INFO discord.gateway: Shard ID 0 has connected to Gateway (Session ID: 1ed9e0903e234432b2af85f17cf6926b).
[2026-02-23 00:10:23] INFO discord.gateway: Shard ID 0 has successfully RESUMED session 1ed9e0903e234432b2af85f17cf6926b.
[2026-02-23 00:40:56] INFO ballsdex.packages.admin.balls: lomadinthe2nd spawned object Acid Star in ocdex～💳.
[2026-02-23 03:43:57] INFO discord.gateway: Shard ID 0 has successfully RESUMED session 1ed9e0903e234432b2af85f17cf6926b.
[2026-02-23 04:50:12] INFO discord.gateway: Shard ID 0 has successfully RESUMED session 1ed9e0903e234432b2af85f17cf6926b.
[2026-02-23 04:51:04] INFO discord.gateway: Shard ID 0 has successfully RESUMED session 1ed9e0903e234432b2af85f17cf6926b.
[2026-02-23 07:45:38] INFO discord.gateway: Shard ID 0 has successfully RESUMED session 1ed9e0903e234432b2af85f17cf6926b.
[2026-02-23 10:05:16] INFO discord.gateway: Shard ID 0 has successfully RESUMED session 1ed9e0903e234432b2af85f17cf6926b.
[2026-02-23 11:49:14] INFO discord.gateway: Shard ID 0 has successfully RESUMED session 1ed9e0903e234432b2af85f17cf6926b.
[2026-02-23 13:48:39] INFO discord.gateway: Shard ID 0 has successfully RESUMED session 1ed9e0903e234432b2af85f17cf6926b.
[2026-02-23 17:21:59] INFO discord.gateway: Shard ID 0 has successfully RESUMED session 1ed9e0903e234432b2af85f17cf6926b.
[2026-02-23 17:43:25] INFO discord.gateway: Shard ID 0 has successfully RESUMED session 1ed9e0903e234432b2af85f17cf6926b.
[2026-02-23 21:03:37] INFO discord.gateway: Shard ID 0 has successfully RESUMED session 1ed9e0903e234432b2af85f17cf6926b.
[2026-02-24 00:20:51] INFO discord.gateway: Shard ID 0 has successfully RESUMED session 1ed9e0903e234432b2af85f17cf6926b.
[2026-02-24 03:30:31] INFO discord.gateway: Shard ID 0 has successfully RESUMED session 1ed9e0903e234432b2af85f17cf6926b.
[2026-02-24 05:02:24] INFO discord.gateway: Shard ID 0 has successfully RESUMED session 1ed9e0903e234432b2af85f17cf6926b.
[2026-02-24 05:37:26] INFO discord.gateway: Shard ID 0 has successfully RESUMED session 1ed9e0903e234432b2af85f17cf6926b.
[2026-02-24 08:58:33] INFO discord.gateway: Shard ID 0 has successfully RESUMED session 1ed9e0903e234432b2af85f17cf6926b.
[2026-02-24 11:41:18] INFO discord.gateway: Shard ID 0 has successfully RESUMED session 1ed9e0903e234432b2af85f17cf6926b.
[2026-02-24 14:27:46] INFO discord.gateway: Shard ID 0 has successfully RESUMED session 1ed9e0903e234432b2af85f17cf6926b.
[2026-02-24 16:42:35] INFO discord.gateway: Shard ID 0 has successfully RESUMED session 1ed9e0903e234432b2af85f17cf6926b.
[2026-02-24 18:27:12] INFO discord.gateway: Shard ID 0 has successfully RESUMED session 1ed9e0903e234432b2af85f17cf6926b.
[2026-02-24 19:55:56] INFO discord.gateway: Shard ID 0 has successfully RESUMED session 1ed9e0903e234432b2af85f17cf6926b.
[2026-02-24 20:16:23] INFO discord.gateway: Shard ID 0 has successfully RESUMED session 1ed9e0903e234432b2af85f17cf6926b.
[2026-02-24 21:54:12] INFO discord.gateway: Shard ID 0 has successfully RESUMED session 1ed9e0903e234432b2af85f17cf6926b.
[2026-02-24 22:20:34] INFO discord.gateway: Shard ID 0 has successfully RESUMED session 1ed9e0903e234432b2af85f17cf6926b.
[2026-02-25 00:41:26] INFO discord.gateway: Shard ID 0 has successfully RESUMED session 1ed9e0903e234432b2af85f17cf6926b.
[2026-02-25 01:58:35] INFO discord.gateway: Shard ID 0 has successfully RESUMED session 1ed9e0903e234432b2af85f17cf6926b.
[2026-02-25 23:25:44] WARNING discord.gateway: Shard ID 0 has stopped responding to the gateway. Closing and restarting.
[2026-02-25 23:25:58] INFO discord.gateway: Shard ID 0 session has been invalidated.
[2026-02-25 23:26:05] INFO discord.gateway: Shard ID 0 has connected to Gateway (Session ID: 09fe0e66d45318b989497f20acc86d32).
[2026-02-25 23:56:56] WARNING discord.gateway: Shard ID 0 heartbeat blocked for more than 10 seconds.
Loop thread traceback (most recent call last):
  File "<frozen runpy>", line 198, in _run_module_as_main
  File "<frozen runpy>", line 88, in _run_code
  File "/opt/venv/lib/python3.14/site-packages/ballsdex/__main__.py", line 15, in <module>
    main()
  File "/opt/venv/lib/python3.14/site-packages/ballsdex/__main__.py", line 11, in main
    execute_from_command_line(sys.argv)
  File "/opt/venv/lib/python3.14/site-packages/django/core/management/__init__.py", line 443, in execute_from_command_line
    utility.execute()
  File "/opt/venv/lib/python3.14/site-packages/django/core/management/__init__.py", line 437, in execute
    self.fetch_command(subcommand).run_from_argv(self.argv)
  File "/opt/venv/lib/python3.14/site-packages/django/core/management/base.py", line 416, in run_from_argv
    self.execute(*args, **cmd_options)
  File "/opt/venv/lib/python3.14/site-packages/django/core/management/base.py", line 460, in execute
    output = self.handle(*args, **options)
  File "/opt/venv/lib/python3.14/site-packages/bd_models/management/commands/startbot.py", line 352, in handle
    loop.run_forever()
  File "/usr/local/lib/python3.14/asyncio/base_events.py", line 677, in run_forever
    self._run_once()
  File "/usr/local/lib/python3.14/asyncio/base_events.py", line 2047, in _run_once
    handle = None  # Needed to break cycles when an exception occurs.
  File "/usr/local/lib/python3.14/asyncio/events.py", line 110, in _run
    self = None  # Needed to break cycles when an exception occurs.
  File "/opt/venv/lib/python3.14/site-packages/discord/gateway.py", line 679, in send_heartbeat
    await self.socket.send_str(utils._to_json(data))
  File "/opt/venv/lib/python3.14/site-packages/aiohttp/client_ws.py", line 245, in send_str
    await self._writer.send_frame(
  File "/opt/venv/lib/python3.14/site-packages/aiohttp/_websocket/writer.py", line 119, in send_frame
    if self._output_size > self._limit:
  File "/opt/venv/lib/python3.14/site-packages/aiohttp/_websocket/writer.py", line 172, in _write_websocket_frame
    self._output_size += header_len + msg_length
  File "/usr/local/lib/python3.14/asyncio/sslproto.py", line 222, in write
    self._ssl_protocol._write_appdata((data,))
  File "/usr/local/lib/python3.14/asyncio/sslproto.py", line 697, in _write_appdata
    self._do_write()
  File "/usr/local/lib/python3.14/asyncio/sslproto.py", line 716, in _do_write
    self._process_outgoing()
  File "/usr/local/lib/python3.14/asyncio/sslproto.py", line 723, in _process_outgoing
    self._control_app_writing()
  File "/usr/local/lib/python3.14/asyncio/selector_events.py", line 1082, in write
    return

[2026-02-25 23:56:58] INFO discord.gateway: Shard ID 0 has successfully RESUMED session 09fe0e66d45318b989497f20acc86d32.
[2026-02-26 00:32:02] ERROR discord.shard: Attempting a reconnect for shard ID 0 in 1.38s
Traceback (most recent call last):
  File "/opt/venv/lib/python3.14/site-packages/discord/shard.py", line 173, in worker
    await self.ws.poll_event()
  File "/opt/venv/lib/python3.14/site-packages/discord/gateway.py", line 635, in poll_event
    await self.received_message(msg.data)
  File "/opt/venv/lib/python3.14/site-packages/discord/gateway.py", line 540, in received_message
    await self.send_as_json(beat)
  File "/opt/venv/lib/python3.14/site-packages/discord/gateway.py", line 671, in send_as_json
    await self.send(utils._to_json(data))
  File "/opt/venv/lib/python3.14/site-packages/discord/gateway.py", line 667, in send
    await self.socket.send_str(data)
  File "/opt/venv/lib/python3.14/site-packages/aiohttp/client_ws.py", line 245, in send_str
    await self._writer.send_frame(
        data.encode("utf-8"), WSMsgType.TEXT, compress=compress
    )
  File "/opt/venv/lib/python3.14/site-packages/aiohttp/_websocket/writer.py", line 83, in send_frame
    self._write_websocket_frame(message, opcode, 0)
    ~~~~~~~~~~~~~~~~~~~~~~~~~~~^^^^^^^^^^^^^^^^^^^^
  File "/opt/venv/lib/python3.14/site-packages/aiohttp/_websocket/writer.py", line 151, in _write_websocket_frame
    raise ClientConnectionResetError("Cannot write to closing transport")
aiohttp.client_exceptions.ClientConnectionResetError: Cannot write to closing transport
[2026-02-26 00:32:12] INFO discord.gateway: Shard ID 0 has connected to Gateway (Session ID: 986bd26f22f0ac3723803561b34e2ae9).
[2026-02-26 01:12:39] INFO discord.gateway: Shard ID 0 has successfully RESUMED session 986bd26f22f0ac3723803561b34e2ae9.
[2026-02-26 02:47:28] INFO discord.gateway: Shard ID 0 has successfully RESUMED session 986bd26f22f0ac3723803561b34e2ae9.
[2026-02-26 03:18:40] INFO discord.gateway: Shard ID 0 has successfully RESUMED session 986bd26f22f0ac3723803561b34e2ae9.
[2026-02-26 05:46:07] INFO discord.gateway: Shard ID 0 has successfully RESUMED session 986bd26f22f0ac3723803561b34e2ae9.
[2026-02-26 06:16:54] INFO discord.gateway: Shard ID 0 has successfully RESUMED session 986bd26f22f0ac3723803561b34e2ae9.
[2026-02-26 06:32:08] INFO discord.gateway: Shard ID 0 has successfully RESUMED session 986bd26f22f0ac3723803561b34e2ae9.
[2026-02-26 10:03:04] INFO discord.gateway: Shard ID 0 has successfully RESUMED session 986bd26f22f0ac3723803561b34e2ae9.
[2026-02-26 11:03:48] INFO discord.gateway: Shard ID 0 has successfully RESUMED session 986bd26f22f0ac3723803561b34e2ae9.
[2026-02-26 14:51:44] INFO discord.gateway: Shard ID 0 has successfully RESUMED session 986bd26f22f0ac3723803561b34e2ae9.
[2026-02-26 15:42:07] INFO discord.gateway: Shard ID 0 has successfully RESUMED session 986bd26f22f0ac3723803561b34e2ae9.
[2026-02-26 17:13:25] INFO discord.gateway: Shard ID 0 has successfully RESUMED session 986bd26f22f0ac3723803561b34e2ae9.
[2026-02-26 21:55:01] WARNING discord.gateway: Shard ID 0 has stopped responding to the gateway. Closing and restarting.
[2026-02-26 21:56:42] INFO discord.gateway: Shard ID 0 session has been invalidated.
[2026-02-26 21:56:54] INFO discord.gateway: Shard ID 0 has connected to Gateway (Session ID: 09dba3f4d96a80ca33d6fb80b2316aaa).
[2026-02-27 00:43:52] INFO discord.gateway: Shard ID 0 has successfully RESUMED session 09dba3f4d96a80ca33d6fb80b2316aaa.
[2026-02-27 02:52:33] INFO discord.gateway: Shard ID 0 has successfully RESUMED session 09dba3f4d96a80ca33d6fb80b2316aaa.
[2026-02-27 05:47:33] INFO discord.gateway: Shard ID 0 has successfully RESUMED session 09dba3f4d96a80ca33d6fb80b2316aaa.
[2026-02-27 09:31:08] INFO discord.gateway: Shard ID 0 has successfully RESUMED session 09dba3f4d96a80ca33d6fb80b2316aaa.
[2026-02-27 10:56:11] INFO discord.gateway: Shard ID 0 has successfully RESUMED session 09dba3f4d96a80ca33d6fb80b2316aaa.
[2026-02-27 11:31:22] INFO discord.gateway: Shard ID 0 has successfully RESUMED session 09dba3f4d96a80ca33d6fb80b2316aaa.
[2026-02-27 13:40:56] INFO discord.gateway: Shard ID 0 has successfully RESUMED session 09dba3f4d96a80ca33d6fb80b2316aaa.
[2026-02-27 14:28:22] INFO discord.gateway: Shard ID 0 has successfully RESUMED session 09dba3f4d96a80ca33d6fb80b2316aaa.
[2026-02-27 14:34:01] INFO discord.gateway: Shard ID 0 has successfully RESUMED session 09dba3f4d96a80ca33d6fb80b2316aaa.
[2026-02-27 16:59:31] INFO discord.gateway: Shard ID 0 has successfully RESUMED session 09dba3f4d96a80ca33d6fb80b2316aaa.
[2026-02-27 20:34:38] INFO discord.gateway: Shard ID 0 has successfully RESUMED session 09dba3f4d96a80ca33d6fb80b2316aaa.
[2026-02-27 21:15:02] INFO discord.gateway: Shard ID 0 has successfully RESUMED session 09dba3f4d96a80ca33d6fb80b2316aaa.
[2026-02-27 21:32:52] INFO discord.gateway: Shard ID 0 has successfully RESUMED session 09dba3f4d96a80ca33d6fb80b2316aaa.
[2026-02-27 21:56:01] INFO discord.gateway: Shard ID 0 has successfully RESUMED session 09dba3f4d96a80ca33d6fb80b2316aaa.
[2026-02-27 22:33:38] INFO discord.gateway: Shard ID 0 has successfully RESUMED session 09dba3f4d96a80ca33d6fb80b2316aaa.
[2026-02-27 23:27:21] INFO discord.gateway: Shard ID 0 has successfully RESUMED session 09dba3f4d96a80ca33d6fb80b2316aaa.
[2026-02-27 23:46:16] INFO discord.gateway: Shard ID 0 has successfully RESUMED session 09dba3f4d96a80ca33d6fb80b2316aaa.
[2026-02-28 01:33:08] INFO discord.gateway: Shard ID 0 has successfully RESUMED session 09dba3f4d96a80ca33d6fb80b2316aaa.
[2026-02-28 05:05:06] INFO discord.gateway: Shard ID 0 has successfully RESUMED session 09dba3f4d96a80ca33d6fb80b2316aaa.
[2026-02-28 06:24:33] INFO discord.gateway: Shard ID 0 has successfully RESUMED session 09dba3f4d96a80ca33d6fb80b2316aaa.
[2026-02-28 10:03:08] INFO discord.gateway: Shard ID 0 has successfully RESUMED session 09dba3f4d96a80ca33d6fb80b2316aaa.
[2026-02-28 11:07:06] INFO discord.gateway: Shard ID 0 has successfully RESUMED session 09dba3f4d96a80ca33d6fb80b2316aaa.
[2026-02-28 12:17:38] INFO discord.gateway: Shard ID 0 has successfully RESUMED session 09dba3f4d96a80ca33d6fb80b2316aaa.
[2026-02-28 12:35:21] INFO discord.gateway: Shard ID 0 has successfully RESUMED session 09dba3f4d96a80ca33d6fb80b2316aaa.
[2026-02-28 21:47:07] INFO discord.gateway: Shard ID 0 session has been invalidated.
[2026-02-28 21:47:14] INFO discord.gateway: Shard ID 0 has connected to Gateway (Session ID: e2f708961f3d630606424b6bb2b2bb74).
[2026-02-28 22:37:30] INFO discord.gateway: Shard ID 0 has successfully RESUMED session e2f708961f3d630606424b6bb2b2bb74.
[2026-02-28 23:09:22] WARNING discord.gateway: Can't keep up, shard ID 0 websocket is 14.8s behind.
[2026-02-28 23:09:22] WARNING discord.gateway: Can't keep up, shard ID 0 websocket is 14.8s behind.
[2026-03-01 00:33:20] INFO discord.gateway: Shard ID 0 has successfully RESUMED session e2f708961f3d630606424b6bb2b2bb74.
[2026-03-01 04:31:53] INFO discord.gateway: Shard ID 0 has successfully RESUMED session e2f708961f3d630606424b6bb2b2bb74.
[2026-03-01 06:15:38] INFO discord.gateway: Shard ID 0 has successfully RESUMED session e2f708961f3d630606424b6bb2b2bb74.
[2026-03-01 06:39:32] INFO discord.gateway: Shard ID 0 has successfully RESUMED session e2f708961f3d630606424b6bb2b2bb74.
[2026-03-01 10:25:57] INFO discord.gateway: Shard ID 0 has successfully RESUMED session e2f708961f3d630606424b6bb2b2bb74.
[2026-03-01 13:25:22] INFO discord.gateway: Shard ID 0 has successfully RESUMED session e2f708961f3d630606424b6bb2b2bb74.
[2026-03-01 13:42:31] INFO ballsdex: Received SIGTERM, stopping the bot...
[2026-03-01 13:42:31] INFO uvicorn.error: Shutting down
[2026-03-01 13:42:32] INFO uvicorn.error: Finished server process [1]
[2026-03-01 13:43:23] INFO uvicorn.error: Started server process [1]
[2026-03-01 13:43:23] INFO uvicorn.error: Waiting for application startup.
[2026-03-01 13:43:23] INFO uvicorn.error: ASGI 'lifespan' protocol appears unsupported.
[2026-03-01 13:43:23] INFO uvicorn.error: Application startup complete.
[2026-03-01 13:43:23] INFO uvicorn.error: Uvicorn running on http://0.0.0.0:8000 (Press CTRL+C to quit)
[2026-03-01 13:43:23] INFO settings.apps: Settings read successfully.
[2026-03-01 13:43:24] INFO ballsdex: Initialized bot, connecting to Discord...
[2026-03-01 13:43:24] INFO discord.client: logging in using static token
[2026-03-01 13:43:24] INFO ballsdex.core.bot: Starting up with None shards...
[2026-03-01 13:43:25] INFO discord.gateway: Shard ID 0 has connected to Gateway (Session ID: c416ea01fc07ceabc8096102e34849ee).
[2026-03-01 13:43:27] INFO ballsdex.core.bot: Successfully logged in as OCDEX#2184 (1459614981937954931)!
[2026-03-01 13:43:27] INFO ballsdex.core.bot: lomadinthe2nd is the owner of this bot.
[2026-03-01 13:43:27] INFO ballsdex.core.bot: Cache loaded, summary displayed below:
[2026-03-01 13:43:27] INFO ballsdex.core.bot: Loading packages...
[2026-03-01 13:43:29] INFO ballsdex.packages.countryballs: Loaded 4 guilds in cache.
[2026-03-01 13:43:30] INFO ballsdex.core.bot: Packages loaded: admin, balls, guildconfig, countryballs, info, players, trade
[2026-03-01 13:43:30] INFO ballsdex.core.bot: Syncing global commands...
[2026-03-01 13:43:32] INFO ballsdex.core.bot: Synced 7 global commands.
[2026-03-01 13:43:37] INFO uvicorn.access: 172.19.0.3:36270 - "GET / HTTP/1.0" 302
[2026-03-01 13:43:38] INFO uvicorn.access: 172.19.0.3:36282 - "GET /login/?next=/ HTTP/1.0" 200
[2026-03-01 13:43:46] WARNING django.request: Not Found: /favicon.ico
[2026-03-01 13:43:46] INFO uvicorn.access: 172.19.0.3:53046 - "GET /favicon.ico HTTP/1.0" 404
[2026-03-01 13:44:35] INFO uvicorn.access: 172.19.0.3:56004 - "GET / HTTP/1.0" 302
[2026-03-01 13:44:35] INFO uvicorn.access: 172.19.0.3:56020 - "GET /login/?next=/ HTTP/1.0" 200
[2026-03-01 13:44:53] INFO uvicorn.access: 172.19.0.3:35990 - "GET / HTTP/1.0" 302
[2026-03-01 13:44:53] INFO uvicorn.access: 172.19.0.3:36002 - "GET /login/?next=/ HTTP/1.0" 200
[2026-03-01 13:44:54] WARNING django.request: Not Found: /favicon.ico
[2026-03-01 13:44:54] INFO uvicorn.access: 172.19.0.3:36012 - "GET /favicon.ico HTTP/1.0" 404
[2026-03-01 13:45:45] INFO uvicorn.access: 172.19.0.3:53758 - "GET /login/discord/ HTTP/1.0" 302
[2026-03-01 13:46:28] INFO uvicorn.access: 172.19.0.3:45860 - "GET /login/?next=/ HTTP/1.0" 200
[2026-03-01 13:46:31] INFO uvicorn.access: 172.19.0.3:39600 - "GET /login/discord/ HTTP/1.0" 302
[2026-03-01 13:47:18] INFO uvicorn.access: 172.19.0.3:34072 - "GET /complete/discord/?code=lbFZtyrhYr4m6pkviyCA7aFLWfKEEE&state=qREMii1R6SsTX6FpPNd5211iR0GhBVmo HTTP/1.0" 302
[2026-03-01 13:47:18] INFO uvicorn.access: 172.19.0.3:34082 - "GET / HTTP/1.0" 200
[2026-03-01 13:47:25] INFO uvicorn.access: 172.19.0.3:42098 - "GET /bd_models/ball/ HTTP/1.0" 200
[2026-03-01 13:47:25] INFO uvicorn.access: 172.19.0.3:42102 - "GET /jsi18n/ HTTP/1.0" 200
[2026-03-01 13:47:40] INFO uvicorn.access: 172.19.0.3:44614 - "GET /bd_models/ball/add/ HTTP/1.0" 200
[2026-03-01 13:47:40] INFO uvicorn.access: 172.19.0.3:44628 - "GET /jsi18n/ HTTP/1.0" 200
[2026-03-01 13:50:23] INFO uvicorn.access: 172.19.0.3:58634 - "GET /autocomplete/?app_label=bd_models&model_name=ball&field_name=economy HTTP/1.0" 200
[2026-03-01 13:50:24] INFO uvicorn.access: 172.19.0.3:58636 - "GET /autocomplete/?app_label=bd_models&model_name=ball&field_name=regime HTTP/1.0" 200
[2026-03-01 13:50:37] INFO uvicorn.access: 172.19.0.3:43848 - "GET /bd_models/ball/add/ HTTP/1.0" 200
[2026-03-01 13:52:31] INFO uvicorn.access: 172.19.0.3:37260 - "POST /bd_models/ball/add/ HTTP/1.0" 200
[2026-03-01 13:52:31] INFO uvicorn.access: 172.19.0.3:37270 - "GET /jsi18n/ HTTP/1.0" 200
[2026-03-01 13:52:34] INFO uvicorn.access: 172.19.0.3:37280 - "GET /autocomplete/?app_label=bd_models&model_name=ball&field_name=regime HTTP/1.0" 200
[2026-03-01 13:52:38] INFO uvicorn.access: 172.19.0.3:37288 - "POST /bd_models/ball/add/ HTTP/1.0" 200
[2026-03-01 13:52:38] INFO uvicorn.access: 172.19.0.3:37300 - "GET /jsi18n/ HTTP/1.0" 200
[2026-03-01 13:52:49] INFO uvicorn.access: 172.19.0.3:55532 - "POST /bd_models/ball/add/ HTTP/1.0" 302
[2026-03-01 13:52:50] INFO uvicorn.access: 172.19.0.3:55540 - "GET /bd_models/ball/8/change/ HTTP/1.0" 200
[2026-03-01 13:52:50] INFO uvicorn.access: 172.19.0.3:47272 - "GET /jsi18n/ HTTP/1.0" 200
[2026-03-01 13:52:52] INFO uvicorn.access: 172.19.0.3:47288 - "GET /ball/generate/8 HTTP/1.0" 200
[2026-03-01 13:53:15] INFO uvicorn.access: 172.19.0.3:41962 - "POST /bd_models/ball/8/change/ HTTP/1.0" 302
[2026-03-01 13:53:15] INFO uvicorn.access: 172.19.0.3:41964 - "GET /bd_models/ball/8/change/ HTTP/1.0" 200
[2026-03-01 13:53:16] INFO uvicorn.access: 172.19.0.3:41978 - "GET /jsi18n/ HTTP/1.0" 200
[2026-03-01 13:53:17] INFO uvicorn.access: 172.19.0.3:41984 - "GET /ball/generate/8 HTTP/1.0" 200
[2026-03-01 13:53:30] INFO uvicorn.access: 172.19.0.3:56298 - "POST /bd_models/ball/8/change/ HTTP/1.0" 302
[2026-03-01 13:53:31] INFO uvicorn.access: 172.19.0.3:56302 - "GET /bd_models/ball/8/change/ HTTP/1.0" 200
[2026-03-01 13:53:31] INFO uvicorn.access: 172.19.0.3:56318 - "GET /jsi18n/ HTTP/1.0" 200
[2026-03-01 13:53:32] INFO uvicorn.access: 172.19.0.3:56324 - "GET /ball/generate/8 HTTP/1.0" 200
[2026-03-01 13:53:43] INFO uvicorn.access: 172.19.0.3:44310 - "POST /bd_models/ball/8/change/ HTTP/1.0" 302
[2026-03-01 13:53:43] INFO uvicorn.access: 172.19.0.3:44316 - "GET /bd_models/ball/8/change/ HTTP/1.0" 200
[2026-03-01 13:53:43] INFO uvicorn.access: 172.19.0.3:44332 - "GET /jsi18n/ HTTP/1.0" 200
[2026-03-01 13:53:45] INFO uvicorn.access: 172.19.0.3:44334 - "GET /ball/generate/8 HTTP/1.0" 200
[2026-03-01 13:53:56] INFO uvicorn.access: 172.19.0.3:50764 - "POST /bd_models/ball/8/change/ HTTP/1.0" 302
[2026-03-01 13:53:56] INFO uvicorn.access: 172.19.0.3:50776 - "GET /bd_models/ball/8/change/ HTTP/1.0" 200
[2026-03-01 13:53:56] INFO uvicorn.access: 172.19.0.3:50790 - "GET /jsi18n/ HTTP/1.0" 200
[2026-03-01 13:53:57] INFO uvicorn.access: 172.19.0.3:50806 - "GET /ball/generate/8 HTTP/1.0" 200
[2026-03-01 13:54:08] INFO uvicorn.access: 172.19.0.3:46328 - "POST /bd_models/ball/8/change/ HTTP/1.0" 302
[2026-03-01 13:54:08] INFO uvicorn.access: 172.19.0.3:46334 - "GET /bd_models/ball/8/change/ HTTP/1.0" 200
[2026-03-01 13:54:09] INFO uvicorn.access: 172.19.0.3:46344 - "GET /jsi18n/ HTTP/1.0" 200
[2026-03-01 13:54:10] INFO uvicorn.access: 172.19.0.3:46352 - "GET /ball/generate/8 HTTP/1.0" 200
[2026-03-01 13:54:16] INFO uvicorn.access: 172.19.0.3:45624 - "POST /bd_models/ball/8/change/ HTTP/1.0" 302
[2026-03-01 13:54:16] INFO uvicorn.access: 172.19.0.3:45630 - "GET /bd_models/ball/ HTTP/1.0" 200
[2026-03-01 13:54:16] INFO uvicorn.access: 172.19.0.3:45636 - "GET /jsi18n/ HTTP/1.0" 200
[2026-03-01 13:54:21] INFO uvicorn.access: 172.19.0.3:52056 - "GET /bd_models/ball/8/change/ HTTP/1.0" 200
[2026-03-01 13:54:21] INFO uvicorn.access: 172.19.0.3:52066 - "GET /jsi18n/ HTTP/1.0" 200
[2026-03-01 13:54:22] INFO uvicorn.access: 172.19.0.3:52070 - "GET /ball/generate/8 HTTP/1.0" 200
[2026-03-01 13:54:31] INFO uvicorn.access: 172.19.0.3:38846 - "POST /bd_models/ball/8/change/ HTTP/1.0" 302
[2026-03-01 13:54:32] INFO uvicorn.access: 172.19.0.3:38848 - "GET /bd_models/ball/8/change/ HTTP/1.0" 200
[2026-03-01 13:54:32] INFO uvicorn.access: 172.19.0.3:38860 - "GET /jsi18n/ HTTP/1.0" 200
[2026-03-01 13:54:33] INFO uvicorn.access: 172.19.0.3:38874 - "GET /ball/generate/8 HTTP/1.0" 200
[2026-03-01 13:54:41] INFO uvicorn.access: 172.19.0.3:54890 - "POST /bd_models/ball/8/change/ HTTP/1.0" 302
[2026-03-01 13:54:41] INFO uvicorn.access: 172.19.0.3:54892 - "GET /bd_models/ball/ HTTP/1.0" 200
[2026-03-01 13:54:41] INFO uvicorn.access: 172.19.0.3:54900 - "GET /jsi18n/ HTTP/1.0" 200
[2026-03-01 13:55:06] INFO uvicorn.access: 172.19.0.3:55802 - "POST /bd_models/ball/ HTTP/1.0" 302
[2026-03-01 13:55:06] INFO uvicorn.access: 172.19.0.3:55814 - "GET /bd_models/ball/ HTTP/1.0" 200
[2026-03-01 13:55:06] INFO uvicorn.access: 172.19.0.3:55820 - "GET /jsi18n/ HTTP/1.0" 200
[2026-03-01 14:41:34] INFO discord.gateway: Shard ID 0 has successfully RESUMED session c416ea01fc07ceabc8096102e34849ee.
[2026-03-01 15:51:32] INFO discord.gateway: Shard ID 0 session has been invalidated.
[2026-03-01 15:51:38] INFO discord.gateway: Shard ID 0 has connected to Gateway (Session ID: c5c65f82d441a16c78a22b561b5a6997).
[2026-03-01 16:16:47] INFO discord.gateway: Shard ID 0 has successfully RESUMED session c5c65f82d441a16c78a22b561b5a6997.
[2026-03-01 17:25:34] INFO ballsdex.packages.admin.balls: lomadinthe2nd spawned object Greywater Bucket in general.
[2026-03-01 17:26:09] INFO ballsdex.core.bot: Cache loaded, summary displayed below:
[2026-03-01 18:18:51] INFO discord.gateway: Shard ID 0 has successfully RESUMED session c5c65f82d441a16c78a22b561b5a6997.
[2026-03-01 19:19:38] INFO discord.gateway: Shard ID 0 has successfully RESUMED session c5c65f82d441a16c78a22b561b5a6997.
[2026-03-01 22:11:52] INFO discord.gateway: Shard ID 0 has successfully RESUMED session c5c65f82d441a16c78a22b561b5a6997.
[2026-03-01 22:38:48] INFO discord.gateway: Shard ID 0 has successfully RESUMED session c5c65f82d441a16c78a22b561b5a6997.
[2026-03-02 00:17:43] INFO uvicorn.access: 172.19.0.3:38152 - "GET / HTTP/1.0" 200
[2026-03-02 00:17:45] WARNING django.request: Not Found: /favicon.ico
[2026-03-02 00:17:45] INFO uvicorn.access: 172.19.0.3:50294 - "GET /favicon.ico HTTP/1.0" 404
[2026-03-02 00:17:55] INFO uvicorn.access: 172.19.0.3:50308 - "GET /bd_models/ballinstance/ HTTP/1.0" 200
[2026-03-02 00:17:58] INFO uvicorn.access: 172.19.0.3:60664 - "GET /jsi18n/ HTTP/1.0" 200
[2026-03-02 00:18:11] INFO uvicorn.access: 172.19.0.3:59404 - "GET /bd_models/ballinstance/?p=2 HTTP/1.0" 200
[2026-03-02 00:18:12] INFO uvicorn.access: 172.19.0.3:59414 - "GET /jsi18n/ HTTP/1.0" 200
[2026-03-02 00:18:18] INFO uvicorn.access: 172.19.0.3:51720 - "GET /bd_models/ballinstance/?p=3 HTTP/1.0" 200
[2026-03-02 00:18:19] INFO uvicorn.access: 172.19.0.3:51722 - "GET /jsi18n/ HTTP/1.0" 200
[2026-03-02 00:18:55] INFO uvicorn.access: 172.19.0.3:56890 - "GET /bd_models/ballinstance/?p=1 HTTP/1.0" 200
[2026-03-02 00:18:56] INFO uvicorn.access: 172.19.0.3:56896 - "GET /jsi18n/ HTTP/1.0" 200
[2026-03-02 01:43:31] INFO discord.gateway: Shard ID 0 has successfully RESUMED session c5c65f82d441a16c78a22b561b5a6997.
[2026-03-02 02:14:53] INFO ballsdex.packages.admin.balls: lomadinthe2nd spawned object F8-Ball in general.
[2026-03-02 02:15:13] INFO ballsdex.packages.admin.balls: lomadinthe2nd spawned object Purple Block in 🎰┆ocdex.
[2026-03-02 04:54:01] INFO discord.gateway: Shard ID 0 has successfully RESUMED session c5c65f82d441a16c78a22b561b5a6997.
[2026-03-02 07:41:30] INFO discord.gateway: Shard ID 0 has successfully RESUMED session c5c65f82d441a16c78a22b561b5a6997.
[2026-03-02 09:15:27] INFO discord.gateway: Shard ID 0 has successfully RESUMED session c5c65f82d441a16c78a22b561b5a6997.
[2026-03-02 09:31:47] INFO discord.gateway: Shard ID 0 has successfully RESUMED session c5c65f82d441a16c78a22b561b5a6997.
[2026-03-02 12:36:15] INFO discord.gateway: Shard ID 0 has successfully RESUMED session c5c65f82d441a16c78a22b561b5a6997.
[2026-03-02 15:47:01] INFO discord.gateway: Shard ID 0 has successfully RESUMED session c5c65f82d441a16c78a22b561b5a6997.
[2026-03-02 16:38:18] INFO discord.gateway: Shard ID 0 has successfully RESUMED session c5c65f82d441a16c78a22b561b5a6997.
[2026-03-02 19:33:15] INFO discord.gateway: Shard ID 0 has successfully RESUMED session c5c65f82d441a16c78a22b561b5a6997.
[2026-03-02 20:37:28] INFO discord.gateway: Shard ID 0 has successfully RESUMED session c5c65f82d441a16c78a22b561b5a6997.
[2026-03-02 21:06:13] INFO discord.gateway: Shard ID 0 has successfully RESUMED session c5c65f82d441a16c78a22b561b5a6997.
[2026-03-02 21:38:15] INFO discord.gateway: Shard ID 0 has successfully RESUMED session c5c65f82d441a16c78a22b561b5a6997.
[2026-03-02 22:47:06] INFO discord.gateway: Shard ID 0 has successfully RESUMED session c5c65f82d441a16c78a22b561b5a6997.
[2026-03-02 22:58:13] INFO discord.gateway: Shard ID 0 has successfully RESUMED session c5c65f82d441a16c78a22b561b5a6997.
[2026-03-03 01:02:56] INFO uvicorn.access: 172.19.0.3:46906 - "GET / HTTP/1.0" 302
[2026-03-03 01:02:56] INFO uvicorn.access: 172.19.0.3:46916 - "GET /login/?next=/ HTTP/1.0" 200
[2026-03-03 01:02:57] WARNING django.request: Not Found: /favicon.ico
[2026-03-03 01:02:57] INFO uvicorn.access: 172.19.0.3:46926 - "GET /favicon.ico HTTP/1.0" 404
[2026-03-03 01:02:59] INFO uvicorn.access: 172.19.0.3:46930 - "GET /login/discord/ HTTP/1.0" 302
[2026-03-03 01:03:13] INFO uvicorn.access: 172.19.0.3:43392 - "GET /complete/discord/?code=7flnoTQh7Zisr09plBwl6AD6Gkg2Tn&state=0zOZTzRqNzjK9tcksb1Iet54djTK0kdp HTTP/1.0" 302
[2026-03-03 01:03:14] INFO uvicorn.access: 172.19.0.3:44144 - "GET / HTTP/1.0" 200
[2026-03-03 01:03:17] INFO uvicorn.access: 172.19.0.3:44160 - "GET /bd_models/ball/ HTTP/1.0" 200
[2026-03-03 01:03:18] INFO uvicorn.access: 172.19.0.3:44172 - "GET /jsi18n/ HTTP/1.0" 200
[2026-03-03 01:03:24] INFO uvicorn.access: 172.19.0.3:48176 - "GET /bd_models/ball/add/ HTTP/1.0" 200
[2026-03-03 01:03:25] INFO uvicorn.access: 172.19.0.3:48186 - "GET /jsi18n/ HTTP/1.0" 200
[2026-03-03 01:03:27] INFO uvicorn.access: 172.19.0.3:48188 - "GET /bd_models/ball/ HTTP/1.0" 200
[2026-03-03 01:03:30] INFO uvicorn.access: 172.19.0.3:48194 - "GET / HTTP/1.0" 200
[2026-03-03 01:03:33] INFO uvicorn.access: 172.19.0.3:59222 - "GET /settings/settings/ HTTP/1.0" 200
[2026-03-03 01:03:33] INFO uvicorn.access: 172.19.0.3:59238 - "GET /jsi18n/ HTTP/1.0" 200
[2026-03-03 01:03:35] INFO uvicorn.access: 172.19.0.3:59248 - "GET /settings/settings/1/change/ HTTP/1.0" 200
[2026-03-03 01:03:35] INFO uvicorn.access: 172.19.0.3:59260 - "GET /jsi18n/ HTTP/1.0" 200
[2026-03-03 01:05:04] INFO uvicorn.access: 172.19.0.3:48224 - "POST /settings/settings/1/change/ HTTP/1.0" 302
[2026-03-03 01:05:06] INFO uvicorn.access: 172.19.0.3:48236 - "GET /settings/settings/1/change/ HTTP/1.0" 200
[2026-03-03 01:05:06] INFO uvicorn.access: 172.19.0.3:48246 - "GET /jsi18n/ HTTP/1.0" 200
[2026-03-03 01:05:47] INFO ballsdex.core.bot: Cache loaded, summary displayed below:
[2026-03-03 01:05:53] INFO ballsdex.packages.admin.balls: lomadinthe2nd spawned object Acid Star in ocdex-testing.
[2026-03-03 01:06:13] INFO uvicorn.access: 172.19.0.3:44140 - "POST /settings/settings/1/change/ HTTP/1.0" 302
[2026-03-03 01:06:13] INFO uvicorn.access: 172.19.0.3:44150 - "GET /settings/settings/ HTTP/1.0" 200
[2026-03-03 01:06:14] INFO uvicorn.access: 172.19.0.3:44162 - "GET /jsi18n/ HTTP/1.0" 200
[2026-03-03 01:06:33] INFO ballsdex.core.bot: Cache loaded, summary displayed below:
[2026-03-03 02:24:12] INFO discord.gateway: Shard ID 0 has successfully RESUMED session c5c65f82d441a16c78a22b561b5a6997.
[2026-03-03 03:16:57] INFO discord.gateway: Shard ID 0 has successfully RESUMED session c5c65f82d441a16c78a22b561b5a6997.
[2026-03-03 06:02:50] INFO discord.gateway: Shard ID 0 has successfully RESUMED session c5c65f82d441a16c78a22b561b5a6997.
[2026-03-03 09:17:25] INFO discord.gateway: Shard ID 0 has successfully RESUMED session c5c65f82d441a16c78a22b561b5a6997.
[2026-03-03 09:37:21] INFO discord.gateway: Shard ID 0 has successfully RESUMED session c5c65f82d441a16c78a22b561b5a6997.
[2026-03-03 11:09:33] INFO uvicorn.access: 172.19.0.3:33852 - "GET / HTTP/1.0" 200
[2026-03-03 11:09:33] WARNING django.request: Not Found: /favicon.ico
[2026-03-03 11:09:33] INFO uvicorn.access: 172.19.0.3:33854 - "GET /favicon.ico HTTP/1.0" 404
[2026-03-03 11:09:37] INFO uvicorn.access: 172.19.0.3:33862 - "GET /bd_models/special/ HTTP/1.0" 200
[2026-03-03 11:09:37] INFO uvicorn.access: 172.19.0.3:33872 - "GET /jsi18n/ HTTP/1.0" 200
[2026-03-03 11:09:41] INFO uvicorn.access: 172.19.0.3:50204 - "GET /bd_models/special/add/ HTTP/1.0" 200
[2026-03-03 11:09:41] INFO uvicorn.access: 172.19.0.3:50206 - "GET /jsi18n/ HTTP/1.0" 200
[2026-03-03 11:11:07] INFO uvicorn.access: 172.19.0.3:41646 - "POST /bd_models/special/add/ HTTP/1.0" 302
[2026-03-03 11:11:07] INFO uvicorn.access: 172.19.0.3:55636 - "GET /bd_models/special/2/change/ HTTP/1.0" 200
[2026-03-03 11:11:07] INFO uvicorn.access: 172.19.0.3:55650 - "GET /jsi18n/ HTTP/1.0" 200
[2026-03-03 11:11:08] INFO uvicorn.access: 172.19.0.3:55660 - "GET /special/generate/2 HTTP/1.0" 200
[2026-03-03 11:11:29] INFO uvicorn.access: 172.19.0.3:57526 - "POST /bd_models/special/2/change/ HTTP/1.0" 302
[2026-03-03 11:11:29] INFO uvicorn.access: 172.19.0.3:57540 - "GET /bd_models/special/2/change/ HTTP/1.0" 200
[2026-03-03 11:11:29] INFO uvicorn.access: 172.19.0.3:57552 - "GET /jsi18n/ HTTP/1.0" 200
[2026-03-03 11:11:31] INFO uvicorn.access: 172.19.0.3:57566 - "GET /special/generate/2 HTTP/1.0" 200
[2026-03-03 11:13:14] INFO uvicorn.access: 172.19.0.3:58378 - "POST /bd_models/special/2/change/ HTTP/1.0" 302
[2026-03-03 11:13:14] INFO uvicorn.access: 172.19.0.3:58390 - "GET /bd_models/special/2/change/ HTTP/1.0" 200
[2026-03-03 11:13:15] INFO uvicorn.access: 172.19.0.3:37588 - "GET /jsi18n/ HTTP/1.0" 200
[2026-03-03 11:13:16] INFO uvicorn.access: 172.19.0.3:37604 - "GET /special/generate/2 HTTP/1.0" 200
[2026-03-03 11:13:24] INFO uvicorn.access: 172.19.0.3:37614 - "POST /bd_models/special/2/change/ HTTP/1.0" 302
[2026-03-03 11:13:24] INFO uvicorn.access: 172.19.0.3:37616 - "GET /bd_models/special/ HTTP/1.0" 200
[2026-03-03 11:13:24] INFO uvicorn.access: 172.19.0.3:52246 - "GET /jsi18n/ HTTP/1.0" 200
[2026-03-03 11:13:27] INFO uvicorn.access: 172.19.0.3:52254 - "POST /bd_models/special/ HTTP/1.0" 302
[2026-03-03 11:13:27] INFO uvicorn.access: 172.19.0.3:52262 - "GET /bd_models/special/ HTTP/1.0" 200
[2026-03-03 11:13:27] INFO uvicorn.access: 172.19.0.3:52270 - "GET /jsi18n/ HTTP/1.0" 200
[2026-03-03 11:14:09] INFO uvicorn.access: 172.19.0.3:57630 - "POST /bd_models/special/ HTTP/1.0" 302
[2026-03-03 11:14:09] INFO uvicorn.access: 172.19.0.3:57640 - "GET /bd_models/special/ HTTP/1.0" 200
[2026-03-03 11:14:10] INFO uvicorn.access: 172.19.0.3:57644 - "GET /jsi18n/ HTTP/1.0" 200
[2026-03-03 11:38:22] INFO uvicorn.access: 172.19.0.3:51002 - "POST /bd_models/special/ HTTP/1.0" 302
[2026-03-03 11:38:22] INFO uvicorn.access: 172.19.0.3:51010 - "GET /bd_models/special/ HTTP/1.0" 200
[2026-03-03 11:38:22] INFO uvicorn.access: 172.19.0.3:51016 - "GET /jsi18n/ HTTP/1.0" 200
[2026-03-03 11:41:33] INFO discord.gateway: Shard ID 0 has successfully RESUMED session c5c65f82d441a16c78a22b561b5a6997.
[2026-03-03 15:05:19] INFO discord.gateway: Shard ID 0 has successfully RESUMED session c5c65f82d441a16c78a22b561b5a6997.
[2026-03-03 16:48:41] INFO discord.gateway: Shard ID 0 has successfully RESUMED session c5c65f82d441a16c78a22b561b5a6997.
[2026-03-03 17:40:50] INFO discord.gateway: Shard ID 0 has successfully RESUMED session c5c65f82d441a16c78a22b561b5a6997.
[2026-03-03 19:21:06] INFO discord.gateway: Shard ID 0 has successfully RESUMED session c5c65f82d441a16c78a22b561b5a6997.
[2026-03-03 19:59:27] INFO discord.gateway: Shard ID 0 has successfully RESUMED session c5c65f82d441a16c78a22b561b5a6997.
[2026-03-03 21:51:13] INFO uvicorn.access: 172.19.0.3:39210 - "GET /bd_models/special/ HTTP/1.0" 200
[2026-03-03 21:51:16] WARNING django.request: Not Found: /favicon.ico
[2026-03-03 21:51:16] INFO uvicorn.access: 172.19.0.3:39226 - "GET /favicon.ico HTTP/1.0" 404
[2026-03-03 22:21:12] INFO uvicorn.access: 172.19.0.3:44694 - "GET /bd_models/special/ HTTP/1.0" 200
[2026-03-03 22:21:13] WARNING django.request: Not Found: /favicon.ico
[2026-03-03 22:21:13] INFO uvicorn.access: 172.19.0.3:54534 - "GET /favicon.ico HTTP/1.0" 404
[2026-03-03 22:21:33] INFO uvicorn.access: 172.19.0.3:41464 - "GET /bd_models/special/ HTTP/1.0" 200
[2026-03-03 23:54:53] INFO discord.gateway: Shard ID 0 has successfully RESUMED session c5c65f82d441a16c78a22b561b5a6997.
[2026-03-04 02:18:50] INFO discord.gateway: Shard ID 0 has successfully RESUMED session c5c65f82d441a16c78a22b561b5a6997.
[2026-03-04 05:15:23] INFO discord.gateway: Shard ID 0 has successfully RESUMED session c5c65f82d441a16c78a22b561b5a6997.
[2026-03-04 05:41:35] INFO discord.gateway: Shard ID 0 has successfully RESUMED session c5c65f82d441a16c78a22b561b5a6997.
[2026-03-04 06:21:47] INFO discord.gateway: Shard ID 0 has successfully RESUMED session c5c65f82d441a16c78a22b561b5a6997.
[2026-03-05 22:08:04] INFO discord.gateway: Shard ID 0 session has been invalidated.
[2026-03-05 22:08:11] INFO discord.gateway: Shard ID 0 has connected to Gateway (Session ID: 9bc43a6eeada23e6bb03c9266f81a333).
[2026-03-05 22:09:43] INFO uvicorn.access: 172.19.0.3:52810 - "GET / HTTP/1.0" 200
[2026-03-05 22:09:45] WARNING django.request: Not Found: /favicon.ico
[2026-03-05 22:09:45] INFO uvicorn.access: 172.19.0.3:52824 - "GET /favicon.ico HTTP/1.0" 404
[2026-03-05 22:09:50] INFO uvicorn.access: 172.19.0.3:53550 - "GET /bd_models/ball/ HTTP/1.0" 200
[2026-03-05 22:09:51] INFO uvicorn.access: 172.19.0.3:53552 - "GET /jsi18n/ HTTP/1.0" 200
[2026-03-05 22:10:31] INFO uvicorn.access: 172.19.0.3:54512 - "GET /settings/settings/ HTTP/1.0" 200
[2026-03-05 22:10:32] INFO uvicorn.access: 172.19.0.3:54514 - "GET /jsi18n/ HTTP/1.0" 200
[2026-03-05 22:10:35] INFO uvicorn.access: 172.19.0.3:54528 - "GET /settings/settings/1/change/ HTTP/1.0" 200
[2026-03-05 22:10:36] INFO uvicorn.access: 172.19.0.3:37142 - "GET /jsi18n/ HTTP/1.0" 200
[2026-03-05 22:17:09] INFO uvicorn.access: 172.19.0.3:42542 - "POST /settings/settings/1/change/ HTTP/1.0" 302
[2026-03-05 22:17:09] INFO uvicorn.access: 172.19.0.3:42556 - "GET /settings/settings/ HTTP/1.0" 200
[2026-03-05 22:17:09] INFO uvicorn.access: 172.19.0.3:42560 - "GET /jsi18n/ HTTP/1.0" 200
[2026-03-05 22:23:04] INFO uvicorn.error: Shutting down
[2026-03-05 22:23:04] INFO ballsdex: Received SIGTERM, stopping the bot...
[2026-03-05 22:23:04] INFO uvicorn.error: Finished server process [1]
[2026-03-05 22:34:20] INFO uvicorn.error: Started server process [1]
[2026-03-05 22:34:20] INFO uvicorn.error: Waiting for application startup.
[2026-03-05 22:34:20] INFO uvicorn.error: ASGI 'lifespan' protocol appears unsupported.
[2026-03-05 22:34:20] INFO uvicorn.error: Application startup complete.
[2026-03-05 22:34:20] INFO uvicorn.error: Uvicorn running on http://0.0.0.0:8000 (Press CTRL+C to quit)
[2026-03-05 22:34:20] INFO settings.apps: Settings read successfully.
[2026-03-05 22:34:21] INFO ballsdex: Initialized bot, connecting to Discord...
[2026-03-05 22:34:21] INFO discord.client: logging in using static token
[2026-03-05 22:34:22] INFO ballsdex.core.bot: Starting up with None shards...
[2026-03-05 22:34:23] INFO discord.gateway: Shard ID 0 has connected to Gateway (Session ID: 2573d8414eadb66d9b56f7c4bef7d62f).
[2026-03-05 22:34:25] INFO ballsdex.core.bot: Successfully logged in as OCDEX#2184 (1459614981937954931)!
[2026-03-05 22:34:25] INFO ballsdex.core.bot: lomadinthe2nd is the owner of this bot.
[2026-03-05 22:34:25] INFO ballsdex.core.bot: Cache loaded, summary displayed below:
[2026-03-05 22:34:25] INFO ballsdex.core.bot: Loading packages...
[2026-03-05 22:34:26] INFO ballsdex.packages.countryballs: Loaded 4 guilds in cache.
[2026-03-05 22:34:28] INFO ballsdex.core.bot: Packages loaded: admin, balls, guildconfig, countryballs, info, players, trade
[2026-03-05 22:34:28] INFO ballsdex.core.bot: Syncing global commands...
[2026-03-05 22:34:30] INFO ballsdex.core.bot: Synced 7 global commands.
[2026-03-05 23:11:31] INFO discord.gateway: Shard ID 0 has successfully RESUMED session 2573d8414eadb66d9b56f7c4bef7d62f.
[2026-03-06 01:29:01] INFO uvicorn.access: 172.19.0.3:45214 - "GET / HTTP/1.0" 302
[2026-03-06 01:29:02] INFO uvicorn.access: 172.19.0.3:45228 - "GET /login/?next=/ HTTP/1.0" 200
[2026-03-06 01:29:03] WARNING django.request: Not Found: /favicon.ico
[2026-03-06 01:29:03] INFO uvicorn.access: 172.19.0.3:50448 - "GET /favicon.ico HTTP/1.0" 404
[2026-03-06 01:30:12] INFO uvicorn.access: 172.19.0.3:35266 - "GET /login/discord/ HTTP/1.0" 302
[2026-03-06 01:30:20] INFO uvicorn.access: 172.19.0.3:56064 - "GET /complete/discord/?code=iLHTZU5jf3Goal5w4mODxzasCkf1r7&state=kTqLlJGaLyw8pfrmghPDprpSlcfFCWUN HTTP/1.0" 302
[2026-03-06 01:30:20] INFO uvicorn.access: 172.19.0.3:56078 - "GET / HTTP/1.0" 200
[2026-03-06 01:30:21] INFO uvicorn.access: 172.19.0.3:56092 - "GET / HTTP/1.0" 302
[2026-03-06 01:30:21] INFO uvicorn.access: 172.19.0.3:56096 - "GET /login/?next=/ HTTP/1.0" 200
[2026-03-06 01:30:26] INFO uvicorn.access: 172.19.0.3:48156 - "GET /settings/settings/ HTTP/1.0" 200
[2026-03-06 01:30:26] INFO uvicorn.access: 172.19.0.3:48164 - "GET /jsi18n/ HTTP/1.0" 200
[2026-03-06 01:30:28] INFO uvicorn.access: 172.19.0.3:48174 - "GET /settings/settings/1/change/ HTTP/1.0" 200
[2026-03-06 01:30:28] INFO uvicorn.access: 172.19.0.3:48186 - "GET /jsi18n/ HTTP/1.0" 200
[2026-03-06 01:30:56] INFO uvicorn.access: 172.19.0.3:46286 - "POST /settings/settings/1/change/ HTTP/1.0" 302
[2026-03-06 01:30:56] INFO uvicorn.access: 172.19.0.3:46294 - "GET /settings/settings/1/change/ HTTP/1.0" 200
[2026-03-06 01:30:56] INFO uvicorn.access: 172.19.0.3:46298 - "GET /jsi18n/ HTTP/1.0" 200
[2026-03-06 01:31:02] INFO uvicorn.access: 172.19.0.3:46314 - "POST /settings/settings/1/change/ HTTP/1.0" 302
[2026-03-06 01:31:02] INFO uvicorn.access: 172.19.0.3:46330 - "GET /settings/settings/1/change/ HTTP/1.0" 200
[2026-03-06 01:31:03] INFO uvicorn.access: 172.19.0.3:55126 - "GET /jsi18n/ HTTP/1.0" 200
[2026-03-06 01:31:10] INFO uvicorn.access: 172.19.0.3:55136 - "POST /settings/settings/1/change/ HTTP/1.0" 302
[2026-03-06 01:31:11] INFO uvicorn.access: 172.19.0.3:55150 - "GET /settings/settings/1/change/ HTTP/1.0" 200
[2026-03-06 01:31:11] INFO uvicorn.access: 172.19.0.3:55158 - "GET /jsi18n/ HTTP/1.0" 200
[2026-03-06 01:37:59] INFO ballsdex: Received SIGTERM, stopping the bot...
[2026-03-06 01:38:03] INFO uvicorn.error: Shutting down
[2026-03-06 01:38:03] INFO uvicorn.error: Finished server process [1]
[2026-03-06 01:39:20] INFO uvicorn.error: Started server process [1]
[2026-03-06 01:39:20] INFO uvicorn.error: Waiting for application startup.
[2026-03-06 01:39:20] INFO uvicorn.error: ASGI 'lifespan' protocol appears unsupported.
[2026-03-06 01:39:20] INFO uvicorn.error: Application startup complete.
[2026-03-06 01:39:20] INFO uvicorn.error: Uvicorn running on http://0.0.0.0:8000 (Press CTRL+C to quit)
[2026-03-06 01:39:20] INFO settings.apps: Settings read successfully.
[2026-03-06 01:39:21] INFO ballsdex: Initialized bot, connecting to Discord...
[2026-03-06 01:39:21] INFO discord.client: logging in using static token
[2026-03-06 01:39:23] INFO ballsdex.core.bot: Starting up with None shards...
[2026-03-06 01:39:24] INFO discord.gateway: Shard ID 0 has connected to Gateway (Session ID: adf7233e5c20452afaf251a12f0d5e58).
[2026-03-06 01:39:26] INFO ballsdex.core.bot: Successfully logged in as OCDEX#2184 (1459614981937954931)!
[2026-03-06 01:39:26] INFO ballsdex.core.bot: lomadinthe2nd is the owner of this bot.
[2026-03-06 01:39:26] INFO ballsdex.core.bot: Cache loaded, summary displayed below:
[2026-03-06 01:39:26] INFO ballsdex.core.bot: Loading packages...
[2026-03-06 01:39:28] INFO ballsdex.packages.countryballs: Loaded 4 guilds in cache.
[2026-03-06 01:39:29] INFO ballsdex.core.bot: Packages loaded: admin, balls, guildconfig, countryballs, info, players, trade
[2026-03-06 01:39:29] INFO ballsdex.core.bot: Syncing global commands...
[2026-03-06 01:39:31] ERROR ballsdex.core.bot: Error in event on_ready. Args: . Kwargs: 
Traceback (most recent call last):
  File "/opt/venv/lib/python3.14/site-packages/discord/client.py", line 504, in _run_event
    await coro(*args, **kwargs)
  File "/opt/venv/lib/python3.14/site-packages/ballsdex/core/bot.py", line 368, in on_ready
    synced_commands = await self.tree.sync()
                      ^^^^^^^^^^^^^^^^^^^^^^
  File "/opt/venv/lib/python3.14/site-packages/ballsdex/core/bot.py", line 152, in sync
    app_commands = await super().sync(guild=guild)
                   ^^^^^^^^^^^^^^^^^^^^^^^^^^^^^^^
  File "/opt/venv/lib/python3.14/site-packages/discord/app_commands/tree.py", line 1121, in sync
    raise CommandSyncFailure(e, commands) from None
discord.app_commands.errors.CommandSyncFailure: Failed to upload commands to Discord (HTTP status 400, error code 50035)
In group 'admin' defined in module 'ballsdex.packages.admin.cog'
  In group 'admin ocs' defined in module 'ballsdex.packages.admin.balls'
    In command 'admin ocs spawn' defined in function 'spawn'
      In parameter 'countryball'
        name_localizations.en-US: Command name is invalid
        name_localizations.en-GB: Command name is invalid
        name_localizations.bg: Command name is invalid
        name_localizations.zh-CN: Command name is invalid
        name_localizations.zh-TW: Command name is invalid
        name_localizations.hr: Command name is invalid
        name_localizations.cs: Command name is invalid
        name_localizations.id: Command name is invalid
        name_localizations.da: Command name is invalid
        name_localizations.nl: Command name is invalid
        name_localizations.fi: Command name is invalid
        name_localizations.fr: Command name is invalid
        name_localizations.de: Command name is invalid
        name_localizations.el: Command name is invalid
        name_localizations.hi: Command name is invalid
        name_localizations.hu: Command name is invalid
        name_localizations.it: Command name is invalid
        name_localizations.ja: Command name is invalid
        name_localizations.ko: Command name is invalid
        name_localizations.es-419: Command name is invalid
        name_localizations.lt: Command name is invalid
        name_localizations.no: Command name is invalid
        name_localizations.pl: Command name is invalid
        name_localizations.pt-BR: Command name is invalid
        name_localizations.ro: Command name is invalid
        name_localizations.ru: Command name is invalid
        name_localizations.es-ES: Command name is invalid
        name_localizations.sv-SE: Command name is invalid
        name_localizations.th: Command name is invalid
        name_localizations.tr: Command name is invalid
        name_localizations.uk: Command name is invalid
        name_localizations.vi: Command name is invalid
    In command 'admin ocs give' defined in function 'give'
      In parameter 'countryball'
        name_localizations.en-US: Command name is invalid
        name_localizations.en-GB: Command name is invalid
        name_localizations.bg: Command name is invalid
        name_localizations.zh-CN: Command name is invalid
        name_localizations.zh-TW: Command name is invalid
        name_localizations.hr: Command name is invalid
        name_localizations.cs: Command name is invalid
        name_localizations.id: Command name is invalid
        name_localizations.da: Command name is invalid
        name_localizations.nl: Command name is invalid
        name_localizations.fi: Command name is invalid
        name_localizations.fr: Command name is invalid
        name_localizations.de: Command name is invalid
        name_localizations.el: Command name is invalid
        name_localizations.hi: Command name is invalid
        name_localizations.hu: Command name is invalid
        name_localizations.it: Command name is invalid
        name_localizations.ja: Command name is invalid
        name_localizations.ko: Command name is invalid
        name_localizations.es-419: Command name is invalid
        name_localizations.lt: Command name is invalid
        name_localizations.no: Command name is invalid
        name_localizations.pl: Command name is invalid
        name_localizations.pt-BR: Command name is invalid
        name_localizations.ro: Command name is invalid
        name_localizations.ru: Command name is invalid
        name_localizations.es-ES: Command name is invalid
        name_localizations.sv-SE: Command name is invalid
        name_localizations.th: Command name is invalid
        name_localizations.tr: Command name is invalid
        name_localizations.uk: Command name is invalid
        name_localizations.vi: Command name is invalid
    In command 'admin ocs info' defined in function 'balls_info'
      In parameter 'countryball_id'
        name_localizations.en-US: Command name is invalid
        name_localizations.en-GB: Command name is invalid
        name_localizations.bg: Command name is invalid
        name_localizations.zh-CN: Command name is invalid
        name_localizations.zh-TW: Command name is invalid
        name_localizations.hr: Command name is invalid
        name_localizations.cs: Command name is invalid
        name_localizations.id: Command name is invalid
        name_localizations.da: Command name is invalid
        name_localizations.nl: Command name is invalid
        name_localizations.fi: Command name is invalid
        name_localizations.fr: Command name is invalid
        name_localizations.de: Command name is invalid
        name_localizations.el: Command name is invalid
        name_localizations.hi: Command name is invalid
        name_localizations.hu: Command name is invalid
        name_localizations.it: Command name is invalid
        name_localizations.ja: Command name is invalid
        name_localizations.ko: Command name is invalid
        name_localizations.es-419: Command name is invalid
        name_localizations.lt: Command name is invalid
        name_localizations.no: Command name is invalid
        name_localizations.pl: Command name is invalid
        name_localizations.pt-BR: Command name is invalid
        name_localizations.ro: Command name is invalid
        name_localizations.ru: Command name is invalid
        name_localizations.es-ES: Command name is invalid
        name_localizations.sv-SE: Command name is invalid
        name_localizations.th: Command name is invalid
        name_localizations.tr: Command name is invalid
        name_localizations.uk: Command name is invalid
        name_localizations.vi: Command name is invalid
    In command 'admin ocs delete' defined in function 'balls_delete'
      In parameter 'countryball_id'
        name_localizations.en-US: Command name is invalid
        name_localizations.en-GB: Command name is invalid
        name_localizations.bg: Command name is invalid
        name_localizations.zh-CN: Command name is invalid
        name_localizations.zh-TW: Command name is invalid
        name_localizations.hr: Command name is invalid
        name_localizations.cs: Command name is invalid
        name_localizations.id: Command name is invalid
        name_localizations.da: Command name is invalid
        name_localizations.nl: Command name is invalid
        name_localizations.fi: Command name is invalid
        name_localizations.fr: Command name is invalid
        name_localizations.de: Command name is invalid
        name_localizations.el: Command name is invalid
        name_localizations.hi: Command name is invalid
        name_localizations.hu: Command name is invalid
        name_localizations.it: Command name is invalid
        name_localizations.ja: Command name is invalid
        name_localizations.ko: Command name is invalid
        name_localizations.es-419: Command name is invalid
        name_localizations.lt: Command name is invalid
        name_localizations.no: Command name is invalid
        name_localizations.pl: Command name is invalid
        name_localizations.pt-BR: Command name is invalid
        name_localizations.ro: Command name is invalid
        name_localizations.ru: Command name is invalid
        name_localizations.es-ES: Command name is invalid
        name_localizations.sv-SE: Command name is invalid
        name_localizations.th: Command name is invalid
        name_localizations.tr: Command name is invalid
        name_localizations.uk: Command name is invalid
        name_localizations.vi: Command name is invalid
    In command 'admin ocs transfer' defined in function 'balls_transfer'
      In parameter 'countryball_id'
        name_localizations.en-US: Command name is invalid
        name_localizations.en-GB: Command name is invalid
        name_localizations.bg: Command name is invalid
        name_localizations.zh-CN: Command name is invalid
        name_localizations.zh-TW: Command name is invalid
        name_localizations.hr: Command name is invalid
        name_localizations.cs: Command name is invalid
        name_localizations.id: Command name is invalid
        name_localizations.da: Command name is invalid
        name_localizations.nl: Command name is invalid
        name_localizations.fi: Command name is invalid
        name_localizations.fr: Command name is invalid
        name_localizations.de: Command name is invalid
        name_localizations.el: Command name is invalid
        name_localizations.hi: Command name is invalid
        name_localizations.hu: Command name is invalid
        name_localizations.it: Command name is invalid
        name_localizations.ja: Command name is invalid
        name_localizations.ko: Command name is invalid
        name_localizations.es-419: Command name is invalid
        name_localizations.lt: Command name is invalid
        name_localizations.no: Command name is invalid
        name_localizations.pl: Command name is invalid
        name_localizations.pt-BR: Command name is invalid
        name_localizations.ro: Command name is invalid
        name_localizations.ru: Command name is invalid
        name_localizations.es-ES: Command name is invalid
        name_localizations.sv-SE: Command name is invalid
        name_localizations.th: Command name is invalid
        name_localizations.tr: Command name is invalid
        name_localizations.uk: Command name is invalid
        name_localizations.vi: Command name is invalid
    In command 'admin ocs count' defined in function 'balls_count'
      In parameter 'countryball'
        name_localizations.en-US: Command name is invalid
        name_localizations.en-GB: Command name is invalid
        name_localizations.bg: Command name is invalid
        name_localizations.zh-CN: Command name is invalid
        name_localizations.zh-TW: Command name is invalid
        name_localizations.hr: Command name is invalid
        name_localizations.cs: Command name is invalid
        name_localizations.id: Command name is invalid
        name_localizations.da: Command name is invalid
        name_localizations.nl: Command name is invalid
        name_localizations.fi: Command name is invalid
        name_localizations.fr: Command name is invalid
        name_localizations.de: Command name is invalid
        name_localizations.el: Command name is invalid
        name_localizations.hi: Command name is invalid
        name_localizations.hu: Command name is invalid
        name_localizations.it: Command name is invalid
        name_localizations.ja: Command name is invalid
        name_localizations.ko: Command name is invalid
        name_localizations.es-419: Command name is invalid
        name_localizations.lt: Command name is invalid
        name_localizations.no: Command name is invalid
        name_localizations.pl: Command name is invalid
        name_localizations.pt-BR: Command name is invalid
        name_localizations.ro: Command name is invalid
        name_localizations.ru: Command name is invalid
        name_localizations.es-ES: Command name is invalid
        name_localizations.sv-SE: Command name is invalid
        name_localizations.th: Command name is invalid
        name_localizations.tr: Command name is invalid
        name_localizations.uk: Command name is invalid
        name_localizations.vi: Command name is invalid
  In group 'admin history' defined in module 'ballsdex.packages.admin.history'
    In command 'admin history user' defined in function 'history_user'
      In parameter 'countryball'
        name_localizations.en-US: Command name is invalid
        name_localizations.en-GB: Command name is invalid
        name_localizations.bg: Command name is invalid
        name_localizations.zh-CN: Command name is invalid
        name_localizations.zh-TW: Command name is invalid
        name_localizations.hr: Command name is invalid
        name_localizations.cs: Command name is invalid
        name_localizations.id: Command name is invalid
        name_localizations.da: Command name is invalid
        name_localizations.nl: Command name is invalid
        name_localizations.fi: Command name is invalid
        name_localizations.fr: Command name is invalid
        name_localizations.de: Command name is invalid
        name_localizations.el: Command name is invalid
        name_localizations.hi: Command name is invalid
        name_localizations.hu: Command name is invalid
        name_localizations.it: Command name is invalid
        name_localizations.ja: Command name is invalid
        name_localizations.ko: Command name is invalid
        name_localizations.es-419: Command name is invalid
        name_localizations.lt: Command name is invalid
        name_localizations.no: Command name is invalid
        name_localizations.pl: Command name is invalid
        name_localizations.pt-BR: Command name is invalid
        name_localizations.ro: Command name is invalid
        name_localizations.ru: Command name is invalid
        name_localizations.es-ES: Command name is invalid
        name_localizations.sv-SE: Command name is invalid
        name_localizations.th: Command name is invalid
        name_localizations.tr: Command name is invalid
        name_localizations.uk: Command name is invalid
        name_localizations.vi: Command name is invalid
    In command 'admin history countryball' defined in function 'history_ball'
      In parameter 'countryball_id'
        name_localizations.en-US: Command name is invalid
        name_localizations.en-GB: Command name is invalid
        name_localizations.bg: Command name is invalid
        name_localizations.zh-CN: Command name is invalid
        name_localizations.zh-TW: Command name is invalid
        name_localizations.hr: Command name is invalid
        name_localizations.cs: Command name is invalid
        name_localizations.id: Command name is invalid
        name_localizations.da: Command name is invalid
        name_localizations.nl: Command name is invalid
        name_localizations.fi: Command name is invalid
        name_localizations.fr: Command name is invalid
        name_localizations.de: Command name is invalid
        name_localizations.el: Command name is invalid
        name_localizations.hi: Command name is invalid
        name_localizations.hu: Command name is invalid
        name_localizations.it: Command name is invalid
        name_localizations.ja: Command name is invalid
        name_localizations.ko: Command name is invalid
        name_localizations.es-419: Command name is invalid
        name_localizations.lt: Command name is invalid
        name_localizations.no: Command name is invalid
        name_localizations.pl: Command name is invalid
        name_localizations.pt-BR: Command name is invalid
        name_localizations.ro: Command name is invalid
        name_localizations.ru: Command name is invalid
        name_localizations.es-ES: Command name is invalid
        name_localizations.sv-SE: Command name is invalid
        name_localizations.th: Command name is invalid
        name_localizations.tr: Command name is invalid
        name_localizations.uk: Command name is invalid
        name_localizations.vi: Command name is invalid
In group 'ocs' defined in module 'ballsdex.packages.balls.cog'
  In command 'ocs list' defined in function 'Balls.list'
    In parameter 'countryball'
      name_localizations.en-US: Command name is invalid
      name_localizations.en-GB: Command name is invalid
      name_localizations.bg: Command name is invalid
      name_localizations.zh-CN: Command name is invalid
      name_localizations.zh-TW: Command name is invalid
      name_localizations.hr: Command name is invalid
      name_localizations.cs: Command name is invalid
      name_localizations.id: Command name is invalid
      name_localizations.da: Command name is invalid
      name_localizations.nl: Command name is invalid
      name_localizations.fi: Command name is invalid
      name_localizations.fr: Command name is invalid
      name_localizations.de: Command name is invalid
      name_localizations.el: Command name is invalid
      name_localizations.hi: Command name is invalid
      name_localizations.hu: Command name is invalid
      name_localizations.it: Command name is invalid
      name_localizations.ja: Command name is invalid
      name_localizations.ko: Command name is invalid
      name_localizations.es-419: Command name is invalid
      name_localizations.lt: Command name is invalid
      name_localizations.no: Command name is invalid
      name_localizations.pl: Command name is invalid
      name_localizations.pt-BR: Command name is invalid
      name_localizations.ro: Command name is invalid
      name_localizations.ru: Command name is invalid
      name_localizations.es-ES: Command name is invalid
      name_localizations.sv-SE: Command name is invalid
      name_localizations.th: Command name is invalid
      name_localizations.tr: Command name is invalid
      name_localizations.uk: Command name is invalid
      name_localizations.vi: Command name is invalid
  In command 'ocs info' defined in function 'Balls.info'
    In parameter 'countryball'
      name_localizations.en-US: Command name is invalid
      name_localizations.en-GB: Command name is invalid
      name_localizations.bg: Command name is invalid
      name_localizations.zh-CN: Command name is invalid
      name_localizations.zh-TW: Command name is invalid
      name_localizations.hr: Command name is invalid
      name_localizations.cs: Command name is invalid
      name_localizations.id: Command name is invalid
      name_localizations.da: Command name is invalid
      name_localizations.nl: Command name is invalid
      name_localizations.fi: Command name is invalid
      name_localizations.fr: Command name is invalid
      name_localizations.de: Command name is invalid
      name_localizations.el: Command name is invalid
      name_localizations.hi: Command name is invalid
      name_localizations.hu: Command name is invalid
      name_localizations.it: Command name is invalid
      name_localizations.ja: Command name is invalid
      name_localizations.ko: Command name is invalid
      name_localizations.es-419: Command name is invalid
      name_localizations.lt: Command name is invalid
      name_localizations.no: Command name is invalid
      name_localizations.pl: Command name is invalid
      name_localizations.pt-BR: Command name is invalid
      name_localizations.ro: Command name is invalid
      name_localizations.ru: Command name is invalid
      name_localizations.es-ES: Command name is invalid
      name_localizations.sv-SE: Command name is invalid
      name_localizations.th: Command name is invalid
      name_localizations.tr: Command name is invalid
      name_localizations.uk: Command name is invalid
      name_localizations.vi: Command name is invalid
  In command 'ocs favorite' defined in function 'Balls.favorite'
    In parameter 'countryball'
      name_localizations.en-US: Command name is invalid
      name_localizations.en-GB: Command name is invalid
      name_localizations.bg: Command name is invalid
      name_localizations.zh-CN: Command name is invalid
      name_localizations.zh-TW: Command name is invalid
      name_localizations.hr: Command name is invalid
      name_localizations.cs: Command name is invalid
      name_localizations.id: Command name is invalid
      name_localizations.da: Command name is invalid
      name_localizations.nl: Command name is invalid
      name_localizations.fi: Command name is invalid
      name_localizations.fr: Command name is invalid
      name_localizations.de: Command name is invalid
      name_localizations.el: Command name is invalid
      name_localizations.hi: Command name is invalid
      name_localizations.hu: Command name is invalid
      name_localizations.it: Command name is invalid
      name_localizations.ja: Command name is invalid
      name_localizations.ko: Command name is invalid
      name_localizations.es-419: Command name is invalid
      name_localizations.lt: Command name is invalid
      name_localizations.no: Command name is invalid
      name_localizations.pl: Command name is invalid
      name_localizations.pt-BR: Command name is invalid
      name_localizations.ro: Command name is invalid
      name_localizations.ru: Command name is invalid
      name_localizations.es-ES: Command name is invalid
      name_localizations.sv-SE: Command name is invalid
      name_localizations.th: Command name is invalid
      name_localizations.tr: Command name is invalid
      name_localizations.uk: Command name is invalid
      name_localizations.vi: Command name is invalid
  In command 'ocs give' defined in function 'Balls.give'
    In parameter 'countryball'
      name_localizations.en-US: Command name is invalid
      name_localizations.en-GB: Command name is invalid
      name_localizations.bg: Command name is invalid
      name_localizations.zh-CN: Command name is invalid
      name_localizations.zh-TW: Command name is invalid
      name_localizations.hr: Command name is invalid
      name_localizations.cs: Command name is invalid
      name_localizations.id: Command name is invalid
      name_localizations.da: Command name is invalid
      name_localizations.nl: Command name is invalid
      name_localizations.fi: Command name is invalid
      name_localizations.fr: Command name is invalid
      name_localizations.de: Command name is invalid
      name_localizations.el: Command name is invalid
      name_localizations.hi: Command name is invalid
      name_localizations.hu: Command name is invalid
      name_localizations.it: Command name is invalid
      name_localizations.ja: Command name is invalid
      name_localizations.ko: Command name is invalid
      name_localizations.es-419: Command name is invalid
      name_localizations.lt: Command name is invalid
      name_localizations.no: Command name is invalid
      name_localizations.pl: Command name is invalid
      name_localizations.pt-BR: Command name is invalid
      name_localizations.ro: Command name is invalid
      name_localizations.ru: Command name is invalid
      name_localizations.es-ES: Command name is invalid
      name_localizations.sv-SE: Command name is invalid
      name_localizations.th: Command name is invalid
      name_localizations.tr: Command name is invalid
      name_localizations.uk: Command name is invalid
      name_localizations.vi: Command name is invalid
  In command 'ocs count' defined in function 'Balls.count'
    In parameter 'countryball'
      name_localizations.en-US: Command name is invalid
      name_localizations.en-GB: Command name is invalid
      name_localizations.bg: Command name is invalid
      name_localizations.zh-CN: Command name is invalid
      name_localizations.zh-TW: Command name is invalid
      name_localizations.hr: Command name is invalid
      name_localizations.cs: Command name is invalid
      name_localizations.id: Command name is invalid
      name_localizations.da: Command name is invalid
      name_localizations.nl: Command name is invalid
      name_localizations.fi: Command name is invalid
      name_localizations.fr: Command name is invalid
      name_localizations.de: Command name is invalid
      name_localizations.el: Command name is invalid
      name_localizations.hi: Command name is invalid
      name_localizations.hu: Command name is invalid
      name_localizations.it: Command name is invalid
      name_localizations.ja: Command name is invalid
      name_localizations.ko: Command name is invalid
      name_localizations.es-419: Command name is invalid
      name_localizations.lt: Command name is invalid
      name_localizations.no: Command name is invalid
      name_localizations.pl: Command name is invalid
      name_localizations.pt-BR: Command name is invalid
      name_localizations.ro: Command name is invalid
      name_localizations.ru: Command name is invalid
      name_localizations.es-ES: Command name is invalid
      name_localizations.sv-SE: Command name is invalid
      name_localizations.th: Command name is invalid
      name_localizations.tr: Command name is invalid
      name_localizations.uk: Command name is invalid
      name_localizations.vi: Command name is invalid
  In command 'ocs collection' defined in function 'Balls.collection'
    In parameter 'countryball'
      name_localizations.en-US: Command name is invalid
      name_localizations.en-GB: Command name is invalid
      name_localizations.bg: Command name is invalid
      name_localizations.zh-CN: Command name is invalid
      name_localizations.zh-TW: Command name is invalid
      name_localizations.hr: Command name is invalid
      name_localizations.cs: Command name is invalid
      name_localizations.id: Command name is invalid
      name_localizations.da: Command name is invalid
      name_localizations.nl: Command name is invalid
      name_localizations.fi: Command name is invalid
      name_localizations.fr: Command name is invalid
      name_localizations.de: Command name is invalid
      name_localizations.el: Command name is invalid
      name_localizations.hi: Command name is invalid
      name_localizations.hu: Command name is invalid
      name_localizations.it: Command name is invalid
      name_localizations.ja: Command name is invalid
      name_localizations.ko: Command name is invalid
      name_localizations.es-419: Command name is invalid
      name_localizations.lt: Command name is invalid
      name_localizations.no: Command name is invalid
      name_localizations.pl: Command name is invalid
      name_localizations.pt-BR: Command name is invalid
      name_localizations.ro: Command name is invalid
      name_localizations.ru: Command name is invalid
      name_localizations.es-ES: Command name is invalid
      name_localizations.sv-SE: Command name is invalid
      name_localizations.th: Command name is invalid
      name_localizations.tr: Command name is invalid
      name_localizations.uk: Command name is invalid
      name_localizations.vi: Command name is invalid
In group 'trade' defined in module 'ballsdex.packages.trade.cog'
  In command 'trade add' defined in function 'Trade.add'
    In parameter 'countryball'
      name_localizations.en-US: Command name is invalid
      name_localizations.en-GB: Command name is invalid
      name_localizations.bg: Command name is invalid
      name_localizations.zh-CN: Command name is invalid
      name_localizations.zh-TW: Command name is invalid
      name_localizations.hr: Command name is invalid
      name_localizations.cs: Command name is invalid
      name_localizations.id: Command name is invalid
      name_localizations.da: Command name is invalid
      name_localizations.nl: Command name is invalid
      name_localizations.fi: Command name is invalid
      name_localizations.fr: Command name is invalid
      name_localizations.de: Command name is invalid
      name_localizations.el: Command name is invalid
      name_localizations.hi: Command name is invalid
      name_localizations.hu: Command name is invalid
      name_localizations.it: Command name is invalid
      name_localizations.ja: Command name is invalid
      name_localizations.ko: Command name is invalid
      name_localizations.es-419: Command name is invalid
      name_localizations.lt: Command name is invalid
      name_localizations.no: Command name is invalid
      name_localizations.pl: Command name is invalid
      name_localizations.pt-BR: Command name is invalid
      name_localizations.ro: Command name is invalid
      name_localizations.ru: Command name is invalid
      name_localizations.es-ES: Command name is invalid
      name_localizations.sv-SE: Command name is invalid
      name_localizations.th: Command name is invalid
      name_localizations.tr: Command name is invalid
      name_localizations.uk: Command name is invalid
      name_localizations.vi: Command name is invalid
  In command 'trade remove' defined in function 'Trade.remove'
    In parameter 'countryball'
      name_localizations.en-US: Command name is invalid
      name_localizations.en-GB: Command name is invalid
      name_localizations.bg: Command name is invalid
      name_localizations.zh-CN: Command name is invalid
      name_localizations.zh-TW: Command name is invalid
      name_localizations.hr: Command name is invalid
      name_localizations.cs: Command name is invalid
      name_localizations.id: Command name is invalid
      name_localizations.da: Command name is invalid
      name_localizations.nl: Command name is invalid
      name_localizations.fi: Command name is invalid
      name_localizations.fr: Command name is invalid
      name_localizations.de: Command name is invalid
      name_localizations.el: Command name is invalid
      name_localizations.hi: Command name is invalid
      name_localizations.hu: Command name is invalid
      name_localizations.it: Command name is invalid
      name_localizations.ja: Command name is invalid
      name_localizations.ko: Command name is invalid
      name_localizations.es-419: Command name is invalid
      name_localizations.lt: Command name is invalid
      name_localizations.no: Command name is invalid
      name_localizations.pl: Command name is invalid
      name_localizations.pt-BR: Command name is invalid
      name_localizations.ro: Command name is invalid
      name_localizations.ru: Command name is invalid
      name_localizations.es-ES: Command name is invalid
      name_localizations.sv-SE: Command name is invalid
      name_localizations.th: Command name is invalid
      name_localizations.tr: Command name is invalid
      name_localizations.uk: Command name is invalid
      name_localizations.vi: Command name is invalid
  In command 'trade history' defined in function 'Trade.history'
    In parameter 'countryball'
      name_localizations.en-US: Command name is invalid
      name_localizations.en-GB: Command name is invalid
      name_localizations.bg: Command name is invalid
      name_localizations.zh-CN: Command name is invalid
      name_localizations.zh-TW: Command name is invalid
      name_localizations.hr: Command name is invalid
      name_localizations.cs: Command name is invalid
      name_localizations.id: Command name is invalid
      name_localizations.da: Command name is invalid
      name_localizations.nl: Command name is invalid
      name_localizations.fi: Command name is invalid
      name_localizations.fr: Command name is invalid
      name_localizations.de: Command name is invalid
      name_localizations.el: Command name is invalid
      name_localizations.hi: Command name is invalid
      name_localizations.hu: Command name is invalid
      name_localizations.it: Command name is invalid
      name_localizations.ja: Command name is invalid
      name_localizations.ko: Command name is invalid
      name_localizations.es-419: Command name is invalid
      name_localizations.lt: Command name is invalid
      name_localizations.no: Command name is invalid
      name_localizations.pl: Command name is invalid
      name_localizations.pt-BR: Command name is invalid
      name_localizations.ro: Command name is invalid
      name_localizations.ru: Command name is invalid
      name_localizations.es-ES: Command name is invalid
      name_localizations.sv-SE: Command name is invalid
      name_localizations.th: Command name is invalid
      name_localizations.tr: Command name is invalid
      name_localizations.uk: Command name is invalid
      name_localizations.vi: Command name is invalid
  In command 'trade bulk_add' defined in function 'Trade.bulk_add'
    In parameter 'countryball'
      name_localizations.en-US: Command name is invalid
      name_localizations.en-GB: Command name is invalid
      name_localizations.bg: Command name is invalid
      name_localizations.zh-CN: Command name is invalid
      name_localizations.zh-TW: Command name is invalid
      name_localizations.hr: Command name is invalid
      name_localizations.cs: Command name is invalid
      name_localizations.id: Command name is invalid
      name_localizations.da: Command name is invalid
      name_localizations.nl: Command name is invalid
      name_localizations.fi: Command name is invalid
      name_localizations.fr: Command name is invalid
      name_localizations.de: Command name is invalid
      name_localizations.el: Command name is invalid
      name_localizations.hi: Command name is invalid
      name_localizations.hu: Command name is invalid
      name_localizations.it: Command name is invalid
      name_localizations.ja: Command name is invalid
      name_localizations.ko: Command name is invalid
      name_localizations.es-419: Command name is invalid
      name_localizations.lt: Command name is invalid
      name_localizations.no: Command name is invalid
      name_localizations.pl: Command name is invalid
      name_localizations.pt-BR: Command name is invalid
      name_localizations.ro: Command name is invalid
      name_localizations.ru: Command name is invalid
      name_localizations.es-ES: Command name is invalid
      name_localizations.sv-SE: Command name is invalid
      name_localizations.th: Command name is invalid
      name_localizations.tr: Command name is invalid
      name_localizations.uk: Command name is invalid
      name_localizations.vi: Command name is invalid
[2026-03-06 01:39:51] INFO uvicorn.access: 172.18.0.3:53738 - "GET /settings/settings/1/change/ HTTP/1.0" 200
[2026-03-06 01:39:51] INFO uvicorn.access: 172.18.0.3:53748 - "GET /jsi18n/ HTTP/1.0" 200
[2026-03-06 01:40:48] INFO uvicorn.access: 172.18.0.3:50542 - "POST /settings/settings/1/change/ HTTP/1.0" 302
[2026-03-06 01:40:48] INFO uvicorn.access: 172.18.0.3:50556 - "GET /settings/settings/1/change/ HTTP/1.0" 200
[2026-03-06 01:40:48] INFO uvicorn.access: 172.18.0.3:50572 - "GET /jsi18n/ HTTP/1.0" 200
[2026-03-06 01:41:08] ERROR ballsdex.core.bot: Application command 'objects' not found
[2026-03-06 01:41:33] INFO ballsdex: Received SIGTERM, stopping the bot...
[2026-03-06 01:41:35] INFO uvicorn.error: Shutting down
[2026-03-06 01:41:35] INFO uvicorn.error: Finished server process [1]
[2026-03-06 01:42:12] INFO uvicorn.error: Started server process [1]
[2026-03-06 01:42:12] INFO uvicorn.error: Waiting for application startup.
[2026-03-06 01:42:12] INFO uvicorn.error: ASGI 'lifespan' protocol appears unsupported.
[2026-03-06 01:42:12] INFO uvicorn.error: Application startup complete.
[2026-03-06 01:42:12] INFO uvicorn.error: Uvicorn running on http://0.0.0.0:8000 (Press CTRL+C to quit)
[2026-03-06 01:42:12] INFO settings.apps: Settings read successfully.
[2026-03-06 01:42:13] INFO ballsdex: Initialized bot, connecting to Discord...
[2026-03-06 01:42:13] INFO discord.client: logging in using static token
[2026-03-06 01:42:13] INFO ballsdex.core.bot: Starting up with None shards...
[2026-03-06 01:42:14] INFO discord.gateway: Shard ID 0 has connected to Gateway (Session ID: da52145c9409231b7117f9db64e27910).
[2026-03-06 01:42:16] INFO ballsdex.core.bot: Successfully logged in as OCDEX#2184 (1459614981937954931)!
[2026-03-06 01:42:16] INFO ballsdex.core.bot: lomadinthe2nd is the owner of this bot.
[2026-03-06 01:42:16] INFO ballsdex.core.bot: Cache loaded, summary displayed below:
[2026-03-06 01:42:16] INFO ballsdex.core.bot: Loading packages...
[2026-03-06 01:42:18] INFO ballsdex.packages.countryballs: Loaded 4 guilds in cache.
[2026-03-06 01:42:19] INFO ballsdex.core.bot: Packages loaded: admin, balls, guildconfig, countryballs, info, players, trade
[2026-03-06 01:42:19] INFO ballsdex.core.bot: Syncing global commands...
[2026-03-06 01:42:22] INFO ballsdex.core.bot: Synced 7 global commands.
[2026-03-06 01:43:47] INFO ballsdex.packages.admin.balls: lomadinthe2nd spawned oc random 25 times in ocdex-testing.
[2026-03-06 01:43:54] INFO uvicorn.access: 172.19.0.3:40212 - "GET /settings/settings/1/change/ HTTP/1.0" 200
[2026-03-06 01:45:25] INFO ballsdex.core.bot: Cache loaded, summary displayed below:
[2026-03-06 01:46:14] INFO ballsdex.packages.admin.balls: lomadinthe2nd spawned oc random 14 times in ocdex-testing.
[2026-03-06 01:47:14] INFO ballsdex: Received SIGTERM, stopping the bot...
[2026-03-06 01:47:16] INFO uvicorn.error: Shutting down
[2026-03-06 01:47:17] INFO uvicorn.error: Finished server process [1]
[2026-03-06 01:48:38] INFO uvicorn.error: Started server process [1]
[2026-03-06 01:48:38] INFO uvicorn.error: Waiting for application startup.
[2026-03-06 01:48:38] INFO uvicorn.error: ASGI 'lifespan' protocol appears unsupported.
[2026-03-06 01:48:38] INFO uvicorn.error: Application startup complete.
[2026-03-06 01:48:38] INFO uvicorn.error: Uvicorn running on http://0.0.0.0:8000 (Press CTRL+C to quit)
[2026-03-06 01:48:38] INFO settings.apps: Settings read successfully.
[2026-03-06 01:48:38] INFO ballsdex: Initialized bot, connecting to Discord...
[2026-03-06 01:48:38] INFO discord.client: logging in using static token
[2026-03-06 01:48:39] INFO ballsdex.core.bot: Starting up with None shards...
[2026-03-06 01:48:40] INFO discord.gateway: Shard ID 0 has connected to Gateway (Session ID: 78439cc53a1612510b7eb507466b5a2c).
[2026-03-06 01:48:42] INFO ballsdex.core.bot: Successfully logged in as OCDEX#2184 (1459614981937954931)!
[2026-03-06 01:48:42] INFO ballsdex.core.bot: lomadinthe2nd is the owner of this bot.
[2026-03-06 01:48:43] INFO ballsdex.core.bot: Cache loaded, summary displayed below:
[2026-03-06 01:48:43] INFO ballsdex.core.bot: Loading packages...
[2026-03-06 01:48:44] INFO ballsdex.packages.countryballs: Loaded 4 guilds in cache.
[2026-03-06 01:48:45] INFO ballsdex.core.bot: Packages loaded: admin, balls, guildconfig, countryballs, info, players, trade
[2026-03-06 01:48:45] INFO ballsdex.core.bot: Syncing global commands...
[2026-03-06 01:48:48] INFO ballsdex.core.bot: Synced 7 global commands.
[2026-03-06 01:49:46] INFO ballsdex.packages.admin.balls: lomadinthe2nd spawned oc random 30 times in ocdex-testing.
[2026-03-06 01:52:48] WARNING discord.gateway: Can't keep up, shard ID 0 websocket is 41.5s behind.
[2026-03-06 02:00:58] INFO uvicorn.error: Started server process [1]
[2026-03-06 02:00:58] INFO uvicorn.error: Waiting for application startup.
[2026-03-06 02:00:58] INFO uvicorn.error: ASGI 'lifespan' protocol appears unsupported.
[2026-03-06 02:00:58] INFO uvicorn.error: Application startup complete.
[2026-03-06 02:00:58] INFO uvicorn.error: Uvicorn running on http://0.0.0.0:8000 (Press CTRL+C to quit)
[2026-03-06 02:00:58] INFO settings.apps: Settings read successfully.
[2026-03-06 02:01:00] INFO ballsdex: Initialized bot, connecting to Discord...
[2026-03-06 02:01:00] INFO discord.client: logging in using static token
[2026-03-06 02:01:01] INFO ballsdex.core.bot: Starting up with None shards...
[2026-03-06 02:01:02] INFO discord.gateway: Shard ID 0 has connected to Gateway (Session ID: c9528f359c610b41f83ce71de204746d).
[2026-03-06 02:01:04] INFO ballsdex.core.bot: Successfully logged in as OCDEX#2184 (1459614981937954931)!
[2026-03-06 02:01:04] INFO ballsdex.core.bot: lomadinthe2nd is the owner of this bot.
[2026-03-06 02:01:04] INFO ballsdex.core.bot: Cache loaded, summary displayed below:
[2026-03-06 02:01:04] INFO ballsdex.core.bot: Loading packages...
[2026-03-06 02:01:07] INFO ballsdex.packages.countryballs: Loaded 4 guilds in cache.
[2026-03-06 02:01:09] INFO ballsdex.core.bot: Packages loaded: admin, balls, guildconfig, countryballs, info, players, trade
[2026-03-06 02:01:09] INFO ballsdex.core.bot: Syncing global commands...
[2026-03-06 02:01:12] INFO ballsdex.core.bot: Synced 7 global commands.
[2026-03-06 02:03:23] INFO ballsdex.packages.admin.balls: lomadinthe2nd spawned oc random 30 times in ocdex-testing.
[2026-03-06 02:06:01] INFO ballsdex: Received SIGTERM, stopping the bot...
[2026-03-06 02:06:02] INFO uvicorn.error: Shutting down
[2026-03-06 02:06:02] INFO uvicorn.error: Finished server process [1]
[2026-03-06 02:09:19] INFO uvicorn.error: Started server process [1]
[2026-03-06 02:09:19] INFO uvicorn.error: Waiting for application startup.
[2026-03-06 02:09:19] INFO uvicorn.error: ASGI 'lifespan' protocol appears unsupported.
[2026-03-06 02:09:19] INFO ballsdex: Initialized bot, connecting to Discord...
[2026-03-06 02:09:19] INFO uvicorn.error: Application startup complete.
[2026-03-06 02:09:19] INFO discord.client: logging in using static token
[2026-03-06 02:09:19] INFO uvicorn.error: Uvicorn running on http://0.0.0.0:8000 (Press CTRL+C to quit)
[2026-03-06 02:09:19] INFO settings.apps: Settings read successfully.
[2026-03-06 02:09:20] INFO ballsdex.core.bot: Starting up with None shards...
[2026-03-06 02:09:20] INFO discord.gateway: Shard ID 0 has connected to Gateway (Session ID: f54705367dc96618c211f300743f5377).
[2026-03-06 02:09:23] INFO ballsdex.core.bot: Successfully logged in as OCDEX#2184 (1459614981937954931)!
[2026-03-06 02:09:23] INFO ballsdex.core.bot: lomadinthe2nd is the owner of this bot.
[2026-03-06 02:09:23] INFO ballsdex.core.bot: Cache loaded, summary displayed below:
[2026-03-06 02:09:23] INFO ballsdex.core.bot: Loading packages...
[2026-03-06 02:09:24] INFO ballsdex.packages.countryballs: Loaded 4 guilds in cache.
[2026-03-06 02:09:25] INFO ballsdex.core.bot: Packages loaded: admin, balls, guildconfig, countryballs, info, players, trade
[2026-03-06 02:09:25] INFO ballsdex.core.bot: Syncing global commands...
[2026-03-06 02:09:27] INFO ballsdex.core.bot: Synced 7 global commands.
[2026-03-06 02:10:11] INFO ballsdex: Received SIGTERM, stopping the bot...
[2026-03-06 02:10:11] ERROR ballsdex.core.bot: Error in event on_command_error. Args: <discord.ext.commands.context.Context object at 0x7909e4bd1160>, HybridCommandError("Hybrid command raised an error: Command 'spawn' raised an exception: ServerDisconnectedError: Server disconnected"). Kwargs: 
Traceback (most recent call last):
  File "/opt/venv/lib/python3.14/site-packages/discord/client.py", line 504, in _run_event
    await coro(*args, **kwargs)
  File "/opt/venv/lib/python3.14/site-packages/ballsdex/core/bot.py", line 499, in on_command_error
    await context.send("An unknown error occured, contact support if this persists.")
  File "/opt/venv/lib/python3.14/site-packages/discord/ext/commands/context.py", line 1138, in send
    msg = await self.interaction.followup.send(**kwargs, wait=True)
          ^^^^^^^^^^^^^^^^^^^^^^^^^^^^^^^^^^^^^^^^^^^^^^^^^^^^^^^^^
  File "/opt/venv/lib/python3.14/site-packages/discord/webhook/async_.py", line 1900, in send
    data = await adapter.execute_webhook(
           ^^^^^^^^^^^^^^^^^^^^^^^^^^^^^^
    ...<11 lines>...
    )
    ^
  File "/opt/venv/lib/python3.14/site-packages/discord/webhook/async_.py", line 182, in request
    async with session.request(
               ~~~~~~~~~~~~~~~^
        method, url, data=to_send, headers=headers, params=params, proxy=proxy, proxy_auth=proxy_auth
        ^^^^^^^^^^^^^^^^^^^^^^^^^^^^^^^^^^^^^^^^^^^^^^^^^^^^^^^^^^^^^^^^^^^^^^^^^^^^^^^^^^^^^^^^^^^^^
    ) as response:
    ^
  File "/opt/venv/lib/python3.14/site-packages/aiohttp/client.py", line 1510, in __aenter__
    self._resp: _RetType = await self._coro
                           ^^^^^^^^^^^^^^^^
  File "/opt/venv/lib/python3.14/site-packages/aiohttp/client.py", line 529, in _request
    raise RuntimeError("Session is closed")
RuntimeError: Session is closed
[2026-03-06 02:10:12] INFO uvicorn.error: Shutting down
[2026-03-06 02:10:12] INFO uvicorn.error: Finished server process [1]
[2026-03-06 03:13:16] INFO uvicorn.error: Started server process [1]
[2026-03-06 03:13:16] INFO uvicorn.error: Waiting for application startup.
[2026-03-06 03:13:16] INFO uvicorn.error: ASGI 'lifespan' protocol appears unsupported.
[2026-03-06 03:13:16] INFO uvicorn.error: Application startup complete.
[2026-03-06 03:13:16] INFO uvicorn.error: Uvicorn running on http://0.0.0.0:8000 (Press CTRL+C to quit)
[2026-03-06 03:13:16] INFO settings.apps: Settings read successfully.
[2026-03-06 03:13:16] INFO ballsdex: Initialized bot, connecting to Discord...
[2026-03-06 03:13:16] INFO discord.client: logging in using static token
[2026-03-06 03:13:16] INFO ballsdex.core.bot: Starting up with None shards...
[2026-03-06 03:13:17] INFO discord.gateway: Shard ID 0 has connected to Gateway (Session ID: 82ef7e3d1412c80e8e500c0b223eb073).
[2026-03-06 03:13:19] INFO ballsdex.core.bot: Successfully logged in as OCDEX#2184 (1459614981937954931)!
[2026-03-06 03:13:19] INFO ballsdex.core.bot: lomadinthe2nd is the owner of this bot.
[2026-03-06 03:13:20] INFO ballsdex.core.bot: Cache loaded, summary displayed below:
[2026-03-06 03:13:20] INFO ballsdex.core.bot: Loading packages...
[2026-03-06 03:13:21] INFO ballsdex.packages.countryballs: Loaded 4 guilds in cache.
[2026-03-06 03:13:23] INFO ballsdex.core.bot: Packages loaded: admin, balls, guildconfig, countryballs, info, players, trade
[2026-03-06 03:13:23] INFO ballsdex.core.bot: Syncing global commands...
[2026-03-06 03:13:24] INFO ballsdex.core.bot: Synced 7 global commands.
[2026-03-06 03:21:16] INFO ballsdex.packages.admin.balls: lomadinthe2nd spawned oc random 5 times in ocdex-testing.
[2026-03-06 03:35:25] INFO ballsdex: Received SIGTERM, stopping the bot...
[2026-03-06 03:35:29] INFO uvicorn.error: Shutting down
[2026-03-06 03:35:29] INFO uvicorn.error: Finished server process [1]
[2026-03-06 03:51:27] INFO uvicorn.error: Started server process [1]
[2026-03-06 03:51:27] INFO uvicorn.error: Waiting for application startup.
[2026-03-06 03:51:27] INFO uvicorn.error: ASGI 'lifespan' protocol appears unsupported.
[2026-03-06 03:51:27] INFO uvicorn.error: Application startup complete.
[2026-03-06 03:51:27] INFO uvicorn.error: Uvicorn running on http://0.0.0.0:8000 (Press CTRL+C to quit)
[2026-03-06 03:51:27] INFO settings.apps: Settings read successfully.
[2026-03-06 03:51:27] INFO ballsdex: Initialized bot, connecting to Discord...
[2026-03-06 03:51:27] INFO discord.client: logging in using static token
[2026-03-06 03:51:28] INFO ballsdex.core.bot: Starting up with None shards...
[2026-03-06 03:51:29] INFO discord.gateway: Shard ID 0 has connected to Gateway (Session ID: 578e719e2902153840695c05ff2fb99a).
[2026-03-06 03:51:31] INFO ballsdex.core.bot: Successfully logged in as OCDEX#2184 (1459614981937954931)!
[2026-03-06 03:51:31] INFO ballsdex.core.bot: lomadinthe2nd is the owner of this bot.
[2026-03-06 03:51:31] INFO ballsdex.core.bot: Cache loaded, summary displayed below:
[2026-03-06 03:51:31] INFO ballsdex.core.bot: Loading packages...
[2026-03-06 03:51:34] INFO ballsdex.packages.countryballs: Loaded 4 guilds in cache.
[2026-03-06 03:51:35] INFO ballsdex.core.bot: Packages loaded: admin, balls, guildconfig, countryballs, info, players, trade
[2026-03-06 03:51:35] INFO ballsdex.core.bot: Syncing global commands...
[2026-03-06 03:51:38] INFO ballsdex.core.bot: Synced 7 global commands.
[2026-03-06 06:13:21] INFO discord.gateway: Shard ID 0 has successfully RESUMED session 578e719e2902153840695c05ff2fb99a.
[2026-03-06 06:32:18] INFO discord.gateway: Shard ID 0 has successfully RESUMED session 578e719e2902153840695c05ff2fb99a.
[2026-03-06 08:24:51] INFO discord.gateway: Shard ID 0 has successfully RESUMED session 578e719e2902153840695c05ff2fb99a.
[2026-03-06 09:13:40] ERROR ballsdex.packages.countryballs: An error occured in countryball catching prompt
Traceback (most recent call last):
  File "/opt/venv/lib/python3.14/site-packages/discord/ui/modal.py", line 216, in _scheduled_task
    await self.on_submit(interaction)
  File "/opt/venv/lib/python3.14/site-packages/ballsdex/packages/countryballs/countryball.py", line 66, in on_submit
    wrong_message = settings.get_random_message(PromptMessage.PromptType.WRONG).format(
        user=interaction.user.mention,
    ...<4 lines>...
        emoji=interaction.client.get_emoji(self.view.model.emoji_id),
    )
KeyError: 'guess'
[2026-03-06 10:13:20] INFO discord.gateway: Shard ID 0 has successfully RESUMED session 578e719e2902153840695c05ff2fb99a.
[2026-03-06 11:21:25] INFO discord.gateway: Shard ID 0 has successfully RESUMED session 578e719e2902153840695c05ff2fb99a.
[2026-03-06 15:00:48] INFO discord.gateway: Shard ID 0 has successfully RESUMED session 578e719e2902153840695c05ff2fb99a.
[2026-03-06 16:05:36] INFO ballsdex.core.bot: Cache loaded, summary displayed below:
[2026-03-06 16:05:47] INFO ballsdex.packages.admin.balls: lomadinthe2nd spawned oc Greywater Bucket in general-💬✺ (special=Danganronpa).
[2026-03-06 17:09:42] INFO discord.gateway: Shard ID 0 has successfully RESUMED session 578e719e2902153840695c05ff2fb99a.
[2026-03-06 20:01:29] INFO discord.gateway: Shard ID 0 has successfully RESUMED session 578e719e2902153840695c05ff2fb99a.
[2026-03-06 22:08:01] INFO ballsdex.packages.admin.balls: lomadinthe2nd spawned oc F8-Ball in general (special=Danganronpa).
[2026-03-06 22:46:36] INFO discord.gateway: Shard ID 0 has successfully RESUMED session 578e719e2902153840695c05ff2fb99a.
[2026-03-06 22:53:58] INFO uvicorn.access: 172.18.0.3:52056 - "GET / HTTP/1.0" 302
[2026-03-06 22:54:00] INFO uvicorn.access: 172.18.0.3:52064 - "GET /login/?next=/ HTTP/1.0" 200
[2026-03-06 22:55:16] INFO uvicorn.access: 172.18.0.3:57926 - "GET / HTTP/1.0" 302
[2026-03-06 22:55:16] INFO uvicorn.access: 172.18.0.3:57930 - "GET /login/?next=/ HTTP/1.0" 200
[2026-03-06 22:55:18] WARNING django.request: Not Found: /favicon.ico
[2026-03-06 22:55:18] INFO uvicorn.access: 172.18.0.3:57934 - "GET /favicon.ico HTTP/1.0" 404
[2026-03-06 22:55:23] INFO uvicorn.access: 172.18.0.3:57938 - "GET /login/discord/ HTTP/1.0" 302
[2026-03-06 22:55:33] INFO uvicorn.access: 172.18.0.3:38574 - "GET /complete/discord/?code=YISYLTqPcXuVrBXCJ7wGs0PMOz2z1u&state=9FkKr7keEC0IDEDyjhcY50Id8lZBFRiq HTTP/1.0" 302
[2026-03-06 22:55:33] INFO uvicorn.access: 172.18.0.3:38586 - "GET / HTTP/1.0" 200
[2026-03-06 22:56:43] INFO uvicorn.access: 172.18.0.3:45920 - "GET /bd_models/special/ HTTP/1.0" 200
[2026-03-06 22:56:44] INFO uvicorn.access: 172.18.0.3:45926 - "GET /jsi18n/ HTTP/1.0" 200
[2026-03-06 22:56:47] INFO uvicorn.access: 172.18.0.3:32872 - "GET /bd_models/special/add/ HTTP/1.0" 200
[2026-03-06 22:56:47] INFO uvicorn.access: 172.18.0.3:32882 - "GET /jsi18n/ HTTP/1.0" 200
[2026-03-06 22:56:56] INFO uvicorn.access: 172.18.0.3:54006 - "GET /bd_models/special/ HTTP/1.0" 200
[2026-03-06 22:56:56] INFO uvicorn.access: 172.18.0.3:54018 - "GET /jsi18n/ HTTP/1.0" 200
[2026-03-06 22:56:58] INFO uvicorn.access: 172.18.0.3:54032 - "GET /bd_models/special/1/change/ HTTP/1.0" 200
[2026-03-06 22:56:58] INFO uvicorn.access: 172.18.0.3:54042 - "GET /jsi18n/ HTTP/1.0" 200
[2026-03-06 22:57:01] INFO uvicorn.access: 172.18.0.3:54048 - "GET /special/generate/1 HTTP/1.0" 200
[2026-03-06 22:57:08] INFO uvicorn.access: 172.18.0.3:35730 - "POST /bd_models/special/1/change/ HTTP/1.0" 302
[2026-03-06 22:57:08] INFO uvicorn.access: 172.18.0.3:35734 - "GET /bd_models/special/add/ HTTP/1.0" 200
[2026-03-06 22:57:09] INFO uvicorn.access: 172.18.0.3:35742 - "GET /jsi18n/ HTTP/1.0" 200
[2026-03-06 22:57:13] INFO uvicorn.access: 172.18.0.3:35744 - "GET /bd_models/special/ HTTP/1.0" 200
[2026-03-06 22:57:13] INFO uvicorn.access: 172.18.0.3:35746 - "GET /jsi18n/ HTTP/1.0" 200
[2026-03-06 22:57:14] INFO uvicorn.access: 172.18.0.3:35756 - "GET /bd_models/special/2/change/ HTTP/1.0" 200
[2026-03-06 22:57:15] INFO uvicorn.access: 172.18.0.3:55714 - "GET /jsi18n/ HTTP/1.0" 200
[2026-03-06 22:57:18] INFO uvicorn.access: 172.18.0.3:55728 - "GET /special/generate/2 HTTP/1.0" 200
[2026-03-06 22:57:27] INFO uvicorn.access: 172.18.0.3:32850 - "POST /bd_models/special/2/change/ HTTP/1.0" 302
[2026-03-06 22:57:27] INFO uvicorn.access: 172.18.0.3:32866 - "GET /bd_models/special/ HTTP/1.0" 200
[2026-03-06 22:57:28] INFO uvicorn.access: 172.18.0.3:32876 - "GET /jsi18n/ HTTP/1.0" 200
[2026-03-06 22:57:34] INFO uvicorn.access: 172.18.0.3:32890 - "GET /bd_models/special/add/ HTTP/1.0" 200
[2026-03-06 22:57:34] INFO uvicorn.access: 172.18.0.3:32906 - "GET /jsi18n/ HTTP/1.0" 200
[2026-03-06 23:00:09] INFO uvicorn.access: 172.18.0.3:40374 - "POST /bd_models/special/add/ HTTP/1.0" 302
[2026-03-06 23:00:09] INFO uvicorn.access: 172.18.0.3:40388 - "GET /bd_models/special/ HTTP/1.0" 200
[2026-03-06 23:00:09] INFO uvicorn.access: 172.18.0.3:40392 - "GET /jsi18n/ HTTP/1.0" 200
[2026-03-06 23:00:13] INFO uvicorn.access: 172.18.0.3:40408 - "GET /bd_models/special/3/change/ HTTP/1.0" 200
[2026-03-06 23:00:14] INFO uvicorn.access: 172.18.0.3:40424 - "GET /jsi18n/ HTTP/1.0" 200
[2026-03-06 23:00:15] INFO uvicorn.access: 172.18.0.3:40434 - "GET /special/generate/3 HTTP/1.0" 200
[2026-03-06 23:00:19] INFO uvicorn.access: 172.18.0.3:49554 - "POST /bd_models/special/3/change/ HTTP/1.0" 302
[2026-03-06 23:00:19] INFO uvicorn.access: 172.18.0.3:49564 - "GET /bd_models/special/ HTTP/1.0" 200
[2026-03-06 23:00:19] INFO uvicorn.access: 172.18.0.3:49568 - "GET /jsi18n/ HTTP/1.0" 200
[2026-03-06 23:00:50] INFO ballsdex.core.bot: Cache loaded, summary displayed below:
[2026-03-06 23:02:37] INFO ballsdex.packages.admin.balls: lomadinthe2nd spawned oc Purple Block in ocdex-testing.
[2026-03-06 23:02:52] INFO ballsdex.packages.admin.balls: lomadinthe2nd spawned oc Acid Star in ocdex-testing.
[2026-03-06 23:03:53] INFO ballsdex.packages.admin.balls: lomadinthe2nd spawned oc F8-Ball in ocdex-testing (special=Load).
[2026-03-06 23:04:32] INFO ballsdex.packages.admin.balls: lomadinthe2nd soft deleted 🚫 🎱#13C F8-Ball(316).
[2026-03-06 23:05:11] INFO ballsdex.packages.admin.balls: lomadinthe2nd spawned oc F8-Ball in ocdex-testing (special=Danganronpa).
[2026-03-06 23:23:31] INFO uvicorn.access: 172.18.0.3:39174 - "GET /bd_models/special/add/ HTTP/1.0" 200
[2026-03-06 23:23:32] INFO uvicorn.access: 172.18.0.3:39182 - "GET /jsi18n/ HTTP/1.0" 200
[2026-03-06 23:25:03] INFO uvicorn.access: 172.18.0.3:53294 - "POST /bd_models/special/add/ HTTP/1.0" 302
[2026-03-06 23:25:03] INFO uvicorn.access: 172.18.0.3:53306 - "GET /bd_models/special/ HTTP/1.0" 200
[2026-03-06 23:25:03] INFO uvicorn.access: 172.18.0.3:53310 - "GET /jsi18n/ HTTP/1.0" 200
[2026-03-06 23:25:23] INFO uvicorn.access: 172.18.0.3:43246 - "GET /bd_models/special/4/change/ HTTP/1.0" 200
[2026-03-06 23:25:24] INFO uvicorn.access: 172.18.0.3:43256 - "GET /jsi18n/ HTTP/1.0" 200
[2026-03-06 23:25:25] INFO uvicorn.access: 172.18.0.3:43270 - "GET /special/generate/4 HTTP/1.0" 200
[2026-03-06 23:25:37] INFO uvicorn.access: 172.18.0.3:37786 - "POST /bd_models/special/4/change/ HTTP/1.0" 302
[2026-03-06 23:25:37] INFO uvicorn.access: 172.18.0.3:37792 - "GET /bd_models/special/ HTTP/1.0" 200
[2026-03-06 23:25:37] INFO uvicorn.access: 172.18.0.3:37794 - "GET /jsi18n/ HTTP/1.0" 200
[2026-03-06 23:26:03] INFO ballsdex.packages.admin.balls: lomadinthe2nd spawned oc Acid Star in ocdex-testing (special=Stop).
[2026-03-06 23:26:15] INFO ballsdex.core.bot: Cache loaded, summary displayed below:
[2026-03-06 23:26:35] INFO uvicorn.access: 172.18.0.3:52512 - "GET /bd_models/special/4/change/ HTTP/1.0" 200
[2026-03-06 23:26:35] INFO uvicorn.access: 172.18.0.3:52518 - "GET /jsi18n/ HTTP/1.0" 200
[2026-03-06 23:26:36] INFO uvicorn.access: 172.18.0.3:52528 - "GET /special/generate/4 HTTP/1.0" 200
[2026-03-06 23:26:52] INFO uvicorn.access: 172.18.0.3:54450 - "POST /bd_models/special/4/change/ HTTP/1.0" 302
[2026-03-06 23:26:53] INFO uvicorn.access: 172.18.0.3:54460 - "GET /bd_models/special/ HTTP/1.0" 200
[2026-03-06 23:26:53] INFO uvicorn.access: 172.18.0.3:54466 - "GET /jsi18n/ HTTP/1.0" 200
[2026-03-06 23:27:01] INFO ballsdex.packages.admin.balls: lomadinthe2nd spawned oc Acid Star in ocdex-testing (special=Stop).
[2026-03-06 23:27:19] INFO ballsdex.core.bot: Cache loaded, summary displayed below:
[2026-03-07 01:25:34] WARNING discord.gateway: Shard ID 0 has stopped responding to the gateway. Closing and restarting.
[2026-03-07 01:25:46] INFO discord.gateway: Shard ID 0 session has been invalidated.
[2026-03-07 01:25:53] INFO discord.gateway: Shard ID 0 has connected to Gateway (Session ID: 77e4df496ab06a83624b0848c54f8830).
[2026-03-07 02:24:38] INFO discord.gateway: Shard ID 0 has successfully RESUMED session 77e4df496ab06a83624b0848c54f8830.
[2026-03-07 02:57:31] INFO discord.gateway: Shard ID 0 has successfully RESUMED session 77e4df496ab06a83624b0848c54f8830.
[2026-03-07 03:26:49] INFO discord.gateway: Shard ID 0 has successfully RESUMED session 77e4df496ab06a83624b0848c54f8830.
[2026-03-07 04:27:05] INFO discord.gateway: Shard ID 0 has successfully RESUMED session 77e4df496ab06a83624b0848c54f8830.
[2026-03-07 04:46:43] INFO discord.gateway: Shard ID 0 has successfully RESUMED session 77e4df496ab06a83624b0848c54f8830.
[2026-03-07 07:52:57] INFO discord.gateway: Shard ID 0 has successfully RESUMED session 77e4df496ab06a83624b0848c54f8830.
[2026-03-07 11:40:56] INFO discord.gateway: Shard ID 0 has successfully RESUMED session 77e4df496ab06a83624b0848c54f8830.
[2026-03-07 12:33:34] INFO discord.gateway: Shard ID 0 has successfully RESUMED session 77e4df496ab06a83624b0848c54f8830.
[2026-03-07 14:07:24] INFO discord.gateway: Shard ID 0 has successfully RESUMED session 77e4df496ab06a83624b0848c54f8830.
[2026-03-07 17:49:07] INFO discord.gateway: Shard ID 0 has successfully RESUMED session 77e4df496ab06a83624b0848c54f8830.
[2026-03-07 19:32:08] INFO discord.gateway: Shard ID 0 has successfully RESUMED session 77e4df496ab06a83624b0848c54f8830.
[2026-03-07 21:45:49] INFO discord.gateway: Shard ID 0 has successfully RESUMED session 77e4df496ab06a83624b0848c54f8830.
[2026-03-08 00:07:18] INFO discord.gateway: Shard ID 0 has successfully RESUMED session 77e4df496ab06a83624b0848c54f8830.
[2026-03-08 01:03:59] INFO discord.gateway: Shard ID 0 has successfully RESUMED session 77e4df496ab06a83624b0848c54f8830.
[2026-03-08 02:04:02] INFO discord.gateway: Shard ID 0 has successfully RESUMED session 77e4df496ab06a83624b0848c54f8830.
[2026-03-08 02:51:23] INFO discord.gateway: Shard ID 0 has successfully RESUMED session 77e4df496ab06a83624b0848c54f8830.
[2026-03-08 03:02:49] INFO discord.gateway: Shard ID 0 has successfully RESUMED session 77e4df496ab06a83624b0848c54f8830.
[2026-03-08 05:06:06] ERROR ballsdex.packages.countryballs: An error occured in countryball catching prompt
Traceback (most recent call last):
  File "/opt/venv/lib/python3.14/site-packages/discord/ui/modal.py", line 216, in _scheduled_task
    await self.on_submit(interaction)
  File "/opt/venv/lib/python3.14/site-packages/ballsdex/packages/countryballs/countryball.py", line 66, in on_submit
    wrong_message = settings.get_random_message(PromptMessage.PromptType.WRONG).format(
        user=interaction.user.mention,
    ...<4 lines>...
        emoji=interaction.client.get_emoji(self.view.model.emoji_id),
    )
KeyError: 'guess'
[2026-03-08 05:06:22] ERROR ballsdex.packages.countryballs: An error occured in countryball catching prompt
Traceback (most recent call last):
  File "/opt/venv/lib/python3.14/site-packages/discord/ui/modal.py", line 216, in _scheduled_task
    await self.on_submit(interaction)
  File "/opt/venv/lib/python3.14/site-packages/ballsdex/packages/countryballs/countryball.py", line 66, in on_submit
    wrong_message = settings.get_random_message(PromptMessage.PromptType.WRONG).format(
        user=interaction.user.mention,
    ...<4 lines>...
        emoji=interaction.client.get_emoji(self.view.model.emoji_id),
    )
KeyError: 'guess'
[2026-03-08 06:28:40] INFO discord.gateway: Shard ID 0 has successfully RESUMED session 77e4df496ab06a83624b0848c54f8830.
[2026-03-08 06:46:38] INFO discord.gateway: Shard ID 0 has successfully RESUMED session 77e4df496ab06a83624b0848c54f8830.
[2026-03-08 09:31:21] INFO discord.gateway: Shard ID 0 has successfully RESUMED session 77e4df496ab06a83624b0848c54f8830.
[2026-03-08 12:08:53] INFO discord.gateway: Shard ID 0 has successfully RESUMED session 77e4df496ab06a83624b0848c54f8830.
[2026-03-08 15:51:10] INFO discord.gateway: Shard ID 0 has successfully RESUMED session 77e4df496ab06a83624b0848c54f8830.
[2026-03-08 17:21:39] INFO discord.gateway: Shard ID 0 has successfully RESUMED session 77e4df496ab06a83624b0848c54f8830.
[2026-03-08 22:20:45] INFO discord.gateway: Shard ID 0 session has been invalidated.
[2026-03-08 22:21:13] INFO discord.gateway: Shard ID 0 has connected to Gateway (Session ID: 52c09c71cdfdd1348089bd524ef90a2b).
[2026-03-08 22:22:06] WARNING discord.gateway: Shard ID 0 heartbeat blocked for more than 10 seconds.
Loop thread traceback (most recent call last):
  File "<frozen runpy>", line 198, in _run_module_as_main
  File "<frozen runpy>", line 88, in _run_code
  File "/opt/venv/lib/python3.14/site-packages/ballsdex/__main__.py", line 15, in <module>
    main()
  File "/opt/venv/lib/python3.14/site-packages/ballsdex/__main__.py", line 11, in main
    execute_from_command_line(sys.argv)
  File "/opt/venv/lib/python3.14/site-packages/django/core/management/__init__.py", line 443, in execute_from_command_line
    utility.execute()
  File "/opt/venv/lib/python3.14/site-packages/django/core/management/__init__.py", line 437, in execute
    self.fetch_command(subcommand).run_from_argv(self.argv)
  File "/opt/venv/lib/python3.14/site-packages/django/core/management/base.py", line 416, in run_from_argv
    self.execute(*args, **cmd_options)
  File "/opt/venv/lib/python3.14/site-packages/django/core/management/base.py", line 460, in execute
    output = self.handle(*args, **options)
  File "/opt/venv/lib/python3.14/site-packages/bd_models/management/commands/startbot.py", line 352, in handle
    loop.run_forever()
  File "/usr/local/lib/python3.14/asyncio/base_events.py", line 677, in run_forever
    self._run_once()
  File "/usr/local/lib/python3.14/asyncio/base_events.py", line 2046, in _run_once
    handle._run()
  File "/usr/local/lib/python3.14/asyncio/events.py", line 94, in _run
    self._context.run(self._callback, *self._args)
  File "/opt/venv/lib/python3.14/site-packages/discord/shard.py", line 173, in worker
    await self.ws.poll_event()
  File "/opt/venv/lib/python3.14/site-packages/discord/gateway.py", line 635, in poll_event
    await self.received_message(msg.data)
  File "/opt/venv/lib/python3.14/site-packages/discord/gateway.py", line 582, in received_message
    func(data)
  File "/opt/venv/lib/python3.14/site-packages/discord/state.py", line 1978, in parse_ready
    self._update_message_references()
  File "/opt/venv/lib/python3.14/site-packages/discord/state.py", line 532, in _add_guild_from_data
    return guild
  File "/opt/venv/lib/python3.14/site-packages/discord/guild.py", line 472, in __init__
    self._from_data(data)
  File "/opt/venv/lib/python3.14/site-packages/discord/guild.py", line 680, in _from_data
    if 'soundboard_sounds' in guild:
  File "/opt/venv/lib/python3.14/site-packages/discord/flags.py", line 123, in __get__
    return instance._has_flag(self.flag)
  File "/opt/venv/lib/python3.14/site-packages/discord/flags.py", line 229, in _has_flag
    return (self.value & o) == o

[2026-03-08 22:22:08] ERROR discord.shard: Attempting a reconnect for shard ID 0 in 1.94s
Traceback (most recent call last):
  File "/opt/venv/lib/python3.14/site-packages/discord/shard.py", line 173, in worker
    await self.ws.poll_event()
  File "/opt/venv/lib/python3.14/site-packages/discord/gateway.py", line 635, in poll_event
    await self.received_message(msg.data)
  File "/opt/venv/lib/python3.14/site-packages/discord/gateway.py", line 540, in received_message
    await self.send_as_json(beat)
  File "/opt/venv/lib/python3.14/site-packages/discord/gateway.py", line 671, in send_as_json
    await self.send(utils._to_json(data))
  File "/opt/venv/lib/python3.14/site-packages/discord/gateway.py", line 667, in send
    await self.socket.send_str(data)
  File "/opt/venv/lib/python3.14/site-packages/aiohttp/client_ws.py", line 245, in send_str
    await self._writer.send_frame(
        data.encode("utf-8"), WSMsgType.TEXT, compress=compress
    )
  File "/opt/venv/lib/python3.14/site-packages/aiohttp/_websocket/writer.py", line 83, in send_frame
    self._write_websocket_frame(message, opcode, 0)
    ~~~~~~~~~~~~~~~~~~~~~~~~~~~^^^^^^^^^^^^^^^^^^^^
  File "/opt/venv/lib/python3.14/site-packages/aiohttp/_websocket/writer.py", line 151, in _write_websocket_frame
    raise ClientConnectionResetError("Cannot write to closing transport")
aiohttp.client_exceptions.ClientConnectionResetError: Cannot write to closing transport
[2026-03-08 22:22:18] INFO discord.gateway: Shard ID 0 has connected to Gateway (Session ID: f550d99df3e756fc5a95a85375274d5e).
[2026-03-09 00:02:55] INFO ballsdex.packages.admin.balls: lomadinthe2nd spawned oc Purple Block in ︴admin-bot-commands-📡.
[2026-03-09 00:03:41] INFO ballsdex.packages.admin.balls: lomadinthe2nd spawned oc F8-Ball in ︴admin-bot-commands-📡.
[2026-03-09 00:03:56] INFO ballsdex.packages.admin.balls: lomadinthe2nd spawned oc Acid Star in ︴admin-bot-commands-📡.
[2026-03-09 00:04:51] INFO ballsdex.packages.admin.balls: lomadinthe2nd spawned oc Yoyleshake in ︴admin-bot-commands-📡.
[2026-03-09 00:05:40] INFO ballsdex.packages.admin.balls: lomadinthe2nd spawned oc Acid Star in ︴admin-bot-commands-📡.
[2026-03-09 00:06:32] INFO ballsdex.packages.admin.balls: lomadinthe2nd spawned oc Acid Star in ︴admin-bot-commands-📡.
[2026-03-09 00:06:49] INFO ballsdex.packages.admin.balls: lomadinthe2nd spawned oc F8-Ball in ︴admin-bot-commands-📡.
[2026-03-09 00:07:00] INFO ballsdex.packages.admin.balls: lomadinthe2nd spawned oc Greywater Bucket in ︴admin-bot-commands-📡.
[2026-03-09 00:07:08] INFO ballsdex.packages.admin.balls: lomadinthe2nd spawned oc Dream Berry SoDa in ︴admin-bot-commands-📡.
[2026-03-09 00:07:16] INFO ballsdex.packages.admin.balls: lomadinthe2nd spawned oc F8-Ball in ︴admin-bot-commands-📡.
[2026-03-09 00:07:27] INFO ballsdex.packages.admin.balls: lomadinthe2nd spawned oc Acid Star in ︴admin-bot-commands-📡.
[2026-03-09 00:07:35] INFO ballsdex.packages.admin.balls: lomadinthe2nd spawned oc Purple Block in ︴admin-bot-commands-📡.
[2026-03-09 00:10:28] INFO discord.gateway: Shard ID 0 has successfully RESUMED session f550d99df3e756fc5a95a85375274d5e.
[2026-03-09 00:10:48] INFO ballsdex.packages.admin.balls: lomadinthe2nd spawned oc Acid Star in ︴ocdex-testing-💿.
[2026-03-09 00:10:53] INFO ballsdex.packages.admin.balls: lomadinthe2nd spawned oc Yoyleshake in ︴ocdex-testing-💿.
[2026-03-09 00:11:00] INFO ballsdex.packages.admin.balls: lomadinthe2nd spawned oc Greywater Bucket in ︴ocdex-testing-💿.
[2026-03-09 00:11:33] INFO uvicorn.access: 172.18.0.3:39516 - "GET / HTTP/1.0" 302
[2026-03-09 00:11:33] INFO uvicorn.access: 172.18.0.3:39522 - "GET /login/?next=/ HTTP/1.0" 200
[2026-03-09 00:11:34] WARNING django.request: Not Found: /favicon.ico
[2026-03-09 00:11:34] INFO uvicorn.access: 172.18.0.3:56428 - "GET /favicon.ico HTTP/1.0" 404
[2026-03-09 00:11:36] INFO uvicorn.access: 172.18.0.3:56430 - "GET /login/discord/ HTTP/1.0" 302
[2026-03-09 00:11:44] INFO uvicorn.access: 172.18.0.3:56434 - "GET /complete/discord/?code=wk3cTGXQCqKlM1K4KyMmuYq4wNZGTa&state=z9nshNK4h5iNmxjRQKssl15fJep4KybU HTTP/1.0" 302
[2026-03-09 00:11:45] INFO uvicorn.access: 172.18.0.3:36716 - "GET / HTTP/1.0" 200
[2026-03-09 00:11:48] INFO uvicorn.access: 172.18.0.3:36718 - "GET /bd_models/ball/ HTTP/1.0" 200
[2026-03-09 00:11:48] INFO uvicorn.access: 172.18.0.3:36720 - "GET /jsi18n/ HTTP/1.0" 200
[2026-03-09 00:12:04] INFO ballsdex.packages.admin.balls: lomadinthe2nd spawned oc Dream Berry SoDa in ︴ocdex-testing-💿.
[2026-03-09 00:12:17] INFO ballsdex.packages.admin.balls: lomadinthe2nd spawned oc Purple Block in ︴ocdex-testing-💿.
[2026-03-09 00:12:39] INFO uvicorn.access: 172.18.0.3:57446 - "GET /bd_models/ball/8/change/ HTTP/1.0" 200
[2026-03-09 00:12:39] INFO uvicorn.access: 172.18.0.3:57460 - "GET /jsi18n/ HTTP/1.0" 200
[2026-03-09 00:12:43] INFO uvicorn.access: 172.18.0.3:57472 - "GET /ball/generate/8 HTTP/1.0" 200
[2026-03-09 00:12:46] INFO ballsdex.packages.admin.balls: lomadinthe2nd spawned oc Greywater Bucket in ︴ocdex-testing-💿.
[2026-03-09 00:13:42] INFO ballsdex.packages.admin.balls: lomadinthe2nd spawned oc Yoyleshake in ︴ocdex-testing-💿.
[2026-03-09 00:13:46] INFO ballsdex.packages.admin.balls: lomadinthe2nd spawned oc Yoyleshake in ︴ocdex-testing-💿.
[2026-03-09 00:13:52] INFO ballsdex.packages.admin.balls: lomadinthe2nd spawned oc Yoyleshake in ︴ocdex-testing-💿.
[2026-03-09 00:14:15] INFO ballsdex.packages.admin.balls: lomadinthe2nd spawned oc Yoyleshake in ︴moderator-only-💬.
[2026-03-09 00:18:03] INFO ballsdex.packages.admin.balls: lomadinthe2nd spawned oc Yoyleshake in general.
[2026-03-09 00:18:21] INFO ballsdex.packages.admin.balls: lomadinthe2nd spawned oc Yoyleshake in ┆ocdex-⚛️.
[2026-03-09 00:25:04] INFO uvicorn.access: 172.18.0.3:59626 - "GET /bd_models/ball/ HTTP/1.0" 200
[2026-03-09 00:25:04] INFO uvicorn.access: 172.18.0.3:59642 - "GET /jsi18n/ HTTP/1.0" 200
[2026-03-09 02:49:54] INFO uvicorn.access: 172.18.0.3:50054 - "GET /bd_models/ball/ HTTP/1.0" 200
[2026-03-09 02:49:55] WARNING django.request: Not Found: /favicon.ico
[2026-03-09 02:49:55] INFO uvicorn.access: 172.18.0.3:50056 - "GET /favicon.ico HTTP/1.0" 404
[2026-03-09 02:49:58] INFO uvicorn.access: 172.18.0.3:50070 - "GET /bd_models/ball/add/ HTTP/1.0" 200
[2026-03-09 02:49:58] INFO uvicorn.access: 172.18.0.3:50082 - "GET /jsi18n/ HTTP/1.0" 200
[2026-03-09 03:07:25] INFO uvicorn.access: 172.18.0.3:49722 - "GET /autocomplete/?app_label=bd_models&model_name=ball&field_name=economy HTTP/1.0" 200
[2026-03-09 03:07:27] INFO uvicorn.access: 172.18.0.3:49738 - "GET /autocomplete/?app_label=bd_models&model_name=ball&field_name=regime HTTP/1.0" 200
[2026-03-09 03:09:11] INFO uvicorn.access: 172.18.0.3:52884 - "POST /bd_models/ball/add/ HTTP/1.0" 200
[2026-03-09 03:09:12] INFO uvicorn.access: 172.18.0.3:52898 - "GET /jsi18n/ HTTP/1.0" 200
[2026-03-09 03:09:24] INFO uvicorn.access: 172.18.0.3:37738 - "POST /bd_models/ball/add/ HTTP/1.0" 302
[2026-03-09 03:09:25] INFO uvicorn.access: 172.18.0.3:37740 - "GET /bd_models/ball/9/change/ HTTP/1.0" 200
[2026-03-09 03:09:25] INFO uvicorn.access: 172.18.0.3:37748 - "GET /jsi18n/ HTTP/1.0" 200
[2026-03-09 03:09:26] INFO uvicorn.access: 172.18.0.3:37760 - "GET /ball/generate/9 HTTP/1.0" 200
[2026-03-09 03:09:51] INFO uvicorn.access: 172.18.0.3:38630 - "POST /bd_models/ball/9/change/ HTTP/1.0" 302
[2026-03-09 03:09:51] INFO uvicorn.access: 172.18.0.3:38636 - "GET /bd_models/ball/9/change/ HTTP/1.0" 200
[2026-03-09 03:09:51] INFO uvicorn.access: 172.18.0.3:38650 - "GET /jsi18n/ HTTP/1.0" 200
[2026-03-09 03:09:52] INFO uvicorn.access: 172.18.0.3:38656 - "GET /ball/generate/9 HTTP/1.0" 200
[2026-03-09 03:10:15] INFO uvicorn.access: 172.18.0.3:34260 - "POST /bd_models/ball/9/change/ HTTP/1.0" 302
[2026-03-09 03:10:15] INFO uvicorn.access: 172.18.0.3:34274 - "GET /bd_models/ball/9/change/ HTTP/1.0" 200
[2026-03-09 03:10:15] INFO uvicorn.access: 172.18.0.3:34276 - "GET /jsi18n/ HTTP/1.0" 200
[2026-03-09 03:10:16] INFO uvicorn.access: 172.18.0.3:34278 - "GET /ball/generate/9 HTTP/1.0" 200
[2026-03-09 03:11:37] INFO ballsdex.core.bot: Cache loaded, summary displayed below:
[2026-03-09 03:12:07] INFO ballsdex.packages.admin.balls: lomadinthe2nd spawned oc Slat in ︴ocdex-testing-💿.
[2026-03-09 03:17:31] ERROR ballsdex.packages.countryballs: An error occured in countryball catching prompt
Traceback (most recent call last):
  File "/opt/venv/lib/python3.14/site-packages/discord/ui/modal.py", line 216, in _scheduled_task
    await self.on_submit(interaction)
  File "/opt/venv/lib/python3.14/site-packages/ballsdex/packages/countryballs/countryball.py", line 66, in on_submit
    wrong_message = settings.get_random_message(PromptMessage.PromptType.WRONG).format(
        user=interaction.user.mention,
    ...<4 lines>...
        emoji=interaction.client.get_emoji(self.view.model.emoji_id),
    )
KeyError: 'guess'
[2026-03-09 03:21:59] INFO uvicorn.access: 172.18.0.3:39120 - "GET /bd_models/ball/9/change/ HTTP/1.0" 200
[2026-03-09 03:22:02] INFO uvicorn.access: 172.18.0.3:39134 - "GET /bd_models/ball/9/change/ HTTP/1.0" 200
[2026-03-09 03:22:04] INFO uvicorn.access: 172.18.0.3:35438 - "GET /bd_models/ball/add/ HTTP/1.0" 200
[2026-03-09 03:22:06] INFO uvicorn.access: 172.18.0.3:35442 - "GET /bd_models/ball/ HTTP/1.0" 200
[2026-03-09 03:22:11] INFO uvicorn.access: 172.18.0.3:35444 - "GET /bd_models/ball/add/ HTTP/1.0" 200
[2026-03-09 03:22:11] INFO uvicorn.access: 172.18.0.3:35454 - "GET /jsi18n/ HTTP/1.0" 200
[2026-03-09 03:23:36] INFO uvicorn.access: 172.18.0.3:47352 - "GET /autocomplete/?app_label=bd_models&model_name=ball&field_name=economy HTTP/1.0" 200
[2026-03-09 03:23:37] INFO uvicorn.access: 172.18.0.3:47366 - "GET /autocomplete/?app_label=bd_models&model_name=ball&field_name=regime HTTP/1.0" 200
[2026-03-09 03:23:42] INFO uvicorn.access: 172.18.0.3:47380 - "GET /bd_models/regime/4/change/?_to_field=id HTTP/1.0" 200
[2026-03-09 03:23:42] INFO uvicorn.access: 172.18.0.3:47394 - "GET /jsi18n/ HTTP/1.0" 200
[2026-03-09 03:23:44] INFO uvicorn.access: 172.18.0.3:51662 - "GET /bd_models/ball/add/ HTTP/1.0" 200
[2026-03-09 03:23:46] INFO uvicorn.access: 172.18.0.3:51664 - "GET /autocomplete/?app_label=bd_models&model_name=ball&field_name=regime HTTP/1.0" 200
[2026-03-09 03:25:04] INFO uvicorn.access: 172.18.0.3:43272 - "POST /bd_models/ball/add/ HTTP/1.0" 302
[2026-03-09 03:25:04] INFO uvicorn.access: 172.18.0.3:43286 - "GET /bd_models/ball/10/change/ HTTP/1.0" 200
[2026-03-09 03:25:05] INFO uvicorn.access: 172.18.0.3:43300 - "GET /jsi18n/ HTTP/1.0" 200
[2026-03-09 03:25:06] INFO uvicorn.access: 172.18.0.3:43316 - "GET /ball/generate/10 HTTP/1.0" 200
[2026-03-09 03:25:19] INFO uvicorn.access: 172.18.0.3:53132 - "POST /bd_models/ball/10/change/ HTTP/1.0" 302
[2026-03-09 03:25:20] INFO uvicorn.access: 172.18.0.3:53144 - "GET /bd_models/ball/10/change/ HTTP/1.0" 200
[2026-03-09 03:25:20] INFO uvicorn.access: 172.18.0.3:53160 - "GET /jsi18n/ HTTP/1.0" 200
[2026-03-09 03:25:21] INFO uvicorn.access: 172.18.0.3:53174 - "GET /ball/generate/10 HTTP/1.0" 200
[2026-03-09 03:25:44] INFO uvicorn.access: 172.18.0.3:55146 - "POST /bd_models/ball/10/change/ HTTP/1.0" 302
[2026-03-09 03:25:45] INFO uvicorn.access: 172.18.0.3:55152 - "GET /bd_models/ball/10/change/ HTTP/1.0" 200
[2026-03-09 03:25:45] INFO uvicorn.access: 172.18.0.3:55166 - "GET /jsi18n/ HTTP/1.0" 200
[2026-03-09 03:25:46] INFO uvicorn.access: 172.18.0.3:55172 - "GET /ball/generate/10 HTTP/1.0" 200
[2026-03-09 03:26:13] INFO uvicorn.access: 172.18.0.3:56100 - "POST /bd_models/ball/10/change/ HTTP/1.0" 302
[2026-03-09 03:26:14] INFO uvicorn.access: 172.18.0.3:56112 - "GET /bd_models/ball/10/change/ HTTP/1.0" 200
[2026-03-09 03:26:15] INFO uvicorn.access: 172.18.0.3:57732 - "GET /jsi18n/ HTTP/1.0" 200
[2026-03-09 03:26:15] INFO uvicorn.access: 172.18.0.3:57744 - "GET /ball/generate/10 HTTP/1.0" 200
[2026-03-09 03:26:30] INFO uvicorn.access: 172.18.0.3:44390 - "POST /bd_models/ball/10/change/ HTTP/1.0" 302
[2026-03-09 03:26:31] INFO uvicorn.access: 172.18.0.3:44404 - "GET /bd_models/ball/10/change/ HTTP/1.0" 200
[2026-03-09 03:26:31] INFO uvicorn.access: 172.18.0.3:44416 - "GET /jsi18n/ HTTP/1.0" 200
[2026-03-09 03:26:32] INFO uvicorn.access: 172.18.0.3:44430 - "GET /ball/generate/10 HTTP/1.0" 200
[2026-03-09 03:26:47] INFO uvicorn.access: 172.18.0.3:34802 - "POST /bd_models/ball/10/change/ HTTP/1.0" 302
[2026-03-09 03:26:47] INFO uvicorn.access: 172.18.0.3:34818 - "GET /bd_models/ball/10/change/ HTTP/1.0" 200
[2026-03-09 03:26:48] INFO uvicorn.access: 172.18.0.3:34820 - "GET /jsi18n/ HTTP/1.0" 200
[2026-03-09 03:26:49] INFO uvicorn.access: 172.18.0.3:34824 - "GET /ball/generate/10 HTTP/1.0" 200
[2026-03-09 03:26:58] INFO uvicorn.access: 172.18.0.3:32898 - "POST /bd_models/ball/10/change/ HTTP/1.0" 302
[2026-03-09 03:26:58] INFO uvicorn.access: 172.18.0.3:32912 - "GET /bd_models/ball/ HTTP/1.0" 200
[2026-03-09 03:26:58] INFO uvicorn.access: 172.18.0.3:32916 - "GET /jsi18n/ HTTP/1.0" 200
[2026-03-09 03:27:19] INFO uvicorn.access: 172.18.0.3:36946 - "POST /bd_models/ball/ HTTP/1.0" 302
[2026-03-09 03:27:19] INFO uvicorn.access: 172.18.0.3:36962 - "GET /bd_models/ball/ HTTP/1.0" 200
[2026-03-09 03:27:19] INFO uvicorn.access: 172.18.0.3:36964 - "GET /jsi18n/ HTTP/1.0" 200
[2026-03-09 03:28:01] INFO ballsdex.core.bot: Cache loaded, summary displayed below:
[2026-03-09 03:33:14] INFO uvicorn.access: 172.18.0.3:42412 - "GET / HTTP/1.0" 200
[2026-03-09 03:33:16] INFO uvicorn.access: 172.18.0.3:42416 - "GET /bd_models/ballinstance/ HTTP/1.0" 200
[2026-03-09 03:33:17] INFO uvicorn.access: 172.18.0.3:42432 - "GET /jsi18n/ HTTP/1.0" 200
[2026-03-09 03:33:32] INFO uvicorn.access: 172.18.0.3:43248 - "GET /autocomplete/?app_label=bd_models&model_name=ballinstance&field_name=special HTTP/1.0" 200
[2026-03-09 03:33:34] INFO uvicorn.access: 172.18.0.3:53446 - "GET /bd_models/ballinstance/?special__pk__exact=4 HTTP/1.0" 200
[2026-03-09 03:33:35] INFO uvicorn.access: 172.18.0.3:53460 - "GET /jsi18n/ HTTP/1.0" 200
[2026-03-09 03:37:13] INFO ballsdex.packages.admin.balls: lomadinthe2nd spawned oc Slat in ︴general-💬.
[2026-03-09 03:37:19] ERROR ballsdex.packages.countryballs: An error occured in countryball catching prompt
Traceback (most recent call last):
  File "/opt/venv/lib/python3.14/site-packages/discord/ui/modal.py", line 216, in _scheduled_task
    await self.on_submit(interaction)
  File "/opt/venv/lib/python3.14/site-packages/ballsdex/packages/countryballs/countryball.py", line 66, in on_submit
    wrong_message = settings.get_random_message(PromptMessage.PromptType.WRONG).format(
        user=interaction.user.mention,
    ...<4 lines>...
        emoji=interaction.client.get_emoji(self.view.model.emoji_id),
    )
KeyError: 'guess'
[2026-03-09 03:45:14] INFO ballsdex.packages.admin.balls: lomadinthe2nd spawned oc Dream Berry SoDa in ︴ocdex-testing-💿 (special=Stop).
[2026-03-09 03:45:52] INFO ballsdex.packages.admin.balls: lomadinthe2nd spawned oc Weezer Grabby in ︴general-💬 (special=Stop).
[2026-03-09 03:48:09] INFO discord.gateway: Shard ID 0 has successfully RESUMED session f550d99df3e756fc5a95a85375274d5e.
[2026-03-09 04:00:39] INFO ballsdex.packages.admin.balls: lomadinthe2nd spawned oc random 50 times in ︴spawn-wave-🎰.
[2026-03-09 04:24:53] ERROR ballsdex.packages.countryballs: An error occured in countryball catching prompt
Traceback (most recent call last):
  File "/opt/venv/lib/python3.14/site-packages/discord/ui/modal.py", line 216, in _scheduled_task
    await self.on_submit(interaction)
  File "/opt/venv/lib/python3.14/site-packages/ballsdex/packages/countryballs/countryball.py", line 66, in on_submit
    wrong_message = settings.get_random_message(PromptMessage.PromptType.WRONG).format(
        user=interaction.user.mention,
    ...<4 lines>...
        emoji=interaction.client.get_emoji(self.view.model.emoji_id),
    )
KeyError: 'guess'
[2026-03-09 04:25:05] ERROR ballsdex.packages.countryballs: An error occured in countryball catching prompt
Traceback (most recent call last):
  File "/opt/venv/lib/python3.14/site-packages/discord/ui/modal.py", line 216, in _scheduled_task
    await self.on_submit(interaction)
  File "/opt/venv/lib/python3.14/site-packages/ballsdex/packages/countryballs/countryball.py", line 66, in on_submit
    wrong_message = settings.get_random_message(PromptMessage.PromptType.WRONG).format(
        user=interaction.user.mention,
    ...<4 lines>...
        emoji=interaction.client.get_emoji(self.view.model.emoji_id),
    )
KeyError: 'guess'
[2026-03-09 05:10:42] INFO discord.gateway: Shard ID 0 has successfully RESUMED session f550d99df3e756fc5a95a85375274d5e.
[2026-03-09 06:03:47] ERROR ballsdex.packages.countryballs: An error occured in countryball catching prompt
Traceback (most recent call last):
  File "/opt/venv/lib/python3.14/site-packages/discord/ui/modal.py", line 216, in _scheduled_task
    await self.on_submit(interaction)
  File "/opt/venv/lib/python3.14/site-packages/ballsdex/packages/countryballs/countryball.py", line 66, in on_submit
    wrong_message = settings.get_random_message(PromptMessage.PromptType.WRONG).format(
        user=interaction.user.mention,
    ...<4 lines>...
        emoji=interaction.client.get_emoji(self.view.model.emoji_id),
    )
KeyError: 'guess'
[2026-03-09 06:31:38] ERROR ballsdex.packages.countryballs: An error occured in countryball catching prompt
Traceback (most recent call last):
  File "/opt/venv/lib/python3.14/site-packages/discord/ui/modal.py", line 216, in _scheduled_task
    await self.on_submit(interaction)
  File "/opt/venv/lib/python3.14/site-packages/ballsdex/packages/countryballs/countryball.py", line 66, in on_submit
    wrong_message = settings.get_random_message(PromptMessage.PromptType.WRONG).format(
        user=interaction.user.mention,
    ...<4 lines>...
        emoji=interaction.client.get_emoji(self.view.model.emoji_id),
    )
KeyError: 'guess'
[2026-03-09 06:37:49] INFO discord.gateway: Shard ID 0 has successfully RESUMED session f550d99df3e756fc5a95a85375274d5e.
[2026-03-09 07:14:56] ERROR ballsdex.packages.countryballs: An error occured in countryball catching prompt
Traceback (most recent call last):
  File "/opt/venv/lib/python3.14/site-packages/discord/ui/modal.py", line 216, in _scheduled_task
    await self.on_submit(interaction)
  File "/opt/venv/lib/python3.14/site-packages/ballsdex/packages/countryballs/countryball.py", line 66, in on_submit
    wrong_message = settings.get_random_message(PromptMessage.PromptType.WRONG).format(
        user=interaction.user.mention,
    ...<4 lines>...
        emoji=interaction.client.get_emoji(self.view.model.emoji_id),
    )
KeyError: 'guess'
[2026-03-09 08:57:06] INFO discord.gateway: Shard ID 0 has successfully RESUMED session f550d99df3e756fc5a95a85375274d5e.
[2026-03-09 11:37:57] INFO discord.gateway: Shard ID 0 has successfully RESUMED session f550d99df3e756fc5a95a85375274d5e.
[2026-03-09 12:35:40] ERROR ballsdex.packages.countryballs: An error occured in countryball catching prompt
Traceback (most recent call last):
  File "/opt/venv/lib/python3.14/site-packages/discord/ui/modal.py", line 216, in _scheduled_task
    await self.on_submit(interaction)
  File "/opt/venv/lib/python3.14/site-packages/ballsdex/packages/countryballs/countryball.py", line 66, in on_submit
    wrong_message = settings.get_random_message(PromptMessage.PromptType.WRONG).format(
        user=interaction.user.mention,
    ...<4 lines>...
        emoji=interaction.client.get_emoji(self.view.model.emoji_id),
    )
KeyError: 'guess'
[2026-03-09 14:03:14] INFO discord.gateway: Shard ID 0 has successfully RESUMED session f550d99df3e756fc5a95a85375274d5e.
[2026-03-09 15:54:04] INFO discord.gateway: Shard ID 0 has successfully RESUMED session f550d99df3e756fc5a95a85375274d5e.
[2026-03-09 15:55:11] INFO discord.gateway: Shard ID 0 has successfully RESUMED session f550d99df3e756fc5a95a85375274d5e.
[2026-03-09 16:38:20] INFO discord.gateway: Shard ID 0 has successfully RESUMED session f550d99df3e756fc5a95a85375274d5e.
[2026-03-09 17:42:00] INFO discord.gateway: Shard ID 0 has successfully RESUMED session f550d99df3e756fc5a95a85375274d5e.
[2026-03-09 18:46:28] INFO discord.gateway: Shard ID 0 has successfully RESUMED session f550d99df3e756fc5a95a85375274d5e.
[2026-03-09 19:15:57] INFO discord.gateway: Shard ID 0 has successfully RESUMED session f550d99df3e756fc5a95a85375274d5e.
[2026-03-09 19:43:41] INFO uvicorn.access: 172.18.0.3:49406 - "GET /bd_models/ballinstance/?special__pk__exact=4 HTTP/1.0" 200
[2026-03-09 19:43:42] WARNING django.request: Not Found: /favicon.ico
[2026-03-09 19:43:42] INFO uvicorn.access: 172.18.0.3:49418 - "GET /favicon.ico HTTP/1.0" 404
[2026-03-09 19:43:45] INFO uvicorn.access: 172.18.0.3:48844 - "GET /bd_models/ HTTP/1.0" 200
[2026-03-09 19:43:47] INFO uvicorn.access: 172.18.0.3:48858 - "GET /bd_models/ball/ HTTP/1.0" 200
[2026-03-09 19:43:48] INFO uvicorn.access: 172.18.0.3:48872 - "GET /jsi18n/ HTTP/1.0" 200
[2026-03-09 19:43:50] INFO uvicorn.access: 172.18.0.3:48882 - "GET /bd_models/ball/add/ HTTP/1.0" 200
[2026-03-09 19:43:50] INFO uvicorn.access: 172.18.0.3:48884 - "GET /jsi18n/ HTTP/1.0" 200
[2026-03-09 19:44:31] INFO uvicorn.access: 172.18.0.3:55248 - "GET /autocomplete/?app_label=bd_models&model_name=ball&field_name=regime HTTP/1.0" 200
[2026-03-09 19:45:45] INFO uvicorn.access: 172.18.0.3:47006 - "GET /autocomplete/?app_label=bd_models&model_name=ball&field_name=economy HTTP/1.0" 200
[2026-03-09 19:46:34] INFO uvicorn.access: 172.18.0.3:44368 - "POST /bd_models/ball/add/ HTTP/1.0" 200
[2026-03-09 19:46:34] INFO uvicorn.access: 172.18.0.3:37162 - "GET /jsi18n/ HTTP/1.0" 200
[2026-03-09 19:46:59] INFO uvicorn.access: 172.18.0.3:50016 - "POST /bd_models/ball/add/ HTTP/1.0" 302
[2026-03-09 19:47:00] INFO uvicorn.access: 172.18.0.3:50026 - "GET /bd_models/ball/11/change/ HTTP/1.0" 200
[2026-03-09 19:47:00] INFO uvicorn.access: 172.18.0.3:50036 - "GET /jsi18n/ HTTP/1.0" 200
[2026-03-09 19:47:01] INFO uvicorn.access: 172.18.0.3:50052 - "GET /ball/generate/11 HTTP/1.0" 200
[2026-03-09 19:47:23] INFO uvicorn.access: 172.18.0.3:37886 - "POST /bd_models/ball/11/change/ HTTP/1.0" 302
[2026-03-09 19:47:23] INFO uvicorn.access: 172.18.0.3:37892 - "GET /bd_models/ball/11/change/ HTTP/1.0" 200
[2026-03-09 19:47:23] INFO uvicorn.access: 172.18.0.3:37896 - "GET /jsi18n/ HTTP/1.0" 200
[2026-03-09 19:47:24] INFO uvicorn.access: 172.18.0.3:37904 - "GET /ball/generate/11 HTTP/1.0" 200
[2026-03-09 19:47:41] INFO uvicorn.access: 172.18.0.3:45920 - "POST /bd_models/ball/11/change/ HTTP/1.0" 302
[2026-03-09 19:47:41] INFO uvicorn.access: 172.18.0.3:45936 - "GET /bd_models/ball/11/change/ HTTP/1.0" 200
[2026-03-09 19:47:41] INFO uvicorn.access: 172.18.0.3:45952 - "GET /jsi18n/ HTTP/1.0" 200
[2026-03-09 19:47:42] INFO uvicorn.access: 172.18.0.3:45966 - "GET /ball/generate/11 HTTP/1.0" 200
[2026-03-09 19:47:59] INFO uvicorn.access: 172.18.0.3:50384 - "POST /bd_models/ball/11/change/ HTTP/1.0" 302
[2026-03-09 19:48:00] INFO uvicorn.access: 172.18.0.3:50396 - "GET /bd_models/ball/11/change/ HTTP/1.0" 200
[2026-03-09 19:48:00] INFO uvicorn.access: 172.18.0.3:50412 - "GET /jsi18n/ HTTP/1.0" 200
[2026-03-09 19:48:01] INFO uvicorn.access: 172.18.0.3:50424 - "GET /ball/generate/11 HTTP/1.0" 200
[2026-03-09 19:48:08] INFO uvicorn.access: 172.18.0.3:59698 - "POST /bd_models/ball/11/change/ HTTP/1.0" 302
[2026-03-09 19:48:08] INFO uvicorn.access: 172.18.0.3:59700 - "GET /bd_models/ball/ HTTP/1.0" 200
[2026-03-09 19:48:09] INFO uvicorn.access: 172.18.0.3:59706 - "GET /jsi18n/ HTTP/1.0" 200
[2026-03-09 19:48:11] INFO uvicorn.access: 172.18.0.3:59718 - "GET /bd_models/ball/11/change/ HTTP/1.0" 200
[2026-03-09 19:48:11] INFO uvicorn.access: 172.18.0.3:59722 - "GET /jsi18n/ HTTP/1.0" 200
[2026-03-09 19:48:12] INFO uvicorn.access: 172.18.0.3:59728 - "GET /ball/generate/11 HTTP/1.0" 200
[2026-03-09 19:48:27] INFO uvicorn.access: 172.18.0.3:59582 - "POST /bd_models/ball/11/change/ HTTP/1.0" 302
[2026-03-09 19:48:28] INFO uvicorn.access: 172.18.0.3:59588 - "GET /bd_models/ball/11/change/ HTTP/1.0" 200
[2026-03-09 19:48:28] INFO uvicorn.access: 172.18.0.3:59602 - "GET /jsi18n/ HTTP/1.0" 200
[2026-03-09 19:48:29] INFO uvicorn.access: 172.18.0.3:59616 - "GET /ball/generate/11 HTTP/1.0" 200
[2026-03-09 19:48:35] INFO uvicorn.access: 172.18.0.3:38266 - "POST /bd_models/ball/11/change/ HTTP/1.0" 302
[2026-03-09 19:48:36] INFO uvicorn.access: 172.18.0.3:38274 - "GET /bd_models/ball/ HTTP/1.0" 200
[2026-03-09 19:48:36] INFO uvicorn.access: 172.18.0.3:38282 - "GET /jsi18n/ HTTP/1.0" 200
[2026-03-09 19:49:18] INFO uvicorn.access: 172.18.0.3:48056 - "GET /bd_models/ball/add/ HTTP/1.0" 200
[2026-03-09 19:49:19] INFO uvicorn.access: 172.18.0.3:48062 - "GET /jsi18n/ HTTP/1.0" 200
[2026-03-09 19:50:28] INFO uvicorn.access: 172.18.0.3:34564 - "GET /autocomplete/?app_label=bd_models&model_name=ball&field_name=regime HTTP/1.0" 200
[2026-03-09 19:51:06] INFO uvicorn.access: 172.18.0.3:51912 - "POST /bd_models/ball/add/ HTTP/1.0" 200
[2026-03-09 19:51:07] INFO uvicorn.access: 172.18.0.3:51924 - "GET /jsi18n/ HTTP/1.0" 200
[2026-03-09 19:51:40] INFO uvicorn.access: 172.18.0.3:59612 - "POST /bd_models/ball/add/ HTTP/1.0" 302
[2026-03-09 19:51:40] INFO uvicorn.access: 172.18.0.3:59626 - "GET /bd_models/ball/12/change/ HTTP/1.0" 200
[2026-03-09 19:51:40] INFO uvicorn.access: 172.18.0.3:59634 - "GET /jsi18n/ HTTP/1.0" 200
[2026-03-09 19:51:41] INFO uvicorn.access: 172.18.0.3:59638 - "GET /ball/generate/12 HTTP/1.0" 200
[2026-03-09 19:52:02] INFO uvicorn.access: 172.18.0.3:50332 - "POST /bd_models/ball/12/change/ HTTP/1.0" 302
[2026-03-09 19:52:02] INFO uvicorn.access: 172.18.0.3:50346 - "GET /bd_models/ball/12/change/ HTTP/1.0" 200
[2026-03-09 19:52:02] INFO uvicorn.access: 172.18.0.3:50360 - "GET /jsi18n/ HTTP/1.0" 200
[2026-03-09 19:52:03] INFO uvicorn.access: 172.18.0.3:50362 - "GET /ball/generate/12 HTTP/1.0" 200
[2026-03-09 19:52:10] INFO uvicorn.access: 172.18.0.3:41256 - "POST /bd_models/ball/12/change/ HTTP/1.0" 302
[2026-03-09 19:52:10] INFO uvicorn.access: 172.18.0.3:41266 - "GET /bd_models/ball/ HTTP/1.0" 200
[2026-03-09 19:52:11] INFO uvicorn.access: 172.18.0.3:41270 - "GET /jsi18n/ HTTP/1.0" 200
[2026-03-09 22:03:29] INFO uvicorn.access: 172.18.0.3:34710 - "GET /bd_models/ball/ HTTP/1.0" 200
[2026-03-09 22:04:29] INFO uvicorn.access: 172.18.0.3:47598 - "GET /bd_models/ball/add/ HTTP/1.0" 200
[2026-03-09 22:04:30] INFO uvicorn.access: 172.18.0.3:47604 - "GET /jsi18n/ HTTP/1.0" 200
[2026-03-09 22:05:49] INFO uvicorn.access: 172.18.0.3:38038 - "GET /autocomplete/?app_label=bd_models&model_name=ball&field_name=economy HTTP/1.0" 200
[2026-03-09 22:05:50] INFO uvicorn.access: 172.18.0.3:38044 - "GET /autocomplete/?app_label=bd_models&model_name=ball&field_name=regime HTTP/1.0" 200
[2026-03-09 22:05:55] INFO uvicorn.access: 172.18.0.3:44718 - "GET /bd_models/regime/add/?_to_field=id&_popup=1 HTTP/1.0" 200
[2026-03-09 22:05:55] INFO uvicorn.access: 172.18.0.3:44722 - "GET /jsi18n/ HTTP/1.0" 200
[2026-03-09 22:07:21] INFO uvicorn.access: 172.18.0.3:42794 - "POST /bd_models/ball/add/ HTTP/1.0" 200
[2026-03-09 22:07:21] INFO uvicorn.access: 172.18.0.3:42804 - "GET /jsi18n/ HTTP/1.0" 200
[2026-03-09 22:07:53] INFO uvicorn.access: 172.18.0.3:34192 - "POST /bd_models/ball/add/ HTTP/1.0" 302
[2026-03-09 22:07:53] INFO uvicorn.access: 172.18.0.3:34206 - "GET /bd_models/ball/13/change/ HTTP/1.0" 200
[2026-03-09 22:07:54] INFO uvicorn.access: 172.18.0.3:51538 - "GET /jsi18n/ HTTP/1.0" 200
[2026-03-09 22:07:55] INFO uvicorn.access: 172.18.0.3:51542 - "GET /ball/generate/13 HTTP/1.0" 200
[2026-03-09 22:08:17] INFO uvicorn.access: 172.18.0.3:45186 - "POST /bd_models/ball/13/change/ HTTP/1.0" 302
[2026-03-09 22:08:17] INFO uvicorn.access: 172.18.0.3:45188 - "GET /bd_models/ball/13/change/ HTTP/1.0" 200
[2026-03-09 22:08:18] INFO uvicorn.access: 172.18.0.3:45200 - "GET /jsi18n/ HTTP/1.0" 200
[2026-03-09 22:08:19] INFO uvicorn.access: 172.18.0.3:45210 - "GET /ball/generate/13 HTTP/1.0" 200
[2026-03-09 22:08:43] INFO uvicorn.access: 172.18.0.3:57538 - "POST /bd_models/ball/13/change/ HTTP/1.0" 302
[2026-03-09 22:08:43] INFO uvicorn.access: 172.18.0.3:57554 - "GET /bd_models/ball/13/change/ HTTP/1.0" 200
[2026-03-09 22:08:44] INFO uvicorn.access: 172.18.0.3:50562 - "GET /jsi18n/ HTTP/1.0" 200
[2026-03-09 22:08:45] INFO uvicorn.access: 172.18.0.3:50566 - "GET /ball/generate/13 HTTP/1.0" 200
[2026-03-09 22:08:58] INFO uvicorn.access: 172.18.0.3:46872 - "POST /bd_models/ball/13/change/ HTTP/1.0" 302
[2026-03-09 22:08:59] INFO uvicorn.access: 172.18.0.3:46876 - "GET /bd_models/ball/13/change/ HTTP/1.0" 200
[2026-03-09 22:08:59] INFO uvicorn.access: 172.18.0.3:46886 - "GET /jsi18n/ HTTP/1.0" 200
[2026-03-09 22:09:00] INFO uvicorn.access: 172.18.0.3:46892 - "GET /ball/generate/13 HTTP/1.0" 200
[2026-03-09 22:09:53] INFO uvicorn.access: 172.18.0.3:48848 - "POST /bd_models/ball/13/change/ HTTP/1.0" 302
[2026-03-09 22:09:53] INFO uvicorn.access: 172.18.0.3:48858 - "GET /bd_models/ball/ HTTP/1.0" 200
[2026-03-09 22:09:53] INFO uvicorn.access: 172.18.0.3:48874 - "GET /jsi18n/ HTTP/1.0" 200
[2026-03-09 22:10:20] INFO uvicorn.access: 172.18.0.3:51074 - "POST /bd_models/ball/ HTTP/1.0" 302
[2026-03-09 22:10:20] INFO uvicorn.access: 172.18.0.3:51076 - "GET /bd_models/ball/ HTTP/1.0" 200
[2026-03-09 22:10:21] INFO uvicorn.access: 172.18.0.3:51090 - "GET /jsi18n/ HTTP/1.0" 200
[2026-03-09 22:11:58] INFO uvicorn.access: 172.18.0.3:54946 - "GET /bd_models/ball/add/ HTTP/1.0" 200
[2026-03-09 22:11:58] INFO uvicorn.access: 172.18.0.3:54954 - "GET /jsi18n/ HTTP/1.0" 200
[2026-03-09 22:14:02] INFO uvicorn.access: 172.18.0.3:45116 - "POST /bd_models/ball/add/ HTTP/1.0" 200
[2026-03-09 22:14:02] INFO uvicorn.access: 172.18.0.3:45120 - "GET /jsi18n/ HTTP/1.0" 200
[2026-03-09 22:14:21] INFO uvicorn.access: 172.18.0.3:51614 - "GET /autocomplete/?app_label=bd_models&model_name=ball&field_name=regime HTTP/1.0" 200
[2026-03-09 22:14:28] INFO uvicorn.access: 172.18.0.3:41184 - "POST /bd_models/ball/add/ HTTP/1.0" 200
[2026-03-09 22:14:28] INFO uvicorn.access: 172.18.0.3:41188 - "GET /jsi18n/ HTTP/1.0" 200
[2026-03-09 22:14:43] INFO uvicorn.access: 172.18.0.3:42364 - "POST /bd_models/ball/add/ HTTP/1.0" 302
[2026-03-09 22:14:43] INFO uvicorn.access: 172.18.0.3:42372 - "GET /bd_models/ball/14/change/ HTTP/1.0" 200
[2026-03-09 22:14:43] INFO uvicorn.access: 172.18.0.3:42378 - "GET /jsi18n/ HTTP/1.0" 200
[2026-03-09 22:14:45] INFO uvicorn.access: 172.18.0.3:58482 - "GET /ball/generate/14 HTTP/1.0" 200
[2026-03-09 22:15:13] INFO uvicorn.access: 172.18.0.3:42670 - "POST /bd_models/ball/14/change/ HTTP/1.0" 302
[2026-03-09 22:15:13] INFO uvicorn.access: 172.18.0.3:42672 - "GET /bd_models/ball/14/change/ HTTP/1.0" 200
[2026-03-09 22:15:14] INFO uvicorn.access: 172.18.0.3:42904 - "GET /jsi18n/ HTTP/1.0" 200
[2026-03-09 22:15:15] INFO uvicorn.access: 172.18.0.3:42912 - "GET /ball/generate/14 HTTP/1.0" 200
[2026-03-09 22:15:25] INFO uvicorn.access: 172.18.0.3:55494 - "POST /bd_models/ball/14/change/ HTTP/1.0" 302
[2026-03-09 22:15:25] INFO uvicorn.access: 172.18.0.3:55500 - "GET /bd_models/ball/14/change/ HTTP/1.0" 200
[2026-03-09 22:15:26] INFO uvicorn.access: 172.18.0.3:55512 - "GET /jsi18n/ HTTP/1.0" 200
[2026-03-09 22:15:27] INFO uvicorn.access: 172.18.0.3:55526 - "GET /ball/generate/14 HTTP/1.0" 200
[2026-03-09 22:15:48] INFO uvicorn.access: 172.18.0.3:39706 - "POST /bd_models/ball/14/change/ HTTP/1.0" 302
[2026-03-09 22:15:48] INFO uvicorn.access: 172.18.0.3:39714 - "GET /bd_models/ball/ HTTP/1.0" 200
[2026-03-09 22:15:48] INFO uvicorn.access: 172.18.0.3:39716 - "GET /jsi18n/ HTTP/1.0" 200
[2026-03-09 22:15:53] INFO uvicorn.access: 172.18.0.3:39722 - "GET /bd_models/ball/14/change/ HTTP/1.0" 200
[2026-03-09 22:15:54] INFO uvicorn.access: 172.18.0.3:39730 - "GET /jsi18n/ HTTP/1.0" 200
[2026-03-09 22:15:55] INFO uvicorn.access: 172.18.0.3:43482 - "GET /ball/generate/14 HTTP/1.0" 200
[2026-03-09 22:16:04] INFO uvicorn.access: 172.18.0.3:43422 - "POST /bd_models/ball/14/change/ HTTP/1.0" 302
[2026-03-09 22:16:05] INFO uvicorn.access: 172.18.0.3:43434 - "GET /bd_models/ball/ HTTP/1.0" 200
[2026-03-09 22:16:05] INFO uvicorn.access: 172.18.0.3:43438 - "GET /jsi18n/ HTTP/1.0" 200
[2026-03-09 22:40:45] INFO discord.gateway: Shard ID 0 has successfully RESUMED session f550d99df3e756fc5a95a85375274d5e.
[2026-03-09 22:49:01] INFO ballsdex.core.bot: Cache loaded, summary displayed below:
[2026-03-09 22:50:43] INFO ballsdex.packages.admin.balls: lomadinthe2nd spawned oc Slat in ┆ocdex-⚛️.
[2026-03-09 23:23:13] ERROR ballsdex.packages.countryballs: An error occured in countryball catching prompt
Traceback (most recent call last):
  File "/opt/venv/lib/python3.14/site-packages/discord/ui/modal.py", line 216, in _scheduled_task
    await self.on_submit(interaction)
  File "/opt/venv/lib/python3.14/site-packages/ballsdex/packages/countryballs/countryball.py", line 66, in on_submit
    wrong_message = settings.get_random_message(PromptMessage.PromptType.WRONG).format(
        user=interaction.user.mention,
    ...<4 lines>...
        emoji=interaction.client.get_emoji(self.view.model.emoji_id),
    )
KeyError: 'guess'
[2026-03-09 23:38:55] INFO discord.gateway: Shard ID 0 has successfully RESUMED session f550d99df3e756fc5a95a85375274d5e.
[2026-03-09 23:47:22] INFO ballsdex.packages.admin.balls: lomadinthe2nd spawned oc F8-Ball in ┆ocdex-⚛️.
[2026-03-10 00:01:49] INFO ballsdex.packages.admin.balls: lomadinthe2nd spawned oc Nikolai in ┆ocdex-⚛️.
[2026-03-10 00:13:51] INFO uvicorn.access: 172.18.0.3:54672 - "GET / HTTP/1.0" 200
[2026-03-10 00:13:53] WARNING django.request: Not Found: /favicon.ico
[2026-03-10 00:13:53] INFO uvicorn.access: 172.18.0.3:54674 - "GET /favicon.ico HTTP/1.0" 404
[2026-03-10 00:14:07] INFO uvicorn.access: 172.18.0.3:41118 - "GET / HTTP/1.0" 302
[2026-03-10 00:14:07] INFO uvicorn.access: 172.18.0.3:41120 - "GET /login/?next=/ HTTP/1.0" 200
[2026-03-10 00:14:24] INFO uvicorn.access: 172.18.0.3:35054 - "GET /bd_models/ball/ HTTP/1.0" 200
[2026-03-10 00:14:25] INFO uvicorn.access: 172.18.0.3:35066 - "GET /jsi18n/ HTTP/1.0" 200
[2026-03-10 00:14:49] INFO uvicorn.access: 172.18.0.3:35982 - "GET /bd_models/ball/?regime__id__exact=4 HTTP/1.0" 200
[2026-03-10 00:14:49] INFO uvicorn.access: 172.18.0.3:35990 - "GET /jsi18n/ HTTP/1.0" 200
[2026-03-10 00:14:54] INFO uvicorn.access: 172.18.0.3:39456 - "GET /bd_models/ball/?created_at__gte=2026-03-10+00%3A00%3A00%2B00%3A00&created_at__lt=2026-03-11+00%3A00%3A00%2B00%3A00&regime__id__exact=4 HTTP/1.0" 200
[2026-03-10 00:14:55] INFO uvicorn.access: 172.18.0.3:39470 - "GET /jsi18n/ HTTP/1.0" 200
[2026-03-10 00:15:03] INFO uvicorn.access: 172.18.0.3:39476 - "GET /bd_models/ball/?created_at__gte=2026-03-03+00%3A00%3A00%2B00%3A00&created_at__lt=2026-03-11+00%3A00%3A00%2B00%3A00&regime__id__exact=4 HTTP/1.0" 200
[2026-03-10 00:15:03] INFO uvicorn.access: 172.18.0.3:39492 - "GET /jsi18n/ HTTP/1.0" 200
[2026-03-10 00:15:18] INFO uvicorn.access: 172.18.0.3:60390 - "GET /bd_models/ball/add/?_changelist_filters=created_at__gte%3D2026-03-03%2B00%253A00%253A00%252B00%253A00%26created_at__lt%3D2026-03-11%2B00%253A00%253A00%252B00%253A00%26regime__id__exact%3D4 HTTP/1.0" 200
[2026-03-10 00:15:18] INFO uvicorn.access: 172.18.0.3:60396 - "GET /jsi18n/ HTTP/1.0" 200
[2026-03-10 00:23:57] INFO ballsdex.packages.admin.balls: lomadinthe2nd spawned oc Flower Bomb in ┆ocdex-⚛️.
[2026-03-10 00:24:01] ERROR ballsdex.packages.countryballs: An error occured in countryball catching prompt
Traceback (most recent call last):
  File "/opt/venv/lib/python3.14/site-packages/discord/ui/modal.py", line 216, in _scheduled_task
    await self.on_submit(interaction)
  File "/opt/venv/lib/python3.14/site-packages/ballsdex/packages/countryballs/countryball.py", line 66, in on_submit
    wrong_message = settings.get_random_message(PromptMessage.PromptType.WRONG).format(
        user=interaction.user.mention,
    ...<4 lines>...
        emoji=interaction.client.get_emoji(self.view.model.emoji_id),
    )
KeyError: 'guess'
[2026-03-10 00:24:15] ERROR ballsdex.packages.countryballs: An error occured in countryball catching prompt
Traceback (most recent call last):
  File "/opt/venv/lib/python3.14/site-packages/discord/ui/modal.py", line 216, in _scheduled_task
    await self.on_submit(interaction)
  File "/opt/venv/lib/python3.14/site-packages/ballsdex/packages/countryballs/countryball.py", line 66, in on_submit
    wrong_message = settings.get_random_message(PromptMessage.PromptType.WRONG).format(
        user=interaction.user.mention,
    ...<4 lines>...
        emoji=interaction.client.get_emoji(self.view.model.emoji_id),
    )
KeyError: 'guess'
[2026-03-10 00:25:23] INFO uvicorn.access: 172.18.0.3:37116 - "GET /settings/settings/ HTTP/1.0" 200
[2026-03-10 00:25:23] INFO uvicorn.access: 172.18.0.3:37126 - "GET /jsi18n/ HTTP/1.0" 200
[2026-03-10 00:25:26] INFO uvicorn.access: 172.18.0.3:47558 - "GET /settings/settings/1/change/ HTTP/1.0" 200
[2026-03-10 00:25:27] INFO uvicorn.access: 172.18.0.3:47566 - "GET /jsi18n/ HTTP/1.0" 200
[2026-03-10 00:35:04] INFO ballsdex.packages.admin.balls: lomadinthe2nd spawned oc Weezer Grabby in ┆ocdex-⚛️.
[2026-03-10 00:44:17] INFO ballsdex.packages.admin.balls: lomadinthe2nd spawned oc Dream Berry SoDa in ┆ocdex-⚛️.
[2026-03-10 00:44:24] INFO discord.gateway: Shard ID 0 has successfully RESUMED session f550d99df3e756fc5a95a85375274d5e.
[2026-03-10 00:44:35] INFO ballsdex.packages.admin.balls: lomadinthe2nd spawned oc Flower Bomb in 🎰┆ocdex.
[2026-03-10 01:00:02] INFO uvicorn.access: 172.18.0.3:51174 - "GET /bd_models/ball/ HTTP/1.0" 200
[2026-03-10 01:00:03] WARNING django.request: Not Found: /favicon.ico
[2026-03-10 01:00:03] INFO uvicorn.access: 172.18.0.3:51180 - "GET /favicon.ico HTTP/1.0" 404
[2026-03-10 01:06:26] INFO discord.gateway: Shard ID 0 has successfully RESUMED session f550d99df3e756fc5a95a85375274d5e.
[2026-03-10 01:30:12] ERROR discord.shard: Attempting a reconnect for shard ID 0 in 0.28s
Traceback (most recent call last):
  File "/opt/venv/lib/python3.14/site-packages/aiohttp/connector.py", line 1532, in _create_direct_connection
    hosts = await self._resolve_host(host, port, traces=traces)
            ^^^^^^^^^^^^^^^^^^^^^^^^^^^^^^^^^^^^^^^^^^^^^^^^^^^
  File "/opt/venv/lib/python3.14/site-packages/aiohttp/connector.py", line 1148, in _resolve_host
    return await asyncio.shield(resolved_host_task)
           ^^^^^^^^^^^^^^^^^^^^^^^^^^^^^^^^^^^^^^^^
  File "/opt/venv/lib/python3.14/site-packages/aiohttp/connector.py", line 1179, in _resolve_host_with_throttle
    addrs = await self._resolver.resolve(host, port, family=self._family)
            ^^^^^^^^^^^^^^^^^^^^^^^^^^^^^^^^^^^^^^^^^^^^^^^^^^^^^^^^^^^^^
  File "/opt/venv/lib/python3.14/site-packages/aiohttp/resolver.py", line 40, in resolve
    infos = await self._loop.getaddrinfo(
            ^^^^^^^^^^^^^^^^^^^^^^^^^^^^^
    ...<5 lines>...
    )
    ^
  File "/usr/local/lib/python3.14/asyncio/base_events.py", line 936, in getaddrinfo
    return await self.run_in_executor(
           ^^^^^^^^^^^^^^^^^^^^^^^^^^^
        None, getaddr_func, host, port, family, type, proto, flags)
        ^^^^^^^^^^^^^^^^^^^^^^^^^^^^^^^^^^^^^^^^^^^^^^^^^^^^^^^^^^^
  File "/usr/local/lib/python3.14/concurrent/futures/thread.py", line 86, in run
    result = ctx.run(self.task)
  File "/usr/local/lib/python3.14/concurrent/futures/thread.py", line 73, in run
    return fn(*args, **kwargs)
  File "/usr/local/lib/python3.14/socket.py", line 983, in getaddrinfo
    for res in _socket.getaddrinfo(host, port, family, type, proto, flags):
               ~~~~~~~~~~~~~~~~~~~^^^^^^^^^^^^^^^^^^^^^^^^^^^^^^^^^^^^^^^^
socket.gaierror: [Errno -3] Try again

The above exception was the direct cause of the following exception:

Traceback (most recent call last):
  File "/opt/venv/lib/python3.14/site-packages/discord/shard.py", line 201, in reidentify
    self.ws = await asyncio.wait_for(coro, timeout=60.0)
              ^^^^^^^^^^^^^^^^^^^^^^^^^^^^^^^^^^^^^^^^^^
  File "/usr/local/lib/python3.14/asyncio/tasks.py", line 488, in wait_for
    return await fut
           ^^^^^^^^^
  File "/opt/venv/lib/python3.14/site-packages/discord/gateway.py", line 383, in from_client
    socket = await client.http.ws_connect(str(url))
             ^^^^^^^^^^^^^^^^^^^^^^^^^^^^^^^^^^^^^^
  File "/opt/venv/lib/python3.14/site-packages/discord/http.py", line 566, in ws_connect
    return await self.__session.ws_connect(url, **kwargs)
           ^^^^^^^^^^^^^^^^^^^^^^^^^^^^^^^^^^^^^^^^^^^^^^
  File "/opt/venv/lib/python3.14/site-packages/aiohttp/client.py", line 1076, in _ws_connect
    resp = await self.request(
           ^^^^^^^^^^^^^^^^^^^
    ...<11 lines>...
    )
    ^
  File "/opt/venv/lib/python3.14/site-packages/aiohttp/client.py", line 779, in _request
    resp = await handler(req)
           ^^^^^^^^^^^^^^^^^^
  File "/opt/venv/lib/python3.14/site-packages/aiohttp/client.py", line 734, in _connect_and_send_request
    conn = await self._connector.connect(
           ^^^^^^^^^^^^^^^^^^^^^^^^^^^^^^
        req, traces=traces, timeout=real_timeout
        ^^^^^^^^^^^^^^^^^^^^^^^^^^^^^^^^^^^^^^^^
    )
    ^
  File "/opt/venv/lib/python3.14/site-packages/aiohttp/connector.py", line 642, in connect
    proto = await self._create_connection(req, traces, timeout)
            ^^^^^^^^^^^^^^^^^^^^^^^^^^^^^^^^^^^^^^^^^^^^^^^^^^^
  File "/opt/venv/lib/python3.14/site-packages/aiohttp/connector.py", line 1209, in _create_connection
    _, proto = await self._create_direct_connection(req, traces, timeout)
               ^^^^^^^^^^^^^^^^^^^^^^^^^^^^^^^^^^^^^^^^^^^^^^^^^^^^^^^^^^
  File "/opt/venv/lib/python3.14/site-packages/aiohttp/connector.py", line 1538, in _create_direct_connection
    raise ClientConnectorDNSError(req.connection_key, exc) from exc
aiohttp.client_exceptions.ClientConnectorDNSError: Cannot connect to host gateway-us-east1-b.discord.gg:443 ssl:default [Try again]
[2026-03-10 01:30:18] ERROR discord.shard: Attempting a reconnect for shard ID 0 in 0.09s
Traceback (most recent call last):
  File "/opt/venv/lib/python3.14/site-packages/aiohttp/connector.py", line 1532, in _create_direct_connection
    hosts = await self._resolve_host(host, port, traces=traces)
            ^^^^^^^^^^^^^^^^^^^^^^^^^^^^^^^^^^^^^^^^^^^^^^^^^^^
  File "/opt/venv/lib/python3.14/site-packages/aiohttp/connector.py", line 1148, in _resolve_host
    return await asyncio.shield(resolved_host_task)
           ^^^^^^^^^^^^^^^^^^^^^^^^^^^^^^^^^^^^^^^^
  File "/opt/venv/lib/python3.14/site-packages/aiohttp/connector.py", line 1179, in _resolve_host_with_throttle
    addrs = await self._resolver.resolve(host, port, family=self._family)
            ^^^^^^^^^^^^^^^^^^^^^^^^^^^^^^^^^^^^^^^^^^^^^^^^^^^^^^^^^^^^^
  File "/opt/venv/lib/python3.14/site-packages/aiohttp/resolver.py", line 40, in resolve
    infos = await self._loop.getaddrinfo(
            ^^^^^^^^^^^^^^^^^^^^^^^^^^^^^
    ...<5 lines>...
    )
    ^
  File "/usr/local/lib/python3.14/asyncio/base_events.py", line 936, in getaddrinfo
    return await self.run_in_executor(
           ^^^^^^^^^^^^^^^^^^^^^^^^^^^
        None, getaddr_func, host, port, family, type, proto, flags)
        ^^^^^^^^^^^^^^^^^^^^^^^^^^^^^^^^^^^^^^^^^^^^^^^^^^^^^^^^^^^
  File "/usr/local/lib/python3.14/concurrent/futures/thread.py", line 86, in run
    result = ctx.run(self.task)
  File "/usr/local/lib/python3.14/concurrent/futures/thread.py", line 73, in run
    return fn(*args, **kwargs)
  File "/usr/local/lib/python3.14/socket.py", line 983, in getaddrinfo
    for res in _socket.getaddrinfo(host, port, family, type, proto, flags):
               ~~~~~~~~~~~~~~~~~~~^^^^^^^^^^^^^^^^^^^^^^^^^^^^^^^^^^^^^^^^
socket.gaierror: [Errno -3] Try again

The above exception was the direct cause of the following exception:

Traceback (most recent call last):
  File "/opt/venv/lib/python3.14/site-packages/discord/shard.py", line 219, in reconnect
    self.ws = await asyncio.wait_for(coro, timeout=60.0)
              ^^^^^^^^^^^^^^^^^^^^^^^^^^^^^^^^^^^^^^^^^^
  File "/usr/local/lib/python3.14/asyncio/tasks.py", line 488, in wait_for
    return await fut
           ^^^^^^^^^
  File "/opt/venv/lib/python3.14/site-packages/discord/gateway.py", line 383, in from_client
    socket = await client.http.ws_connect(str(url))
             ^^^^^^^^^^^^^^^^^^^^^^^^^^^^^^^^^^^^^^
  File "/opt/venv/lib/python3.14/site-packages/discord/http.py", line 566, in ws_connect
    return await self.__session.ws_connect(url, **kwargs)
           ^^^^^^^^^^^^^^^^^^^^^^^^^^^^^^^^^^^^^^^^^^^^^^
  File "/opt/venv/lib/python3.14/site-packages/aiohttp/client.py", line 1076, in _ws_connect
    resp = await self.request(
           ^^^^^^^^^^^^^^^^^^^
    ...<11 lines>...
    )
    ^
  File "/opt/venv/lib/python3.14/site-packages/aiohttp/client.py", line 779, in _request
    resp = await handler(req)
           ^^^^^^^^^^^^^^^^^^
  File "/opt/venv/lib/python3.14/site-packages/aiohttp/client.py", line 734, in _connect_and_send_request
    conn = await self._connector.connect(
           ^^^^^^^^^^^^^^^^^^^^^^^^^^^^^^
        req, traces=traces, timeout=real_timeout
        ^^^^^^^^^^^^^^^^^^^^^^^^^^^^^^^^^^^^^^^^
    )
    ^
  File "/opt/venv/lib/python3.14/site-packages/aiohttp/connector.py", line 642, in connect
    proto = await self._create_connection(req, traces, timeout)
            ^^^^^^^^^^^^^^^^^^^^^^^^^^^^^^^^^^^^^^^^^^^^^^^^^^^
  File "/opt/venv/lib/python3.14/site-packages/aiohttp/connector.py", line 1209, in _create_connection
    _, proto = await self._create_direct_connection(req, traces, timeout)
               ^^^^^^^^^^^^^^^^^^^^^^^^^^^^^^^^^^^^^^^^^^^^^^^^^^^^^^^^^^
  File "/opt/venv/lib/python3.14/site-packages/aiohttp/connector.py", line 1538, in _create_direct_connection
    raise ClientConnectorDNSError(req.connection_key, exc) from exc
aiohttp.client_exceptions.ClientConnectorDNSError: Cannot connect to host gateway.discord.gg:443 ssl:default [Try again]
[2026-03-10 01:30:23] ERROR discord.shard: Attempting a reconnect for shard ID 0 in 2.50s
Traceback (most recent call last):
  File "/opt/venv/lib/python3.14/site-packages/aiohttp/connector.py", line 1532, in _create_direct_connection
    hosts = await self._resolve_host(host, port, traces=traces)
            ^^^^^^^^^^^^^^^^^^^^^^^^^^^^^^^^^^^^^^^^^^^^^^^^^^^
  File "/opt/venv/lib/python3.14/site-packages/aiohttp/connector.py", line 1148, in _resolve_host
    return await asyncio.shield(resolved_host_task)
           ^^^^^^^^^^^^^^^^^^^^^^^^^^^^^^^^^^^^^^^^
  File "/opt/venv/lib/python3.14/site-packages/aiohttp/connector.py", line 1179, in _resolve_host_with_throttle
    addrs = await self._resolver.resolve(host, port, family=self._family)
            ^^^^^^^^^^^^^^^^^^^^^^^^^^^^^^^^^^^^^^^^^^^^^^^^^^^^^^^^^^^^^
  File "/opt/venv/lib/python3.14/site-packages/aiohttp/resolver.py", line 40, in resolve
    infos = await self._loop.getaddrinfo(
            ^^^^^^^^^^^^^^^^^^^^^^^^^^^^^
    ...<5 lines>...
    )
    ^
  File "/usr/local/lib/python3.14/asyncio/base_events.py", line 936, in getaddrinfo
    return await self.run_in_executor(
           ^^^^^^^^^^^^^^^^^^^^^^^^^^^
        None, getaddr_func, host, port, family, type, proto, flags)
        ^^^^^^^^^^^^^^^^^^^^^^^^^^^^^^^^^^^^^^^^^^^^^^^^^^^^^^^^^^^
  File "/usr/local/lib/python3.14/concurrent/futures/thread.py", line 86, in run
    result = ctx.run(self.task)
  File "/usr/local/lib/python3.14/concurrent/futures/thread.py", line 73, in run
    return fn(*args, **kwargs)
  File "/usr/local/lib/python3.14/socket.py", line 983, in getaddrinfo
    for res in _socket.getaddrinfo(host, port, family, type, proto, flags):
               ~~~~~~~~~~~~~~~~~~~^^^^^^^^^^^^^^^^^^^^^^^^^^^^^^^^^^^^^^^^
socket.gaierror: [Errno -3] Try again

The above exception was the direct cause of the following exception:

Traceback (most recent call last):
  File "/opt/venv/lib/python3.14/site-packages/discord/shard.py", line 219, in reconnect
    self.ws = await asyncio.wait_for(coro, timeout=60.0)
              ^^^^^^^^^^^^^^^^^^^^^^^^^^^^^^^^^^^^^^^^^^
  File "/usr/local/lib/python3.14/asyncio/tasks.py", line 488, in wait_for
    return await fut
           ^^^^^^^^^
  File "/opt/venv/lib/python3.14/site-packages/discord/gateway.py", line 383, in from_client
    socket = await client.http.ws_connect(str(url))
             ^^^^^^^^^^^^^^^^^^^^^^^^^^^^^^^^^^^^^^
  File "/opt/venv/lib/python3.14/site-packages/discord/http.py", line 566, in ws_connect
    return await self.__session.ws_connect(url, **kwargs)
           ^^^^^^^^^^^^^^^^^^^^^^^^^^^^^^^^^^^^^^^^^^^^^^
  File "/opt/venv/lib/python3.14/site-packages/aiohttp/client.py", line 1076, in _ws_connect
    resp = await self.request(
           ^^^^^^^^^^^^^^^^^^^
    ...<11 lines>...
    )
    ^
  File "/opt/venv/lib/python3.14/site-packages/aiohttp/client.py", line 779, in _request
    resp = await handler(req)
           ^^^^^^^^^^^^^^^^^^
  File "/opt/venv/lib/python3.14/site-packages/aiohttp/client.py", line 734, in _connect_and_send_request
    conn = await self._connector.connect(
           ^^^^^^^^^^^^^^^^^^^^^^^^^^^^^^
        req, traces=traces, timeout=real_timeout
        ^^^^^^^^^^^^^^^^^^^^^^^^^^^^^^^^^^^^^^^^
    )
    ^
  File "/opt/venv/lib/python3.14/site-packages/aiohttp/connector.py", line 642, in connect
    proto = await self._create_connection(req, traces, timeout)
            ^^^^^^^^^^^^^^^^^^^^^^^^^^^^^^^^^^^^^^^^^^^^^^^^^^^
  File "/opt/venv/lib/python3.14/site-packages/aiohttp/connector.py", line 1209, in _create_connection
    _, proto = await self._create_direct_connection(req, traces, timeout)
               ^^^^^^^^^^^^^^^^^^^^^^^^^^^^^^^^^^^^^^^^^^^^^^^^^^^^^^^^^^
  File "/opt/venv/lib/python3.14/site-packages/aiohttp/connector.py", line 1538, in _create_direct_connection
    raise ClientConnectorDNSError(req.connection_key, exc) from exc
aiohttp.client_exceptions.ClientConnectorDNSError: Cannot connect to host gateway.discord.gg:443 ssl:default [Try again]
[2026-03-10 01:30:31] ERROR discord.shard: Attempting a reconnect for shard ID 0 in 11.50s
Traceback (most recent call last):
  File "/opt/venv/lib/python3.14/site-packages/aiohttp/connector.py", line 1532, in _create_direct_connection
    hosts = await self._resolve_host(host, port, traces=traces)
            ^^^^^^^^^^^^^^^^^^^^^^^^^^^^^^^^^^^^^^^^^^^^^^^^^^^
  File "/opt/venv/lib/python3.14/site-packages/aiohttp/connector.py", line 1148, in _resolve_host
    return await asyncio.shield(resolved_host_task)
           ^^^^^^^^^^^^^^^^^^^^^^^^^^^^^^^^^^^^^^^^
  File "/opt/venv/lib/python3.14/site-packages/aiohttp/connector.py", line 1179, in _resolve_host_with_throttle
    addrs = await self._resolver.resolve(host, port, family=self._family)
            ^^^^^^^^^^^^^^^^^^^^^^^^^^^^^^^^^^^^^^^^^^^^^^^^^^^^^^^^^^^^^
  File "/opt/venv/lib/python3.14/site-packages/aiohttp/resolver.py", line 40, in resolve
    infos = await self._loop.getaddrinfo(
            ^^^^^^^^^^^^^^^^^^^^^^^^^^^^^
    ...<5 lines>...
    )
    ^
  File "/usr/local/lib/python3.14/asyncio/base_events.py", line 936, in getaddrinfo
    return await self.run_in_executor(
           ^^^^^^^^^^^^^^^^^^^^^^^^^^^
        None, getaddr_func, host, port, family, type, proto, flags)
        ^^^^^^^^^^^^^^^^^^^^^^^^^^^^^^^^^^^^^^^^^^^^^^^^^^^^^^^^^^^
  File "/usr/local/lib/python3.14/concurrent/futures/thread.py", line 86, in run
    result = ctx.run(self.task)
  File "/usr/local/lib/python3.14/concurrent/futures/thread.py", line 73, in run
    return fn(*args, **kwargs)
  File "/usr/local/lib/python3.14/socket.py", line 983, in getaddrinfo
    for res in _socket.getaddrinfo(host, port, family, type, proto, flags):
               ~~~~~~~~~~~~~~~~~~~^^^^^^^^^^^^^^^^^^^^^^^^^^^^^^^^^^^^^^^^
socket.gaierror: [Errno -3] Try again

The above exception was the direct cause of the following exception:

Traceback (most recent call last):
  File "/opt/venv/lib/python3.14/site-packages/discord/shard.py", line 219, in reconnect
    self.ws = await asyncio.wait_for(coro, timeout=60.0)
              ^^^^^^^^^^^^^^^^^^^^^^^^^^^^^^^^^^^^^^^^^^
  File "/usr/local/lib/python3.14/asyncio/tasks.py", line 488, in wait_for
    return await fut
           ^^^^^^^^^
  File "/opt/venv/lib/python3.14/site-packages/discord/gateway.py", line 383, in from_client
    socket = await client.http.ws_connect(str(url))
             ^^^^^^^^^^^^^^^^^^^^^^^^^^^^^^^^^^^^^^
  File "/opt/venv/lib/python3.14/site-packages/discord/http.py", line 566, in ws_connect
    return await self.__session.ws_connect(url, **kwargs)
           ^^^^^^^^^^^^^^^^^^^^^^^^^^^^^^^^^^^^^^^^^^^^^^
  File "/opt/venv/lib/python3.14/site-packages/aiohttp/client.py", line 1076, in _ws_connect
    resp = await self.request(
           ^^^^^^^^^^^^^^^^^^^
    ...<11 lines>...
    )
    ^
  File "/opt/venv/lib/python3.14/site-packages/aiohttp/client.py", line 779, in _request
    resp = await handler(req)
           ^^^^^^^^^^^^^^^^^^
  File "/opt/venv/lib/python3.14/site-packages/aiohttp/client.py", line 734, in _connect_and_send_request
    conn = await self._connector.connect(
           ^^^^^^^^^^^^^^^^^^^^^^^^^^^^^^
        req, traces=traces, timeout=real_timeout
        ^^^^^^^^^^^^^^^^^^^^^^^^^^^^^^^^^^^^^^^^
    )
    ^
  File "/opt/venv/lib/python3.14/site-packages/aiohttp/connector.py", line 642, in connect
    proto = await self._create_connection(req, traces, timeout)
            ^^^^^^^^^^^^^^^^^^^^^^^^^^^^^^^^^^^^^^^^^^^^^^^^^^^
  File "/opt/venv/lib/python3.14/site-packages/aiohttp/connector.py", line 1209, in _create_connection
    _, proto = await self._create_direct_connection(req, traces, timeout)
               ^^^^^^^^^^^^^^^^^^^^^^^^^^^^^^^^^^^^^^^^^^^^^^^^^^^^^^^^^^
  File "/opt/venv/lib/python3.14/site-packages/aiohttp/connector.py", line 1538, in _create_direct_connection
    raise ClientConnectorDNSError(req.connection_key, exc) from exc
aiohttp.client_exceptions.ClientConnectorDNSError: Cannot connect to host gateway.discord.gg:443 ssl:default [Try again]
[2026-03-10 01:30:48] INFO discord.gateway: Shard ID 0 has connected to Gateway (Session ID: c3b5ead363f7caeab061daa120aad4a4).
[2026-03-10 01:42:52] INFO uvicorn.access: 172.18.0.3:45258 - "GET / HTTP/1.0" 200
[2026-03-10 01:42:53] WARNING django.request: Not Found: /favicon.ico
[2026-03-10 01:42:53] INFO uvicorn.access: 172.18.0.3:45274 - "GET /favicon.ico HTTP/1.0" 404
[2026-03-10 01:43:01] INFO uvicorn.access: 172.18.0.3:49524 - "GET /bd_models/ballinstance/ HTTP/1.0" 200
[2026-03-10 01:43:01] INFO uvicorn.access: 172.18.0.3:49528 - "GET /jsi18n/ HTTP/1.0" 200
[2026-03-10 01:43:04] INFO uvicorn.access: 172.18.0.3:54784 - "GET /bd_models/ballinstance/?p=5 HTTP/1.0" 200
[2026-03-10 01:43:05] INFO uvicorn.access: 172.18.0.3:54798 - "GET /jsi18n/ HTTP/1.0" 200
[2026-03-10 01:43:16] INFO uvicorn.access: 172.18.0.3:57962 - "GET /bd_models/ballinstance/ HTTP/1.0" 200
[2026-03-10 01:43:17] INFO uvicorn.access: 172.18.0.3:57968 - "GET / HTTP/1.0" 200
[2026-03-10 01:43:19] INFO uvicorn.access: 172.18.0.3:57974 - "GET /bd_models/player/ HTTP/1.0" 200
[2026-03-10 01:43:20] INFO uvicorn.access: 172.18.0.3:57990 - "GET /jsi18n/ HTTP/1.0" 200
[2026-03-10 01:43:23] INFO uvicorn.access: 172.18.0.3:58000 - "GET /bd_models/player/4/change/ HTTP/1.0" 200
[2026-03-10 01:43:23] INFO uvicorn.access: 172.18.0.3:58010 - "GET /jsi18n/ HTTP/1.0" 200
[2026-03-10 01:44:31] INFO uvicorn.access: 172.18.0.3:60208 - "GET /bd_models/ HTTP/1.0" 200
[2026-03-10 01:44:33] INFO uvicorn.access: 172.18.0.3:60220 - "GET /bd_models/ball/ HTTP/1.0" 200
[2026-03-10 01:44:33] INFO uvicorn.access: 172.18.0.3:60232 - "GET /jsi18n/ HTTP/1.0" 200
[2026-03-10 01:44:35] INFO uvicorn.access: 172.18.0.3:38882 - "GET /bd_models/ball/add/ HTTP/1.0" 200
[2026-03-10 01:44:35] INFO uvicorn.access: 172.18.0.3:38892 - "GET /jsi18n/ HTTP/1.0" 200
[2026-03-10 01:45:09] INFO uvicorn.access: 172.18.0.3:32826 - "GET /bd_models/ball/ HTTP/1.0" 200
[2026-03-10 01:45:11] INFO uvicorn.access: 172.18.0.3:32828 - "GET /bd_models/ball/add/ HTTP/1.0" 200
[2026-03-10 01:45:11] INFO uvicorn.access: 172.18.0.3:32834 - "GET /jsi18n/ HTTP/1.0" 200
[2026-03-10 01:45:13] INFO uvicorn.access: 172.18.0.3:32850 - "GET /bd_models/ball/ HTTP/1.0" 200
[2026-03-10 01:45:38] INFO uvicorn.access: 172.18.0.3:34998 - "GET /autocomplete/?app_label=bd_models&model_name=ball&field_name=regime HTTP/1.0" 200
[2026-03-10 02:26:40] INFO uvicorn.error: Started server process [1]
[2026-03-10 02:26:40] INFO ballsdex: Initialized bot, connecting to Discord...
[2026-03-10 02:26:40] INFO discord.client: logging in using static token
[2026-03-10 02:26:40] INFO uvicorn.error: Waiting for application startup.
[2026-03-10 02:26:40] INFO uvicorn.error: ASGI 'lifespan' protocol appears unsupported.
[2026-03-10 02:26:40] INFO uvicorn.error: Application startup complete.
[2026-03-10 02:26:40] INFO uvicorn.error: Uvicorn running on http://0.0.0.0:8000 (Press CTRL+C to quit)
[2026-03-10 02:26:40] INFO settings.apps: Settings read successfully.
[2026-03-10 02:26:41] INFO ballsdex.core.bot: Starting up with None shards...
[2026-03-10 02:26:42] INFO discord.gateway: Shard ID 0 has connected to Gateway (Session ID: 162c344ddb46c21c0dd56776acbb7a0c).
[2026-03-10 02:26:44] INFO ballsdex.core.bot: Successfully logged in as OCDEX#2184 (1459614981937954931)!
[2026-03-10 02:26:44] INFO ballsdex.core.bot: lomadinthe2nd is the owner of this bot.
[2026-03-10 02:26:44] INFO ballsdex.core.bot: Cache loaded, summary displayed below:
[2026-03-10 02:26:44] INFO ballsdex.core.bot: Loading packages...
[2026-03-10 02:26:46] INFO ballsdex.packages.countryballs: Loaded 7 guilds in cache.
[2026-03-10 02:26:47] INFO ballsdex.core.bot: Packages loaded: admin, balls, guildconfig, countryballs, info, players, trade
[2026-03-10 02:26:47] INFO ballsdex.core.bot: Syncing global commands...
[2026-03-10 02:26:50] INFO ballsdex.core.bot: Synced 7 global commands.
[2026-03-10 02:28:24] INFO uvicorn.access: 172.18.0.3:41042 - "GET / HTTP/1.0" 302
[2026-03-10 02:28:24] INFO uvicorn.access: 172.18.0.3:41048 - "GET /login/?next=/ HTTP/1.0" 200
[2026-03-10 02:30:45] ERROR django.request: Internal Server Error: /complete/discord/
Traceback (most recent call last):
  File "/opt/venv/lib/python3.14/site-packages/asgiref/sync.py", line 552, in thread_handler
    raise exc_info[1]
  File "/opt/venv/lib/python3.14/site-packages/django/core/handlers/exception.py", line 42, in inner
    response = await get_response(request)
               ^^^^^^^^^^^^^^^^^^^^^^^^^^^
  File "/opt/venv/lib/python3.14/site-packages/asgiref/sync.py", line 552, in thread_handler
    raise exc_info[1]
  File "/opt/venv/lib/python3.14/site-packages/django/core/handlers/base.py", line 254, in _get_response_async
    response = await wrapped_callback(
               ^^^^^^^^^^^^^^^^^^^^^^^
        request, *callback_args, **callback_kwargs
        ^^^^^^^^^^^^^^^^^^^^^^^^^^^^^^^^^^^^^^^^^^
    )
    ^
  File "/opt/venv/lib/python3.14/site-packages/asgiref/sync.py", line 502, in __call__
    ret = await asyncio.shield(exec_coro)
          ^^^^^^^^^^^^^^^^^^^^^^^^^^^^^^^
  File "/opt/venv/lib/python3.14/site-packages/asgiref/current_thread_executor.py", line 40, in run
    result = self.fn(*self.args, **self.kwargs)
  File "/opt/venv/lib/python3.14/site-packages/asgiref/sync.py", line 556, in thread_handler
    return func(*args, **kwargs)
  File "/opt/venv/lib/python3.14/site-packages/django/views/decorators/cache.py", line 80, in _view_wrapper
    response = view_func(request, *args, **kwargs)
  File "/opt/venv/lib/python3.14/site-packages/django/views/decorators/csrf.py", line 65, in _view_wrapper
    return view_func(request, *args, **kwargs)
  File "/opt/venv/lib/python3.14/site-packages/social_django/utils.py", line 44, in wrapper
    return func(request, backend, *args, **kwargs)
  File "/opt/venv/lib/python3.14/site-packages/social_django/views.py", line 33, in complete
    return do_complete(
        request.backend,
    ...<5 lines>...
        **kwargs,
    )
  File "/opt/venv/lib/python3.14/site-packages/social_core/actions.py", line 50, in do_complete
    user = backend.complete(*args, user=user, redirect_name=redirect_name, **kwargs)
  File "/opt/venv/lib/python3.14/site-packages/social_core/backends/base.py", line 54, in complete
    return self.auth_complete(*args, **kwargs)
           ~~~~~~~~~~~~~~~~~~^^^^^^^^^^^^^^^^^
  File "/opt/venv/lib/python3.14/site-packages/social_core/utils.py", line 244, in wrapper
    return func(*args, **kwargs)
  File "/opt/venv/lib/python3.14/site-packages/social_core/backends/oauth.py", line 465, in auth_complete
    state = self.validate_state()
  File "/opt/venv/lib/python3.14/site-packages/social_core/backends/oauth.py", line 117, in validate_state
    raise AuthMissingParameter(self, "state")
social_core.exceptions.AuthMissingParameter: Missing needed parameter state
[2026-03-10 02:30:45] INFO uvicorn.access: 172.18.0.3:40362 - "GET /complete/discord/ HTTP/1.0" 500
[2026-03-10 02:30:46] WARNING django.request: Not Found: /favicon.ico
[2026-03-10 02:30:46] INFO uvicorn.access: 172.18.0.3:40378 - "GET /favicon.ico HTTP/1.0" 404
[2026-03-10 02:30:51] INFO uvicorn.access: 172.18.0.3:34304 - "GET / HTTP/1.0" 302
[2026-03-10 02:30:51] INFO uvicorn.access: 172.18.0.3:34306 - "GET /login/?next=/ HTTP/1.0" 200
[2026-03-10 02:30:53] INFO uvicorn.access: 172.18.0.3:34308 - "GET /login/discord/ HTTP/1.0" 302
[2026-03-10 02:31:00] INFO uvicorn.access: 172.18.0.3:34314 - "GET /complete/discord/?code=a1yAiqQOah2eXjVxyHgSfMnsXnzzpG&state=GLsIRCzW2H53wfvcOKOFrWk1eElSKtAS HTTP/1.0" 302
[2026-03-10 02:31:01] INFO uvicorn.access: 172.18.0.3:45706 - "GET / HTTP/1.0" 200
[2026-03-10 02:31:17] INFO ballsdex.packages.admin.balls: lomadinthe2nd spawned oc Slat in ︴general-💬.
[2026-03-10 02:31:49] INFO uvicorn.access: 172.18.0.3:43256 - "GET /bd_models/ball/ HTTP/1.0" 200
[2026-03-10 02:31:50] INFO uvicorn.access: 172.18.0.3:48178 - "GET /jsi18n/ HTTP/1.0" 200
[2026-03-10 02:31:53] INFO uvicorn.access: 172.18.0.3:48188 - "GET /bd_models/ball/15/change/ HTTP/1.0" 200
[2026-03-10 02:31:53] INFO uvicorn.access: 172.18.0.3:48192 - "GET /jsi18n/ HTTP/1.0" 200
[2026-03-10 02:31:54] ERROR django.request: Internal Server Error: /ball/generate/15
Traceback (most recent call last):
  File "/opt/venv/lib/python3.14/site-packages/asgiref/sync.py", line 552, in thread_handler
    raise exc_info[1]
  File "/opt/venv/lib/python3.14/site-packages/django/core/handlers/exception.py", line 42, in inner
    response = await get_response(request)
               ^^^^^^^^^^^^^^^^^^^^^^^^^^^
  File "/opt/venv/lib/python3.14/site-packages/asgiref/sync.py", line 552, in thread_handler
    raise exc_info[1]
  File "/opt/venv/lib/python3.14/site-packages/django/core/handlers/base.py", line 254, in _get_response_async
    response = await wrapped_callback(
               ^^^^^^^^^^^^^^^^^^^^^^^
        request, *callback_args, **callback_kwargs
        ^^^^^^^^^^^^^^^^^^^^^^^^^^^^^^^^^^^^^^^^^^
    )
    ^
  File "/opt/venv/lib/python3.14/site-packages/preview/views.py", line 15, in render_ballinstance
    image, kwargs = draw_card(instance)
                    ~~~~~~~~~^^^^^^^^^^
  File "/opt/venv/lib/python3.14/site-packages/ballsdex/core/image_generator/image_gen.py", line 132, in draw_card
    artwork = Image.open(ball.collection_card).convert("RGBA")
              ~~~~~~~~~~^^^^^^^^^^^^^^^^^^^^^^
  File "/opt/venv/lib/python3.14/site-packages/PIL/Image.py", line 3499, in open
    fp.seek(0)
    ^^^^^^^
  File "/opt/venv/lib/python3.14/site-packages/django/core/files/utils.py", line 45, in <lambda>
    seek = property(lambda self: self.file.seek)
                                 ^^^^^^^^^
  File "/opt/venv/lib/python3.14/site-packages/django/db/models/fields/files.py", line 50, in _get_file
    self._file = self.storage.open(self.name, "rb")
                 ~~~~~~~~~~~~~~~~~^^^^^^^^^^^^^^^^^
  File "/opt/venv/lib/python3.14/site-packages/django/core/files/storage/base.py", line 22, in open
    return self._open(name, mode)
           ~~~~~~~~~~^^^^^^^^^^^^
  File "/opt/venv/lib/python3.14/site-packages/django/core/files/storage/filesystem.py", line 66, in _open
    return File(open(self.path(name), mode))
                ~~~~^^^^^^^^^^^^^^^^^^^^^^^
FileNotFoundError: [Errno 2] No such file or directory: '/code/admin_panel/media/Untitled96_20260309210059-1.png'
[2026-03-10 02:31:54] INFO uvicorn.access: 172.18.0.3:48194 - "GET /ball/generate/15 HTTP/1.0" 500
[2026-03-10 02:32:00] INFO uvicorn.access: 172.18.0.3:58144 - "POST /bd_models/ball/15/change/ HTTP/1.0" 302
[2026-03-10 02:32:01] INFO uvicorn.access: 172.18.0.3:58146 - "GET /bd_models/ball/15/change/ HTTP/1.0" 200
[2026-03-10 02:32:01] INFO uvicorn.access: 172.18.0.3:58162 - "GET /jsi18n/ HTTP/1.0" 200
[2026-03-10 02:32:01] ERROR django.request: Internal Server Error: /ball/generate/15
Traceback (most recent call last):
  File "/opt/venv/lib/python3.14/site-packages/asgiref/sync.py", line 552, in thread_handler
    raise exc_info[1]
  File "/opt/venv/lib/python3.14/site-packages/django/core/handlers/exception.py", line 42, in inner
    response = await get_response(request)
               ^^^^^^^^^^^^^^^^^^^^^^^^^^^
  File "/opt/venv/lib/python3.14/site-packages/asgiref/sync.py", line 552, in thread_handler
    raise exc_info[1]
  File "/opt/venv/lib/python3.14/site-packages/django/core/handlers/base.py", line 254, in _get_response_async
    response = await wrapped_callback(
               ^^^^^^^^^^^^^^^^^^^^^^^
        request, *callback_args, **callback_kwargs
        ^^^^^^^^^^^^^^^^^^^^^^^^^^^^^^^^^^^^^^^^^^
    )
    ^
  File "/opt/venv/lib/python3.14/site-packages/preview/views.py", line 15, in render_ballinstance
    image, kwargs = draw_card(instance)
                    ~~~~~~~~~^^^^^^^^^^
  File "/opt/venv/lib/python3.14/site-packages/ballsdex/core/image_generator/image_gen.py", line 132, in draw_card
    artwork = Image.open(ball.collection_card).convert("RGBA")
              ~~~~~~~~~~^^^^^^^^^^^^^^^^^^^^^^
  File "/opt/venv/lib/python3.14/site-packages/PIL/Image.py", line 3499, in open
    fp.seek(0)
    ^^^^^^^
  File "/opt/venv/lib/python3.14/site-packages/django/core/files/utils.py", line 45, in <lambda>
    seek = property(lambda self: self.file.seek)
                                 ^^^^^^^^^
  File "/opt/venv/lib/python3.14/site-packages/django/db/models/fields/files.py", line 50, in _get_file
    self._file = self.storage.open(self.name, "rb")
                 ~~~~~~~~~~~~~~~~~^^^^^^^^^^^^^^^^^
  File "/opt/venv/lib/python3.14/site-packages/django/core/files/storage/base.py", line 22, in open
    return self._open(name, mode)
           ~~~~~~~~~~^^^^^^^^^^^^
  File "/opt/venv/lib/python3.14/site-packages/django/core/files/storage/filesystem.py", line 66, in _open
    return File(open(self.path(name), mode))
                ~~~~^^^^^^^^^^^^^^^^^^^^^^^
FileNotFoundError: [Errno 2] No such file or directory: '/code/admin_panel/media/Untitled96_20260309210059-1.png'
[2026-03-10 02:32:01] INFO uvicorn.access: 172.18.0.3:58168 - "GET /ball/generate/15 HTTP/1.0" 500
[2026-03-10 02:32:05] INFO uvicorn.access: 172.18.0.3:58174 - "GET /bd_models/ball/15/change/ HTTP/1.0" 200
[2026-03-10 02:32:06] INFO uvicorn.access: 172.18.0.3:58186 - "GET /jsi18n/ HTTP/1.0" 200
[2026-03-10 02:32:06] ERROR django.request: Internal Server Error: /ball/generate/15
Traceback (most recent call last):
  File "/opt/venv/lib/python3.14/site-packages/asgiref/sync.py", line 552, in thread_handler
    raise exc_info[1]
  File "/opt/venv/lib/python3.14/site-packages/django/core/handlers/exception.py", line 42, in inner
    response = await get_response(request)
               ^^^^^^^^^^^^^^^^^^^^^^^^^^^
  File "/opt/venv/lib/python3.14/site-packages/asgiref/sync.py", line 552, in thread_handler
    raise exc_info[1]
  File "/opt/venv/lib/python3.14/site-packages/django/core/handlers/base.py", line 254, in _get_response_async
    response = await wrapped_callback(
               ^^^^^^^^^^^^^^^^^^^^^^^
        request, *callback_args, **callback_kwargs
        ^^^^^^^^^^^^^^^^^^^^^^^^^^^^^^^^^^^^^^^^^^
    )
    ^
  File "/opt/venv/lib/python3.14/site-packages/preview/views.py", line 15, in render_ballinstance
    image, kwargs = draw_card(instance)
                    ~~~~~~~~~^^^^^^^^^^
  File "/opt/venv/lib/python3.14/site-packages/ballsdex/core/image_generator/image_gen.py", line 132, in draw_card
    artwork = Image.open(ball.collection_card).convert("RGBA")
              ~~~~~~~~~~^^^^^^^^^^^^^^^^^^^^^^
  File "/opt/venv/lib/python3.14/site-packages/PIL/Image.py", line 3499, in open
    fp.seek(0)
    ^^^^^^^
  File "/opt/venv/lib/python3.14/site-packages/django/core/files/utils.py", line 45, in <lambda>
    seek = property(lambda self: self.file.seek)
                                 ^^^^^^^^^
  File "/opt/venv/lib/python3.14/site-packages/django/db/models/fields/files.py", line 50, in _get_file
    self._file = self.storage.open(self.name, "rb")
                 ~~~~~~~~~~~~~~~~~^^^^^^^^^^^^^^^^^
  File "/opt/venv/lib/python3.14/site-packages/django/core/files/storage/base.py", line 22, in open
    return self._open(name, mode)
           ~~~~~~~~~~^^^^^^^^^^^^
  File "/opt/venv/lib/python3.14/site-packages/django/core/files/storage/filesystem.py", line 66, in _open
    return File(open(self.path(name), mode))
                ~~~~^^^^^^^^^^^^^^^^^^^^^^^
FileNotFoundError: [Errno 2] No such file or directory: '/code/admin_panel/media/Untitled96_20260309210059-1.png'
[2026-03-10 02:32:06] INFO uvicorn.access: 172.18.0.3:58198 - "GET /ball/generate/15 HTTP/1.0" 500
[2026-03-10 02:32:19] INFO uvicorn.access: 172.18.0.3:39808 - "POST /bd_models/ball/15/change/ HTTP/1.0" 302
[2026-03-10 02:32:19] INFO uvicorn.access: 172.18.0.3:39812 - "GET /bd_models/ball/15/change/ HTTP/1.0" 200
[2026-03-10 02:32:19] INFO uvicorn.access: 172.18.0.3:39822 - "GET /jsi18n/ HTTP/1.0" 200
[2026-03-10 02:32:21] INFO uvicorn.access: 172.18.0.3:52784 - "GET /ball/generate/15 HTTP/1.0" 200
[2026-03-10 02:32:33] INFO uvicorn.access: 172.18.0.3:37354 - "POST /bd_models/ball/15/change/ HTTP/1.0" 302
[2026-03-10 02:32:33] INFO uvicorn.access: 172.18.0.3:37370 - "GET /bd_models/ball/15/change/ HTTP/1.0" 200
[2026-03-10 02:32:33] INFO uvicorn.access: 172.18.0.3:37386 - "GET /jsi18n/ HTTP/1.0" 200
[2026-03-10 02:32:34] INFO uvicorn.access: 172.18.0.3:37390 - "GET /ball/generate/15 HTTP/1.0" 200
[2026-03-10 02:32:46] INFO uvicorn.access: 172.18.0.3:38504 - "POST /bd_models/ball/15/change/ HTTP/1.0" 302
[2026-03-10 02:32:46] INFO uvicorn.access: 172.18.0.3:38520 - "GET /bd_models/ball/15/change/ HTTP/1.0" 200
[2026-03-10 02:32:47] INFO uvicorn.access: 172.18.0.3:38536 - "GET /jsi18n/ HTTP/1.0" 200
[2026-03-10 02:32:48] INFO uvicorn.access: 172.18.0.3:38544 - "GET /ball/generate/15 HTTP/1.0" 200
[2026-03-10 02:33:27] INFO uvicorn.access: 172.18.0.3:60734 - "POST /bd_models/ball/15/change/ HTTP/1.0" 302
[2026-03-10 02:33:27] INFO uvicorn.access: 172.18.0.3:60748 - "GET /bd_models/ball/ HTTP/1.0" 200
[2026-03-10 02:33:28] INFO uvicorn.access: 172.18.0.3:60762 - "GET /jsi18n/ HTTP/1.0" 200
[2026-03-10 02:33:43] INFO ballsdex.core.bot: Cache loaded, summary displayed below:
[2026-03-10 02:36:47] INFO ballsdex.packages.admin.balls: lomadinthe2nd spawned oc Purpy in ┆ocdex-⚛️.
[2026-03-10 02:36:55] ERROR ballsdex.packages.countryballs: An error occured in countryball catching prompt
Traceback (most recent call last):
  File "/opt/venv/lib/python3.14/site-packages/discord/ui/modal.py", line 216, in _scheduled_task
    await self.on_submit(interaction)
  File "/opt/venv/lib/python3.14/site-packages/ballsdex/packages/countryballs/countryball.py", line 66, in on_submit
    wrong_message = settings.get_random_message(PromptMessage.PromptType.WRONG).format(
        user=interaction.user.mention,
    ...<4 lines>...
        emoji=interaction.client.get_emoji(self.view.model.emoji_id),
    )
KeyError: 'guess'
[2026-03-10 02:41:54] INFO uvicorn.access: 172.18.0.3:35620 - "GET /bd_models/ball/ HTTP/1.0" 200
[2026-03-10 02:41:57] INFO uvicorn.access: 172.18.0.3:35634 - "GET /bd_models/ HTTP/1.0" 200
[2026-03-10 02:42:00] INFO uvicorn.access: 172.18.0.3:43482 - "GET / HTTP/1.0" 200
[2026-03-10 02:42:02] INFO uvicorn.access: 172.18.0.3:43498 - "GET /settings/settings/ HTTP/1.0" 200
[2026-03-10 02:42:03] INFO uvicorn.access: 172.18.0.3:43506 - "GET /jsi18n/ HTTP/1.0" 200
[2026-03-10 02:42:04] INFO uvicorn.access: 172.18.0.3:43520 - "GET /settings/settings/1/change/ HTTP/1.0" 200
[2026-03-10 02:42:04] INFO uvicorn.access: 172.18.0.3:43524 - "GET /jsi18n/ HTTP/1.0" 200
[2026-03-10 02:43:02] INFO uvicorn.access: 172.18.0.3:38250 - "POST /settings/settings/1/change/ HTTP/1.0" 302
[2026-03-10 02:43:02] INFO uvicorn.access: 172.18.0.3:38252 - "GET /settings/settings/1/change/ HTTP/1.0" 200
[2026-03-10 02:43:03] INFO uvicorn.access: 172.18.0.3:38262 - "GET /jsi18n/ HTTP/1.0" 200
[2026-03-10 02:43:16] INFO uvicorn.access: 172.18.0.3:36468 - "POST /settings/settings/1/change/ HTTP/1.0" 302
[2026-03-10 02:43:17] INFO uvicorn.access: 172.18.0.3:36474 - "GET /settings/settings/1/change/ HTTP/1.0" 200
[2026-03-10 02:43:17] INFO uvicorn.access: 172.18.0.3:36484 - "GET /jsi18n/ HTTP/1.0" 200
[2026-03-10 02:45:31] INFO ballsdex.core.bot: Cache loaded, summary displayed below:
[2026-03-10 02:45:36] INFO ballsdex.packages.admin.balls: lomadinthe2nd spawned oc Astroglass in ︴admin-bot-commands-📡.
[2026-03-10 02:45:40] ERROR ballsdex.packages.countryballs: An error occured in countryball catching prompt
Traceback (most recent call last):
  File "/opt/venv/lib/python3.14/site-packages/discord/ui/modal.py", line 216, in _scheduled_task
    await self.on_submit(interaction)
  File "/opt/venv/lib/python3.14/site-packages/ballsdex/packages/countryballs/countryball.py", line 66, in on_submit
    wrong_message = settings.get_random_message(PromptMessage.PromptType.WRONG).format(
        user=interaction.user.mention,
    ...<4 lines>...
        emoji=interaction.client.get_emoji(self.view.model.emoji_id),
    )
KeyError: 'guess'
[2026-03-10 02:45:46] ERROR ballsdex.packages.countryballs: An error occured in countryball catching prompt
Traceback (most recent call last):
  File "/opt/venv/lib/python3.14/site-packages/discord/ui/modal.py", line 216, in _scheduled_task
    await self.on_submit(interaction)
  File "/opt/venv/lib/python3.14/site-packages/ballsdex/packages/countryballs/countryball.py", line 66, in on_submit
    wrong_message = settings.get_random_message(PromptMessage.PromptType.WRONG).format(
        user=interaction.user.mention,
    ...<4 lines>...
        emoji=interaction.client.get_emoji(self.view.model.emoji_id),
    )
KeyError: 'guess'
[2026-03-10 02:45:54] ERROR ballsdex.packages.countryballs: An error occured in countryball catching prompt
Traceback (most recent call last):
  File "/opt/venv/lib/python3.14/site-packages/discord/ui/modal.py", line 216, in _scheduled_task
    await self.on_submit(interaction)
  File "/opt/venv/lib/python3.14/site-packages/ballsdex/packages/countryballs/countryball.py", line 66, in on_submit
    wrong_message = settings.get_random_message(PromptMessage.PromptType.WRONG).format(
        user=interaction.user.mention,
    ...<4 lines>...
        emoji=interaction.client.get_emoji(self.view.model.emoji_id),
    )
KeyError: 'guess'
[2026-03-10 03:28:31] INFO discord.gateway: Shard ID 0 has successfully RESUMED session 162c344ddb46c21c0dd56776acbb7a0c.
[2026-03-10 04:06:45] INFO discord.gateway: Shard ID 0 has successfully RESUMED session 162c344ddb46c21c0dd56776acbb7a0c.
[2026-03-10 07:27:40] INFO discord.gateway: Shard ID 0 has successfully RESUMED session 162c344ddb46c21c0dd56776acbb7a0c.
[2026-03-10 07:47:31] ERROR ballsdex.packages.countryballs: An error occured in countryball catching prompt
Traceback (most recent call last):
  File "/opt/venv/lib/python3.14/site-packages/discord/ui/modal.py", line 216, in _scheduled_task
    await self.on_submit(interaction)
  File "/opt/venv/lib/python3.14/site-packages/ballsdex/packages/countryballs/countryball.py", line 66, in on_submit
    wrong_message = settings.get_random_message(PromptMessage.PromptType.WRONG).format(
        user=interaction.user.mention,
    ...<4 lines>...
        emoji=interaction.client.get_emoji(self.view.model.emoji_id),
    )
KeyError: 'guess'
[2026-03-10 08:25:29] INFO discord.gateway: Shard ID 0 has successfully RESUMED session 162c344ddb46c21c0dd56776acbb7a0c.
[2026-03-10 09:31:56] INFO ballsdex.packages.admin.balls: lomadinthe2nd spawned oc Astroglass in ┆ocdex-⚛️.
[2026-03-10 10:46:37] INFO discord.gateway: Shard ID 0 has successfully RESUMED session 162c344ddb46c21c0dd56776acbb7a0c.
[2026-03-10 11:15:51] INFO uvicorn.access: 172.18.0.3:59448 - "GET / HTTP/1.0" 200
[2026-03-10 11:15:52] WARNING django.request: Not Found: /favicon.ico
[2026-03-10 11:15:52] INFO uvicorn.access: 172.18.0.3:59462 - "GET /favicon.ico HTTP/1.0" 404
[2026-03-10 11:15:53] INFO uvicorn.access: 172.18.0.3:59476 - "GET / HTTP/1.0" 302
[2026-03-10 11:15:53] INFO uvicorn.access: 172.18.0.3:59482 - "GET /login/?next=/ HTTP/1.0" 200
[2026-03-10 11:15:55] INFO uvicorn.access: 172.18.0.3:59488 - "GET /bd_models/ball/ HTTP/1.0" 200
[2026-03-10 11:15:55] INFO uvicorn.access: 172.18.0.3:59498 - "GET /jsi18n/ HTTP/1.0" 200
[2026-03-10 11:15:57] INFO uvicorn.access: 172.18.0.3:59514 - "GET /bd_models/ball/add/ HTTP/1.0" 200
[2026-03-10 11:15:57] INFO uvicorn.access: 172.18.0.3:59518 - "GET /jsi18n/ HTTP/1.0" 200
[2026-03-10 11:19:59] INFO uvicorn.access: 172.18.0.3:43090 - "GET /autocomplete/?app_label=bd_models&model_name=ball&field_name=regime HTTP/1.0" 200
[2026-03-10 11:20:02] INFO uvicorn.access: 172.18.0.3:46026 - "GET /bd_models/regime/4/change/?_to_field=id HTTP/1.0" 200
[2026-03-10 11:20:02] INFO uvicorn.access: 172.18.0.3:46034 - "GET /jsi18n/ HTTP/1.0" 200
[2026-03-10 11:20:15] INFO uvicorn.access: 172.18.0.3:42036 - "GET /bd_models/ball/add/ HTTP/1.0" 200
[2026-03-10 11:20:19] INFO uvicorn.access: 172.18.0.3:42042 - "GET /autocomplete/?app_label=bd_models&model_name=ball&field_name=regime HTTP/1.0" 200
[2026-03-10 11:20:20] INFO uvicorn.access: 172.18.0.3:57086 - "GET /bd_models/regime/add/?_to_field=id&_popup=1 HTTP/1.0" 200
[2026-03-10 11:20:20] INFO uvicorn.access: 172.18.0.3:57100 - "GET /jsi18n/ HTTP/1.0" 200
[2026-03-10 11:20:29] INFO uvicorn.access: 172.18.0.3:57116 - "POST /bd_models/regime/add/?_to_field=id&_popup=1 HTTP/1.0" 200
[2026-03-10 11:20:30] INFO uvicorn.access: 172.18.0.3:49098 - "GET /autocomplete/?app_label=bd_models&model_name=ball&field_name=regime HTTP/1.0" 200
[2026-03-10 11:22:09] INFO uvicorn.access: 172.18.0.3:34312 - "POST /bd_models/ball/add/ HTTP/1.0" 200
[2026-03-10 11:22:09] INFO uvicorn.access: 172.18.0.3:34320 - "GET /jsi18n/ HTTP/1.0" 200
[2026-03-10 11:22:34] INFO uvicorn.access: 172.18.0.3:34896 - "POST /bd_models/ball/add/ HTTP/1.0" 302
[2026-03-10 11:22:35] INFO uvicorn.access: 172.18.0.3:34898 - "GET /bd_models/ball/48/change/ HTTP/1.0" 200
[2026-03-10 11:22:35] INFO uvicorn.access: 172.18.0.3:34900 - "GET /jsi18n/ HTTP/1.0" 200
[2026-03-10 11:22:36] INFO uvicorn.access: 172.18.0.3:34910 - "GET /ball/generate/48 HTTP/1.0" 200
[2026-03-10 11:22:58] INFO uvicorn.access: 172.18.0.3:45550 - "POST /bd_models/ball/48/change/ HTTP/1.0" 302
[2026-03-10 11:22:59] INFO uvicorn.access: 172.18.0.3:45552 - "GET /bd_models/ball/48/change/ HTTP/1.0" 200
[2026-03-10 11:22:59] INFO uvicorn.access: 172.18.0.3:45558 - "GET /jsi18n/ HTTP/1.0" 200
[2026-03-10 11:23:00] INFO uvicorn.access: 172.18.0.3:39166 - "GET /ball/generate/48 HTTP/1.0" 200
[2026-03-10 11:23:11] INFO uvicorn.access: 172.18.0.3:48260 - "POST /bd_models/ball/48/change/ HTTP/1.0" 302
[2026-03-10 11:23:12] INFO uvicorn.access: 172.18.0.3:48266 - "GET /bd_models/ball/48/change/ HTTP/1.0" 200
[2026-03-10 11:23:12] INFO uvicorn.access: 172.18.0.3:48278 - "GET /jsi18n/ HTTP/1.0" 200
[2026-03-10 11:23:13] INFO uvicorn.access: 172.18.0.3:48284 - "GET /ball/generate/48 HTTP/1.0" 200
[2026-03-10 11:23:26] INFO uvicorn.access: 172.18.0.3:53552 - "POST /bd_models/ball/48/change/ HTTP/1.0" 302
[2026-03-10 11:23:27] INFO uvicorn.access: 172.18.0.3:53564 - "GET /bd_models/ball/48/change/ HTTP/1.0" 200
[2026-03-10 11:23:27] INFO uvicorn.access: 172.18.0.3:53570 - "GET /jsi18n/ HTTP/1.0" 200
[2026-03-10 11:23:28] INFO uvicorn.access: 172.18.0.3:53578 - "GET /ball/generate/48 HTTP/1.0" 200
[2026-03-10 11:23:35] INFO uvicorn.access: 172.18.0.3:39984 - "POST /bd_models/ball/48/change/ HTTP/1.0" 302
[2026-03-10 11:23:35] INFO uvicorn.access: 172.18.0.3:39992 - "GET /bd_models/ball/ HTTP/1.0" 200
[2026-03-10 11:23:36] INFO uvicorn.access: 172.18.0.3:39994 - "GET /jsi18n/ HTTP/1.0" 200
[2026-03-10 11:23:48] INFO uvicorn.access: 172.18.0.3:35112 - "GET /bd_models/ball/48/change/ HTTP/1.0" 200
[2026-03-10 11:23:49] INFO uvicorn.access: 172.18.0.3:35114 - "GET /jsi18n/ HTTP/1.0" 200
[2026-03-10 11:23:50] INFO uvicorn.access: 172.18.0.3:35118 - "GET /ball/generate/48 HTTP/1.0" 200
[2026-03-10 11:23:58] INFO uvicorn.access: 172.18.0.3:55654 - "GET /bd_models/ball/ HTTP/1.0" 200
[2026-03-10 12:43:20] INFO discord.gateway: Shard ID 0 has successfully RESUMED session 162c344ddb46c21c0dd56776acbb7a0c.
[2026-03-10 12:54:22] INFO uvicorn.access: 172.18.0.3:47076 - "GET /bd_models/ball/48/change/ HTTP/1.0" 200
[2026-03-10 12:54:22] INFO uvicorn.access: 172.18.0.3:47078 - "GET /jsi18n/ HTTP/1.0" 200
[2026-03-10 12:54:23] INFO uvicorn.access: 172.18.0.3:47090 - "GET /ball/generate/48 HTTP/1.0" 200
[2026-03-10 12:54:29] INFO uvicorn.access: 172.18.0.3:47096 - "GET /bd_models/ball/ HTTP/1.0" 200
[2026-03-10 12:54:31] INFO uvicorn.access: 172.18.0.3:32908 - "GET /bd_models/ball/15/change/ HTTP/1.0" 200
[2026-03-10 12:54:31] INFO uvicorn.access: 172.18.0.3:32924 - "GET /jsi18n/ HTTP/1.0" 200
[2026-03-10 12:54:32] INFO uvicorn.access: 172.18.0.3:32938 - "GET /ball/generate/15 HTTP/1.0" 200
[2026-03-10 12:54:51] INFO uvicorn.access: 172.18.0.3:60424 - "POST /bd_models/ball/15/change/ HTTP/1.0" 302
[2026-03-10 12:54:51] INFO uvicorn.access: 172.18.0.3:60436 - "GET /bd_models/ball/ HTTP/1.0" 200
[2026-03-10 12:54:51] INFO uvicorn.access: 172.18.0.3:60442 - "GET /jsi18n/ HTTP/1.0" 200
[2026-03-10 12:59:50] INFO discord.gateway: Shard ID 0 has successfully RESUMED session 162c344ddb46c21c0dd56776acbb7a0c.
[2026-03-10 13:50:29] ERROR ballsdex.packages.countryballs: An error occured in countryball catching prompt
Traceback (most recent call last):
  File "/opt/venv/lib/python3.14/site-packages/discord/ui/modal.py", line 216, in _scheduled_task
    await self.on_submit(interaction)
  File "/opt/venv/lib/python3.14/site-packages/ballsdex/packages/countryballs/countryball.py", line 66, in on_submit
    wrong_message = settings.get_random_message(PromptMessage.PromptType.WRONG).format(
        user=interaction.user.mention,
    ...<4 lines>...
        emoji=interaction.client.get_emoji(self.view.model.emoji_id),
    )
KeyError: 'guess'
[2026-03-10 14:26:15] INFO ballsdex.packages.admin.balls: lomadinthe2nd spawned oc Slat in ┆ocdex-⚛️.
[2026-03-10 14:32:14] INFO uvicorn.access: 172.18.0.3:33682 - "GET /bd_models/ball/ HTTP/1.0" 200
[2026-03-10 14:32:14] INFO uvicorn.access: 172.18.0.3:33690 - "GET /jsi18n/ HTTP/1.0" 200
[2026-03-10 14:32:15] WARNING django.request: Not Found: /favicon.ico
[2026-03-10 14:32:15] INFO uvicorn.access: 172.18.0.3:33702 - "GET /favicon.ico HTTP/1.0" 404
[2026-03-10 14:33:14] INFO uvicorn.access: 172.18.0.3:44160 - "GET /bd_models/ HTTP/1.0" 200
[2026-03-10 14:33:16] INFO uvicorn.access: 172.18.0.3:44164 - "GET /bd_models/regime/ HTTP/1.0" 200
[2026-03-10 14:33:16] INFO uvicorn.access: 172.18.0.3:44168 - "GET /jsi18n/ HTTP/1.0" 200
[2026-03-10 14:33:20] INFO uvicorn.access: 172.18.0.3:34946 - "GET /bd_models/regime/3/change/ HTTP/1.0" 200
[2026-03-10 14:33:20] INFO uvicorn.access: 172.18.0.3:34956 - "GET /jsi18n/ HTTP/1.0" 200
[2026-03-10 14:33:23] ERROR asyncio: CancelledError exception in shielded future
future: <Future finished exception=CancelledError()>
Traceback (most recent call last):
  File "/opt/venv/lib/python3.14/site-packages/asgiref/sync.py", line 502, in __call__
    ret = await asyncio.shield(exec_coro)
          ^^^^^^^^^^^^^^^^^^^^^^^^^^^^^^^
asyncio.exceptions.CancelledError

During handling of the above exception, another exception occurred:

Traceback (most recent call last):
  File "/usr/local/lib/python3.14/concurrent/futures/thread.py", line 86, in run
    result = ctx.run(self.task)
  File "/usr/local/lib/python3.14/concurrent/futures/thread.py", line 73, in run
    return fn(*args, **kwargs)
  File "/opt/venv/lib/python3.14/site-packages/asgiref/sync.py", line 556, in thread_handler
    return func(*args, **kwargs)
  File "/opt/venv/lib/python3.14/site-packages/django/core/handlers/exception.py", line 55, in inner
    response = get_response(request)
  File "/opt/venv/lib/python3.14/site-packages/django/utils/deprecation.py", line 309, in __call__
    response = response or self.get_response(request)
                           ~~~~~~~~~~~~~~~~~^^^^^^^^^
  File "/opt/venv/lib/python3.14/site-packages/django/core/handlers/exception.py", line 55, in inner
    response = get_response(request)
  File "/opt/venv/lib/python3.14/site-packages/django/utils/deprecation.py", line 309, in __call__
    response = response or self.get_response(request)
                           ~~~~~~~~~~~~~~~~~^^^^^^^^^
  File "/opt/venv/lib/python3.14/site-packages/django/core/handlers/exception.py", line 55, in inner
    response = get_response(request)
  File "/opt/venv/lib/python3.14/site-packages/django/utils/deprecation.py", line 309, in __call__
    response = response or self.get_response(request)
                           ~~~~~~~~~~~~~~~~~^^^^^^^^^
  File "/opt/venv/lib/python3.14/site-packages/django/core/handlers/exception.py", line 55, in inner
    response = get_response(request)
  File "/opt/venv/lib/python3.14/site-packages/django/utils/deprecation.py", line 309, in __call__
    response = response or self.get_response(request)
                           ~~~~~~~~~~~~~~~~~^^^^^^^^^
  File "/opt/venv/lib/python3.14/site-packages/django/core/handlers/exception.py", line 55, in inner
    response = get_response(request)
  File "/opt/venv/lib/python3.14/site-packages/django/utils/deprecation.py", line 309, in __call__
    response = response or self.get_response(request)
                           ~~~~~~~~~~~~~~~~~^^^^^^^^^
  File "/opt/venv/lib/python3.14/site-packages/django/core/handlers/exception.py", line 55, in inner
    response = get_response(request)
  File "/opt/venv/lib/python3.14/site-packages/django/utils/deprecation.py", line 309, in __call__
    response = response or self.get_response(request)
                           ~~~~~~~~~~~~~~~~~^^^^^^^^^
  File "/opt/venv/lib/python3.14/site-packages/django/core/handlers/exception.py", line 55, in inner
    response = get_response(request)
  File "/opt/venv/lib/python3.14/site-packages/django/utils/deprecation.py", line 309, in __call__
    response = response or self.get_response(request)
                           ~~~~~~~~~~~~~~~~~^^^^^^^^^
  File "/opt/venv/lib/python3.14/site-packages/django/core/handlers/exception.py", line 55, in inner
    response = get_response(request)
  File "/opt/venv/lib/python3.14/site-packages/admin_panel/middleware.py", line 12, in __call__
    response = self.get_response(request)
  File "/opt/venv/lib/python3.14/site-packages/asgiref/sync.py", line 325, in __call__
    return call_result.result()
           ~~~~~~~~~~~~~~~~~~^^
  File "/usr/local/lib/python3.14/concurrent/futures/_base.py", line 443, in result
    return self.__get_result()
           ~~~~~~~~~~~~~~~~~^^
  File "/usr/local/lib/python3.14/concurrent/futures/_base.py", line 395, in __get_result
    raise self._exception
  File "/opt/venv/lib/python3.14/site-packages/asgiref/sync.py", line 365, in main_wrap
    result = await awaitable
             ^^^^^^^^^^^^^^^
  File "/opt/venv/lib/python3.14/site-packages/django/core/handlers/exception.py", line 42, in inner
    response = await get_response(request)
               ^^^^^^^^^^^^^^^^^^^^^^^^^^^
  File "/opt/venv/lib/python3.14/site-packages/django/core/handlers/base.py", line 285, in _get_response_async
    response = await sync_to_async(
               ^^^^^^^^^^^^^^^^^^^^
        response.render, thread_sensitive=True
        ^^^^^^^^^^^^^^^^^^^^^^^^^^^^^^^^^^^^^^
    )()
    ^^^
  File "/opt/venv/lib/python3.14/site-packages/asgiref/sync.py", line 519, in __call__
    ret = await exec_coro
          ^^^^^^^^^^^^^^^
asyncio.exceptions.CancelledError
[2026-03-10 14:33:24] INFO uvicorn.access: 172.18.0.3:34968 - "GET /bd_models/regime/3/delete/ HTTP/1.0" 200
[2026-03-10 14:33:28] INFO uvicorn.access: 172.18.0.3:34980 - "POST /bd_models/regime/3/delete/ HTTP/1.0" 302
[2026-03-10 14:33:28] INFO uvicorn.access: 172.18.0.3:34982 - "GET /bd_models/regime/ HTTP/1.0" 200
[2026-03-10 14:33:28] INFO uvicorn.access: 172.18.0.3:34998 - "GET /jsi18n/ HTTP/1.0" 200
[2026-03-10 14:33:31] INFO uvicorn.access: 172.18.0.3:33456 - "GET /bd_models/regime/2/change/ HTTP/1.0" 200
[2026-03-10 14:33:31] INFO uvicorn.access: 172.18.0.3:33458 - "GET /jsi18n/ HTTP/1.0" 200
[2026-03-10 14:33:33] INFO uvicorn.access: 172.18.0.3:33460 - "GET /bd_models/regime/2/delete/ HTTP/1.0" 200
[2026-03-10 14:33:39] INFO uvicorn.access: 172.18.0.3:33470 - "GET /bd_models/regime/2/change/ HTTP/1.0" 200
[2026-03-10 14:33:41] INFO uvicorn.access: 172.18.0.3:42352 - "GET /bd_models/regime/ HTTP/1.0" 200
[2026-03-10 14:33:43] INFO uvicorn.access: 172.18.0.3:42358 - "GET /bd_models/regime/add/ HTTP/1.0" 200
[2026-03-10 14:33:44] INFO uvicorn.access: 172.18.0.3:42364 - "GET /jsi18n/ HTTP/1.0" 200
[2026-03-10 14:34:25] INFO uvicorn.access: 172.18.0.3:46776 - "POST /bd_models/regime/add/ HTTP/1.0" 302
[2026-03-10 14:34:25] INFO uvicorn.access: 172.18.0.3:46788 - "GET /bd_models/regime/ HTTP/1.0" 200
[2026-03-10 14:34:26] INFO uvicorn.access: 172.18.0.3:46800 - "GET /jsi18n/ HTTP/1.0" 200
[2026-03-10 14:35:46] INFO uvicorn.access: 172.18.0.3:40120 - "GET /bd_models/regime/add/ HTTP/1.0" 200
[2026-03-10 14:35:47] INFO uvicorn.access: 172.18.0.3:40126 - "GET /jsi18n/ HTTP/1.0" 200
[2026-03-10 14:35:50] INFO uvicorn.access: 172.18.0.3:43594 - "GET /bd_models/regime/ HTTP/1.0" 200
[2026-03-10 14:35:52] INFO uvicorn.access: 172.18.0.3:43600 - "GET /bd_models/regime/2/change/ HTTP/1.0" 200
[2026-03-10 14:35:53] INFO uvicorn.access: 172.18.0.3:43608 - "GET /jsi18n/ HTTP/1.0" 200
[2026-03-10 14:35:54] INFO uvicorn.access: 172.18.0.3:43614 - "GET /bd_models/regime/2/delete/ HTTP/1.0" 200
[2026-03-10 14:36:04] INFO uvicorn.access: 172.18.0.3:51622 - "POST /bd_models/regime/2/delete/ HTTP/1.0" 302
[2026-03-10 14:36:04] INFO uvicorn.access: 172.18.0.3:51634 - "GET /bd_models/regime/ HTTP/1.0" 200
[2026-03-10 14:36:05] INFO uvicorn.access: 172.18.0.3:51638 - "GET /jsi18n/ HTTP/1.0" 200
[2026-03-10 14:36:07] INFO uvicorn.access: 172.18.0.3:51642 - "GET /bd_models/regime/1/change/ HTTP/1.0" 200
[2026-03-10 14:36:08] INFO uvicorn.access: 172.18.0.3:51652 - "GET /jsi18n/ HTTP/1.0" 200
[2026-03-10 14:36:10] INFO uvicorn.access: 172.18.0.3:40854 - "GET /bd_models/regime/1/delete/ HTTP/1.0" 200
[2026-03-10 14:36:17] INFO uvicorn.access: 172.18.0.3:40862 - "POST /bd_models/regime/1/delete/ HTTP/1.0" 302
[2026-03-10 14:36:17] INFO uvicorn.access: 172.18.0.3:40868 - "GET /bd_models/regime/ HTTP/1.0" 200
[2026-03-10 14:36:18] INFO uvicorn.access: 172.18.0.3:40874 - "GET /jsi18n/ HTTP/1.0" 200
[2026-03-10 14:36:22] INFO uvicorn.access: 172.18.0.3:37466 - "GET /bd_models/regime/4/change/ HTTP/1.0" 200
[2026-03-10 14:36:23] INFO uvicorn.access: 172.18.0.3:37480 - "GET /jsi18n/ HTTP/1.0" 200
[2026-03-10 14:36:24] INFO uvicorn.access: 172.18.0.3:37494 - "GET /bd_models/regime/4/delete/ HTTP/1.0" 200
[2026-03-10 14:36:29] INFO uvicorn.access: 172.18.0.3:37498 - "GET /bd_models/regime/4/change/ HTTP/1.0" 200
[2026-03-10 14:36:39] INFO uvicorn.access: 172.18.0.3:53446 - "GET /bd_models/regime/4/delete/ HTTP/1.0" 200
[2026-03-10 14:36:48] INFO uvicorn.access: 172.18.0.3:42654 - "GET /bd_models/regime/4/change/ HTTP/1.0" 200
[2026-03-10 14:36:50] INFO uvicorn.access: 172.18.0.3:55070 - "GET /bd_models/regime/ HTTP/1.0" 200
[2026-03-10 14:37:42] INFO uvicorn.access: 172.18.0.3:56422 - "GET /bd_models/regime/1/delete/ HTTP/1.0" 302
[2026-03-10 14:37:43] INFO uvicorn.access: 172.18.0.3:56434 - "GET / HTTP/1.0" 200
[2026-03-10 14:37:59] INFO uvicorn.access: 172.18.0.3:52370 - "GET /bd_models/ball/ HTTP/1.0" 200
[2026-03-10 14:38:00] INFO uvicorn.access: 172.18.0.3:52378 - "GET /jsi18n/ HTTP/1.0" 200
[2026-03-10 14:38:03] INFO uvicorn.access: 172.18.0.3:54754 - "GET / HTTP/1.0" 200
[2026-03-10 14:38:05] INFO uvicorn.access: 172.18.0.3:54756 - "GET /bd_models/regime/ HTTP/1.0" 200
[2026-03-10 14:38:06] INFO uvicorn.access: 172.18.0.3:54770 - "GET /jsi18n/ HTTP/1.0" 200
[2026-03-10 14:38:09] INFO uvicorn.access: 172.18.0.3:54772 - "GET /bd_models/regime/ HTTP/1.0" 200
[2026-03-10 14:38:09] INFO uvicorn.access: 172.18.0.3:54788 - "GET /jsi18n/ HTTP/1.0" 200
[2026-03-10 14:38:15] INFO uvicorn.access: 172.18.0.3:39462 - "GET / HTTP/1.0" 200
[2026-03-10 14:38:32] INFO ballsdex.packages.admin.balls: lomadinthe2nd spawned oc Astroglass in ┆ocdex-⚛️.
[2026-03-10 14:47:53] INFO discord.gateway: Shard ID 0 has successfully RESUMED session 162c344ddb46c21c0dd56776acbb7a0c.
[2026-03-10 16:11:01] INFO discord.gateway: Shard ID 0 has successfully RESUMED session 162c344ddb46c21c0dd56776acbb7a0c.
[2026-03-10 16:39:52] INFO ballsdex.packages.admin.balls: lomadinthe2nd spawned oc Weezer Grabby in ┆ocdex-⚛️.
[2026-03-10 16:57:41] INFO uvicorn.access: 172.18.0.3:42570 - "GET / HTTP/1.0" 200
[2026-03-10 16:57:42] WARNING django.request: Not Found: /favicon.ico
[2026-03-10 16:57:42] INFO uvicorn.access: 172.18.0.3:42586 - "GET /favicon.ico HTTP/1.0" 404
[2026-03-10 17:17:12] ERROR ballsdex.packages.countryballs: An error occured in countryball catching prompt
Traceback (most recent call last):
  File "/opt/venv/lib/python3.14/site-packages/discord/ui/modal.py", line 216, in _scheduled_task
    await self.on_submit(interaction)
  File "/opt/venv/lib/python3.14/site-packages/ballsdex/packages/countryballs/countryball.py", line 66, in on_submit
    wrong_message = settings.get_random_message(PromptMessage.PromptType.WRONG).format(
        user=interaction.user.mention,
    ...<4 lines>...
        emoji=interaction.client.get_emoji(self.view.model.emoji_id),
    )
KeyError: 'guess'
[2026-03-10 17:18:22] INFO ballsdex.core.bot: Cache loaded, summary displayed below:
[2026-03-10 17:20:58] INFO ballsdex.packages.admin.balls: lomadinthe2nd spawned oc Bonniemations in ┆ocdex-⚛️.
[2026-03-10 17:21:30] ERROR ballsdex.packages.countryballs: An error occured in countryball catching prompt
Traceback (most recent call last):
  File "/opt/venv/lib/python3.14/site-packages/discord/ui/modal.py", line 216, in _scheduled_task
    await self.on_submit(interaction)
  File "/opt/venv/lib/python3.14/site-packages/ballsdex/packages/countryballs/countryball.py", line 66, in on_submit
    wrong_message = settings.get_random_message(PromptMessage.PromptType.WRONG).format(
        user=interaction.user.mention,
    ...<4 lines>...
        emoji=interaction.client.get_emoji(self.view.model.emoji_id),
    )
KeyError: 'guess'
[2026-03-10 17:21:42] ERROR ballsdex.packages.countryballs: An error occured in countryball catching prompt
Traceback (most recent call last):
  File "/opt/venv/lib/python3.14/site-packages/discord/ui/modal.py", line 216, in _scheduled_task
    await self.on_submit(interaction)
  File "/opt/venv/lib/python3.14/site-packages/ballsdex/packages/countryballs/countryball.py", line 66, in on_submit
    wrong_message = settings.get_random_message(PromptMessage.PromptType.WRONG).format(
        user=interaction.user.mention,
    ...<4 lines>...
        emoji=interaction.client.get_emoji(self.view.model.emoji_id),
    )
KeyError: 'guess'
[2026-03-10 17:22:55] ERROR ballsdex.packages.countryballs: An error occured in countryball catching prompt
Traceback (most recent call last):
  File "/opt/venv/lib/python3.14/site-packages/discord/ui/modal.py", line 216, in _scheduled_task
    await self.on_submit(interaction)
  File "/opt/venv/lib/python3.14/site-packages/ballsdex/packages/countryballs/countryball.py", line 66, in on_submit
    wrong_message = settings.get_random_message(PromptMessage.PromptType.WRONG).format(
        user=interaction.user.mention,
    ...<4 lines>...
        emoji=interaction.client.get_emoji(self.view.model.emoji_id),
    )
KeyError: 'guess'
[2026-03-10 17:29:06] INFO uvicorn.access: 172.18.0.3:35640 - "GET / HTTP/1.0" 200
[2026-03-10 17:29:20] INFO uvicorn.access: 172.18.0.3:33548 - "GET /bd_models/special/ HTTP/1.0" 200
[2026-03-10 17:29:20] INFO uvicorn.access: 172.18.0.3:33558 - "GET /jsi18n/ HTTP/1.0" 200
[2026-03-10 17:29:21] INFO uvicorn.access: 172.18.0.3:33562 - "GET /bd_models/special/ HTTP/1.0" 302
[2026-03-10 17:29:21] INFO uvicorn.access: 172.18.0.3:33574 - "GET /login/?next=/bd_models/special/ HTTP/1.0" 200
[2026-03-10 17:29:23] INFO uvicorn.access: 172.18.0.3:33586 - "GET /bd_models/special/add/ HTTP/1.0" 200
[2026-03-10 17:29:24] INFO uvicorn.access: 172.18.0.3:33602 - "GET /jsi18n/ HTTP/1.0" 200
[2026-03-10 17:29:25] INFO uvicorn.access: 172.18.0.3:33612 - "GET /bd_models/special/add/ HTTP/1.0" 302
[2026-03-10 17:29:25] INFO uvicorn.access: 172.18.0.3:33622 - "GET /login/?next=/bd_models/special/add/ HTTP/1.0" 200
[2026-03-10 17:31:06] INFO uvicorn.access: 172.18.0.3:43070 - "POST /bd_models/special/add/ HTTP/1.0" 302
[2026-03-10 17:31:06] INFO uvicorn.access: 172.18.0.3:43082 - "GET /bd_models/special/5/change/ HTTP/1.0" 200
[2026-03-10 17:31:07] INFO uvicorn.access: 172.18.0.3:43084 - "GET /jsi18n/ HTTP/1.0" 200
[2026-03-10 17:31:08] INFO uvicorn.access: 172.18.0.3:43086 - "GET /special/generate/5 HTTP/1.0" 200
[2026-03-10 17:31:38] INFO uvicorn.access: 172.18.0.3:54302 - "POST /bd_models/special/5/change/ HTTP/1.0" 302
[2026-03-10 17:31:38] INFO uvicorn.access: 172.18.0.3:54312 - "GET /bd_models/special/5/change/ HTTP/1.0" 200
[2026-03-10 17:31:39] INFO uvicorn.access: 172.18.0.3:54322 - "GET /jsi18n/ HTTP/1.0" 200
[2026-03-10 17:31:40] INFO uvicorn.access: 172.18.0.3:54326 - "GET /special/generate/5 HTTP/1.0" 200
[2026-03-10 17:31:40] INFO uvicorn.access: 172.18.0.3:45152 - "POST /bd_models/special/5/change/ HTTP/1.0" 302
[2026-03-10 17:31:40] INFO uvicorn.access: 172.18.0.3:45164 - "GET /bd_models/special/ HTTP/1.0" 200
[2026-03-10 17:31:41] INFO uvicorn.access: 172.18.0.3:45174 - "GET /jsi18n/ HTTP/1.0" 200
[2026-03-10 17:31:48] INFO uvicorn.access: 172.18.0.3:45178 - "POST /bd_models/special/ HTTP/1.0" 302
[2026-03-10 17:31:49] INFO uvicorn.access: 172.18.0.3:45190 - "GET /bd_models/special/ HTTP/1.0" 200
[2026-03-10 17:31:49] INFO uvicorn.access: 172.18.0.3:45196 - "GET /jsi18n/ HTTP/1.0" 200
[2026-03-10 17:31:59] INFO uvicorn.access: 172.18.0.3:57444 - "POST /bd_models/special/ HTTP/1.0" 302
[2026-03-10 17:31:59] INFO uvicorn.access: 172.18.0.3:57460 - "GET /bd_models/special/ HTTP/1.0" 200
[2026-03-10 17:32:00] INFO uvicorn.access: 172.18.0.3:54806 - "GET /jsi18n/ HTTP/1.0" 200
[2026-03-10 17:32:03] INFO uvicorn.access: 172.18.0.3:54814 - "GET /bd_models/special/3/change/ HTTP/1.0" 200
[2026-03-10 17:32:03] INFO uvicorn.access: 172.18.0.3:54818 - "GET /jsi18n/ HTTP/1.0" 200
[2026-03-10 17:32:04] INFO uvicorn.access: 172.18.0.3:54830 - "GET /special/generate/3 HTTP/1.0" 200
[2026-03-10 17:32:05] INFO uvicorn.access: 172.18.0.3:54844 - "GET /bd_models/special/ HTTP/1.0" 200
[2026-03-10 17:32:06] INFO uvicorn.access: 172.18.0.3:54846 - "GET /bd_models/special/4/change/ HTTP/1.0" 200
[2026-03-10 17:32:07] INFO uvicorn.access: 172.18.0.3:54864 - "GET /jsi18n/ HTTP/1.0" 200
[2026-03-10 17:32:07] INFO uvicorn.access: 172.18.0.3:54852 - "GET /special/generate/4 HTTP/1.0" 200
[2026-03-10 17:32:08] INFO uvicorn.access: 172.18.0.3:54872 - "GET /bd_models/special/ HTTP/1.0" 200
[2026-03-10 17:32:10] INFO uvicorn.access: 172.18.0.3:59536 - "GET /bd_models/special/3/change/ HTTP/1.0" 200
[2026-03-10 17:32:10] INFO uvicorn.access: 172.18.0.3:59544 - "GET /jsi18n/ HTTP/1.0" 200
[2026-03-10 17:32:11] INFO uvicorn.access: 172.18.0.3:59554 - "GET /special/generate/3 HTTP/1.0" 200
[2026-03-10 17:32:11] INFO uvicorn.access: 172.18.0.3:59562 - "GET /bd_models/special/ HTTP/1.0" 200
[2026-03-10 17:32:12] INFO uvicorn.access: 172.18.0.3:59572 - "GET /bd_models/special/2/change/ HTTP/1.0" 200
[2026-03-10 17:32:12] INFO uvicorn.access: 172.18.0.3:59576 - "GET /jsi18n/ HTTP/1.0" 200
[2026-03-10 17:32:15] INFO uvicorn.access: 172.18.0.3:59586 - "GET /special/generate/2 HTTP/1.0" 200
[2026-03-10 17:32:15] INFO uvicorn.access: 172.18.0.3:59596 - "GET /bd_models/special/ HTTP/1.0" 200
[2026-03-10 17:32:17] INFO uvicorn.access: 172.18.0.3:59608 - "GET /bd_models/special/1/change/ HTTP/1.0" 200
[2026-03-10 17:32:17] INFO uvicorn.access: 172.18.0.3:59624 - "GET /jsi18n/ HTTP/1.0" 200
[2026-03-10 17:32:18] INFO uvicorn.access: 172.18.0.3:59626 - "GET /special/generate/1 HTTP/1.0" 200
[2026-03-10 18:33:03] INFO ballsdex.packages.admin.balls: lomadinthe2nd spawned oc Bonniemations in ┆ocdex-⚛️.
[2026-03-10 18:44:23] INFO uvicorn.access: 172.18.0.3:35204 - "GET /bd_models/special/ HTTP/1.0" 200
[2026-03-10 18:45:21] INFO ballsdex.core.bot: Cache loaded, summary displayed below:
[2026-03-10 18:55:22] INFO discord.gateway: Shard ID 0 has successfully RESUMED session 162c344ddb46c21c0dd56776acbb7a0c.
[2026-03-10 18:59:38] INFO ballsdex.packages.admin.balls: lomadinthe2nd spawned oc Purpy in ┆ocdex-⚛️.
[2026-03-10 19:12:59] INFO ballsdex.packages.admin.balls: lomadinthe2nd spawned oc Bonniemations in ┆ocdex-⚛️.
[2026-03-10 19:13:08] ERROR ballsdex.packages.countryballs: An error occured in countryball catching prompt
Traceback (most recent call last):
  File "/opt/venv/lib/python3.14/site-packages/discord/ui/modal.py", line 216, in _scheduled_task
    await self.on_submit(interaction)
  File "/opt/venv/lib/python3.14/site-packages/ballsdex/packages/countryballs/countryball.py", line 66, in on_submit
    wrong_message = settings.get_random_message(PromptMessage.PromptType.WRONG).format(
        user=interaction.user.mention,
    ...<4 lines>...
        emoji=interaction.client.get_emoji(self.view.model.emoji_id),
    )
KeyError: 'guess'
[2026-03-10 19:15:11] INFO uvicorn.access: 172.18.0.3:40874 - "GET /bd_models/special/ HTTP/1.0" 200
[2026-03-10 19:15:12] WARNING django.request: Not Found: /favicon.ico
[2026-03-10 19:15:12] INFO uvicorn.access: 172.18.0.3:40876 - "GET /favicon.ico HTTP/1.0" 404
[2026-03-10 19:15:14] INFO uvicorn.access: 172.18.0.3:40882 - "GET /bd_models/ HTTP/1.0" 200
[2026-03-10 19:15:16] INFO uvicorn.access: 172.18.0.3:40898 - "GET /bd_models/ball/ HTTP/1.0" 200
[2026-03-10 19:15:16] INFO uvicorn.access: 172.18.0.3:40904 - "GET /jsi18n/ HTTP/1.0" 200
[2026-03-10 19:15:18] INFO uvicorn.access: 172.18.0.3:40908 - "GET /bd_models/ball/48/change/ HTTP/1.0" 200
[2026-03-10 19:15:18] INFO uvicorn.access: 172.18.0.3:40922 - "GET /jsi18n/ HTTP/1.0" 200
[2026-03-10 19:15:19] INFO uvicorn.access: 172.18.0.3:40938 - "GET /ball/generate/48 HTTP/1.0" 200
[2026-03-10 19:15:20] INFO uvicorn.access: 172.18.0.3:40944 - "GET /bd_models/ball/ HTTP/1.0" 200
[2026-03-10 19:15:25] INFO uvicorn.access: 172.18.0.3:49418 - "GET /bd_models/ball/11/change/ HTTP/1.0" 200
[2026-03-10 19:15:25] INFO uvicorn.access: 172.18.0.3:49422 - "GET /jsi18n/ HTTP/1.0" 200
[2026-03-10 19:15:28] INFO uvicorn.access: 172.18.0.3:49436 - "GET /ball/generate/11 HTTP/1.0" 200
[2026-03-10 19:15:41] INFO uvicorn.access: 172.18.0.3:38936 - "POST /bd_models/ball/11/change/ HTTP/1.0" 302
[2026-03-10 19:15:41] INFO uvicorn.access: 172.18.0.3:38940 - "GET /bd_models/ball/11/change/ HTTP/1.0" 200
[2026-03-10 19:15:42] INFO uvicorn.access: 172.18.0.3:38956 - "GET /ball/generate/11 HTTP/1.0" 200
[2026-03-10 19:15:42] INFO uvicorn.access: 172.18.0.3:38970 - "GET /jsi18n/ HTTP/1.0" 200
[2026-03-10 19:16:56] INFO uvicorn.access: 172.18.0.3:38586 - "GET /bd_models/ HTTP/1.0" 200
[2026-03-10 19:16:59] INFO uvicorn.access: 172.18.0.3:38598 - "GET /bd_models/special/ HTTP/1.0" 200
[2026-03-10 19:17:00] INFO uvicorn.access: 172.18.0.3:60336 - "GET /jsi18n/ HTTP/1.0" 200
[2026-03-10 20:18:36] INFO ballsdex.packages.admin.balls: lomadinthe2nd spawned oc Acid Star in ┆ocdex-⚛️.
[2026-03-10 20:19:03] INFO ballsdex.packages.admin.balls: lomadinthe2nd spawned oc Mex-Bit in ︴admin-bot-commands-📡.
[2026-03-10 22:12:56] INFO ballsdex.packages.admin.balls: lomadinthe2nd spawned oc Purpy in ┆ocdex-⚛️.
[2026-03-10 22:13:17] INFO ballsdex.packages.admin.balls: lomadinthe2nd spawned oc random 2 times in ┆ocdex-⚛️.
[2026-03-10 22:13:41] ERROR ballsdex.packages.countryballs: An error occured in countryball catching prompt
Traceback (most recent call last):
  File "/opt/venv/lib/python3.14/site-packages/discord/ui/modal.py", line 216, in _scheduled_task
    await self.on_submit(interaction)
  File "/opt/venv/lib/python3.14/site-packages/ballsdex/packages/countryballs/countryball.py", line 66, in on_submit
    wrong_message = settings.get_random_message(PromptMessage.PromptType.WRONG).format(
        user=interaction.user.mention,
    ...<4 lines>...
        emoji=interaction.client.get_emoji(self.view.model.emoji_id),
    )
KeyError: 'guess'
[2026-03-10 22:13:50] ERROR ballsdex.packages.countryballs: An error occured in countryball catching prompt
Traceback (most recent call last):
  File "/opt/venv/lib/python3.14/site-packages/discord/ui/modal.py", line 216, in _scheduled_task
    await self.on_submit(interaction)
  File "/opt/venv/lib/python3.14/site-packages/ballsdex/packages/countryballs/countryball.py", line 66, in on_submit
    wrong_message = settings.get_random_message(PromptMessage.PromptType.WRONG).format(
        user=interaction.user.mention,
    ...<4 lines>...
        emoji=interaction.client.get_emoji(self.view.model.emoji_id),
    )
KeyError: 'guess'
[2026-03-10 22:25:14] INFO discord.gateway: Shard ID 0 has successfully RESUMED session 162c344ddb46c21c0dd56776acbb7a0c.
[2026-03-10 23:05:30] INFO uvicorn.access: 172.18.0.3:52256 - "GET /bd_models/special/ HTTP/1.0" 200
[2026-03-10 23:05:31] WARNING django.request: Not Found: /favicon.ico
[2026-03-10 23:05:31] INFO uvicorn.access: 172.18.0.3:52270 - "GET /favicon.ico HTTP/1.0" 404
[2026-03-10 23:43:25] INFO ballsdex.packages.admin.balls: lomadinthe2nd spawned oc Dream Berry SoDa in ┆ocdex-⚛️.
[2026-03-10 23:47:29] INFO uvicorn.access: 172.18.0.3:54910 - "GET / HTTP/1.0" 302
[2026-03-10 23:47:30] INFO uvicorn.access: 172.18.0.3:45712 - "GET /login/?next=/ HTTP/1.0" 200
[2026-03-10 23:47:35] WARNING django.request: Not Found: /favicon.ico
[2026-03-10 23:47:35] INFO uvicorn.access: 172.18.0.3:45720 - "GET /favicon.ico HTTP/1.0" 404
[2026-03-10 23:47:38] INFO uvicorn.access: 172.18.0.3:45732 - "GET /login/discord/ HTTP/1.0" 302
[2026-03-11 00:13:44] ERROR ballsdex.packages.countryballs: An error occured in countryball catching prompt
Traceback (most recent call last):
  File "/opt/venv/lib/python3.14/site-packages/discord/ui/modal.py", line 216, in _scheduled_task
    await self.on_submit(interaction)
  File "/opt/venv/lib/python3.14/site-packages/ballsdex/packages/countryballs/countryball.py", line 66, in on_submit
    wrong_message = settings.get_random_message(PromptMessage.PromptType.WRONG).format(
        user=interaction.user.mention,
    ...<4 lines>...
        emoji=interaction.client.get_emoji(self.view.model.emoji_id),
    )
KeyError: 'guess'
[2026-03-11 00:14:36] INFO ballsdex: Received SIGTERM, stopping the bot...
[2026-03-11 00:14:42] INFO uvicorn.error: Shutting down
[2026-03-11 00:14:42] INFO uvicorn.error: Finished server process [1]
[2026-03-11 00:51:37] INFO uvicorn.error: Started server process [1]
[2026-03-11 00:51:37] INFO uvicorn.error: Waiting for application startup.
[2026-03-11 00:51:37] INFO uvicorn.error: ASGI 'lifespan' protocol appears unsupported.
[2026-03-11 00:51:37] INFO uvicorn.error: Application startup complete.
[2026-03-11 00:51:37] INFO uvicorn.error: Uvicorn running on http://0.0.0.0:8000 (Press CTRL+C to quit)
[2026-03-11 00:51:37] INFO settings.apps: Settings read successfully.
[2026-03-11 01:10:42] INFO uvicorn.error: Started server process [1]
[2026-03-11 01:10:42] INFO uvicorn.error: Waiting for application startup.
[2026-03-11 01:10:42] INFO uvicorn.error: ASGI 'lifespan' protocol appears unsupported.
[2026-03-11 01:10:42] INFO uvicorn.error: Application startup complete.
[2026-03-11 01:10:42] INFO uvicorn.error: Uvicorn running on http://0.0.0.0:8000 (Press CTRL+C to quit)
[2026-03-11 01:10:43] INFO settings.apps: Settings read successfully.
[2026-03-11 01:10:43] INFO ballsdex: Initialized bot, connecting to Discord...
[2026-03-11 01:10:43] INFO discord.client: logging in using static token
[2026-03-11 01:10:44] INFO ballsdex.core.bot: Starting up with None shards...
[2026-03-11 01:10:44] INFO discord.gateway: Shard ID 0 has connected to Gateway (Session ID: e3c988550b94d78a32a8c7e2d4f24388).
[2026-03-11 01:10:47] INFO ballsdex.core.bot: Successfully logged in as OCDEX#2184 (1459614981937954931)!
[2026-03-11 01:10:47] INFO ballsdex.core.bot: lomadinthe2nd is the owner of this bot.
[2026-03-11 01:10:47] INFO ballsdex.core.bot: Cache loaded, summary displayed below:
[2026-03-11 01:10:47] INFO ballsdex.core.bot: Loading packages...
[2026-03-11 01:10:49] INFO ballsdex.packages.countryballs: Loaded 8 guilds in cache.
[2026-03-11 01:10:52] INFO ballsdex.core.bot: Packages loaded: admin, balls, guildconfig, countryballs, info, players, trade
[2026-03-11 01:10:52] INFO ballsdex.core.bot: Syncing global commands...
[2026-03-11 01:10:54] INFO ballsdex.core.bot: Synced 7 global commands.
[2026-03-11 01:11:43] INFO ballsdex.packages.admin.balls: lomadinthe2nd spawned oc random 20 times in ︴admin-bot-commands-📡.
[2026-03-11 01:13:39] INFO uvicorn.access: 172.18.0.3:37568 - "GET / HTTP/1.0" 302
[2026-03-11 01:13:41] INFO uvicorn.access: 172.18.0.3:46210 - "GET /login/?next=/ HTTP/1.0" 200
[2026-03-11 01:13:43] INFO uvicorn.access: 172.18.0.3:46218 - "GET /login/discord/ HTTP/1.0" 302
[2026-03-11 01:14:11] INFO uvicorn.access: 172.18.0.3:35730 - "GET /complete/discord/?code=aeZFEz5MXkzuizKaU6h78rczAGnMrb&state=qtfa0BZvLWx51Hv2a0mbooLS6APVNUql HTTP/1.0" 302
[2026-03-11 01:14:11] INFO uvicorn.access: 172.18.0.3:47920 - "GET / HTTP/1.0" 200
[2026-03-11 01:14:18] INFO uvicorn.access: 172.18.0.3:47932 - "GET /bd_models/ball/ HTTP/1.0" 200
[2026-03-11 01:14:19] INFO uvicorn.access: 172.18.0.3:47948 - "GET /jsi18n/ HTTP/1.0" 200
[2026-03-11 01:14:23] INFO uvicorn.access: 172.18.0.3:36426 - "GET /settings/settings/ HTTP/1.0" 200
[2026-03-11 01:14:23] INFO uvicorn.access: 172.18.0.3:36430 - "GET /jsi18n/ HTTP/1.0" 200
[2026-03-11 01:14:26] INFO uvicorn.access: 172.18.0.3:36436 - "GET /settings/settings/1/change/ HTTP/1.0" 200
[2026-03-11 01:14:27] INFO uvicorn.access: 172.18.0.3:36446 - "GET /jsi18n/ HTTP/1.0" 200
[2026-03-11 01:19:04] INFO uvicorn.access: 172.18.0.3:50460 - "POST /settings/settings/1/change/ HTTP/1.0" 200
[2026-03-11 01:19:05] INFO uvicorn.access: 172.18.0.3:50464 - "GET /jsi18n/ HTTP/1.0" 200
[2026-03-11 01:19:24] INFO uvicorn.access: 172.18.0.3:39892 - "POST /settings/settings/1/change/ HTTP/1.0" 302
[2026-03-11 01:19:25] INFO uvicorn.access: 172.18.0.3:39906 - "GET /settings/settings/1/change/ HTTP/1.0" 200
[2026-03-11 01:19:25] INFO uvicorn.access: 172.18.0.3:39920 - "GET /jsi18n/ HTTP/1.0" 200
[2026-03-11 01:20:44] INFO uvicorn.access: 172.18.0.3:36362 - "POST /settings/settings/1/change/ HTTP/1.0" 302
[2026-03-11 01:20:44] INFO uvicorn.access: 172.18.0.3:36364 - "GET /settings/settings/1/change/ HTTP/1.0" 200
[2026-03-11 01:20:45] INFO uvicorn.access: 172.18.0.3:36374 - "GET /jsi18n/ HTTP/1.0" 200
[2026-03-11 01:20:55] INFO uvicorn.access: 172.18.0.3:41492 - "GET /auth/group/ HTTP/1.0" 200
[2026-03-11 01:20:55] INFO uvicorn.access: 172.18.0.3:41498 - "GET /jsi18n/ HTTP/1.0" 200
[2026-03-11 01:20:58] INFO uvicorn.access: 172.18.0.3:41504 - "GET /auth/group/1/change/ HTTP/1.0" 200
[2026-03-11 01:20:58] INFO uvicorn.access: 172.18.0.3:41510 - "GET /jsi18n/ HTTP/1.0" 200
[2026-03-11 01:21:20] INFO uvicorn.access: 172.18.0.3:53106 - "GET /social_django/ HTTP/1.0" 200
[2026-03-11 01:21:24] INFO uvicorn.access: 172.18.0.3:53108 - "GET /social_django/association/ HTTP/1.0" 200
[2026-03-11 01:21:25] INFO uvicorn.access: 172.18.0.3:53116 - "GET /jsi18n/ HTTP/1.0" 200
[2026-03-11 01:21:27] INFO uvicorn.access: 172.18.0.3:53120 - "GET /social_django/association/add/ HTTP/1.0" 200
[2026-03-11 01:21:28] INFO uvicorn.access: 172.18.0.3:53126 - "GET /jsi18n/ HTTP/1.0" 200
[2026-03-11 01:21:31] INFO uvicorn.access: 172.18.0.3:54096 - "GET /social_django/nonce/ HTTP/1.0" 200
[2026-03-11 01:21:31] INFO uvicorn.access: 172.18.0.3:54108 - "GET /jsi18n/ HTTP/1.0" 200
[2026-03-11 01:21:33] INFO uvicorn.access: 172.18.0.3:54116 - "GET /social_django/nonce/add/ HTTP/1.0" 200
[2026-03-11 01:21:33] INFO uvicorn.access: 172.18.0.3:54122 - "GET /jsi18n/ HTTP/1.0" 200
[2026-03-11 01:21:36] INFO uvicorn.access: 172.18.0.3:54136 - "GET /social_django/usersocialauth/ HTTP/1.0" 200
[2026-03-11 01:21:36] INFO uvicorn.access: 172.18.0.3:54142 - "GET /jsi18n/ HTTP/1.0" 200
[2026-03-11 01:21:54] INFO uvicorn.access: 172.18.0.3:44818 - "GET /social_django/usersocialauth/1/change/ HTTP/1.0" 200
[2026-03-11 01:21:55] INFO uvicorn.access: 172.18.0.3:44830 - "GET /jsi18n/ HTTP/1.0" 200
[2026-03-11 01:22:01] INFO uvicorn.access: 172.18.0.3:59456 - "GET /users/user/3/change/ HTTP/1.0" 200
[2026-03-11 01:22:01] INFO uvicorn.access: 172.18.0.3:59462 - "GET /jsi18n/ HTTP/1.0" 200
[2026-03-11 01:22:27] INFO uvicorn.access: 172.18.0.3:48332 - "POST /users/user/3/change/ HTTP/1.0" 200
[2026-03-11 01:22:27] INFO uvicorn.access: 172.18.0.3:48334 - "GET /jsi18n/ HTTP/1.0" 200
[2026-03-11 01:22:44] INFO uvicorn.access: 172.18.0.3:48268 - "GET /users/user/3/password/ HTTP/1.0" 200
[2026-03-11 01:22:50] INFO uvicorn.access: 172.18.0.3:52156 - "GET /users/user/3/change/ HTTP/1.0" 200
[2026-03-11 01:22:58] INFO uvicorn.access: 172.18.0.3:52160 - "POST /users/user/3/change/ HTTP/1.0" 302
[2026-03-11 01:22:58] INFO uvicorn.access: 172.18.0.3:52162 - "GET /users/user/ HTTP/1.0" 200
[2026-03-11 01:22:59] INFO uvicorn.access: 172.18.0.3:52176 - "GET /jsi18n/ HTTP/1.0" 200
[2026-03-11 01:23:06] INFO uvicorn.access: 172.18.0.3:52302 - "GET /users/user/2/change/ HTTP/1.0" 200
[2026-03-11 01:23:06] INFO uvicorn.access: 172.18.0.3:52312 - "GET /jsi18n/ HTTP/1.0" 200
[2026-03-11 01:23:14] INFO uvicorn.access: 172.18.0.3:57886 - "GET /users/user/2/delete/ HTTP/1.0" 200
[2026-03-11 01:23:36] INFO uvicorn.access: 172.18.0.3:54422 - "GET /users/user/2/change/ HTTP/1.0" 200
[2026-03-11 01:23:46] INFO uvicorn.access: 172.18.0.3:35734 - "GET /users/user/ HTTP/1.0" 200
[2026-03-11 01:23:51] INFO uvicorn.access: 172.18.0.3:34578 - "GET /bd_models/ball/ HTTP/1.0" 200
[2026-03-11 01:23:51] INFO uvicorn.access: 172.18.0.3:34580 - "GET /jsi18n/ HTTP/1.0" 200
[2026-03-11 01:23:56] INFO uvicorn.access: 172.18.0.3:34584 - "GET /bd_models/ball/48/change/ HTTP/1.0" 200
[2026-03-11 01:23:56] INFO uvicorn.access: 172.18.0.3:34592 - "GET /jsi18n/ HTTP/1.0" 200
[2026-03-11 01:24:02] INFO uvicorn.access: 172.18.0.3:34600 - "GET /ball/generate/48 HTTP/1.0" 200
[2026-03-11 01:24:02] INFO uvicorn.access: 172.18.0.3:54948 - "GET /users/user/ HTTP/1.0" 200
[2026-03-11 01:25:31] INFO ballsdex.core.bot: Cache loaded, summary displayed below:
[2026-03-11 01:26:15] INFO ballsdex.packages.admin.balls: lomadinthe2nd spawned oc random 20 times in ︴admin-bot-commands-📡.
[2026-03-11 01:28:36] INFO ballsdex: Received SIGTERM, stopping the bot...
[2026-03-11 01:28:41] INFO uvicorn.error: Shutting down
[2026-03-11 01:28:41] INFO uvicorn.error: Finished server process [1]
[2026-03-11 01:31:34] INFO uvicorn.error: Started server process [1]
[2026-03-11 01:31:34] INFO uvicorn.error: Waiting for application startup.
[2026-03-11 01:31:34] INFO uvicorn.error: ASGI 'lifespan' protocol appears unsupported.
[2026-03-11 01:31:34] INFO uvicorn.error: Application startup complete.
[2026-03-11 01:31:34] INFO uvicorn.error: Uvicorn running on http://0.0.0.0:8000 (Press CTRL+C to quit)
[2026-03-11 01:31:35] INFO settings.apps: Settings read successfully.
[2026-03-11 01:31:35] INFO ballsdex: Initialized bot, connecting to Discord...
[2026-03-11 01:31:35] INFO discord.client: logging in using static token
[2026-03-11 01:31:36] INFO ballsdex.core.bot: Starting up with None shards...
[2026-03-11 01:31:38] INFO discord.gateway: Shard ID 0 has connected to Gateway (Session ID: 4d85907feff244f3394ddf0febe8d733).
[2026-03-11 01:31:40] INFO ballsdex.core.bot: Successfully logged in as OCDEX#2184 (1459614981937954931)!
[2026-03-11 01:31:41] INFO ballsdex.core.bot: lomadinthe2nd is the owner of this bot.
[2026-03-11 01:31:44] INFO ballsdex.core.bot: Cache loaded, summary displayed below:
[2026-03-11 01:31:44] INFO ballsdex.core.bot: Loading packages...
[2026-03-11 01:31:47] INFO ballsdex.packages.countryballs: Loaded 8 guilds in cache.
[2026-03-11 01:31:48] INFO ballsdex.core.bot: Packages loaded: admin, balls, guildconfig, countryballs, info, players, trade
[2026-03-11 01:31:48] INFO ballsdex.core.bot: Syncing global commands...
[2026-03-11 01:31:50] INFO ballsdex.core.bot: Synced 7 global commands.
[2026-03-11 01:33:39] INFO ballsdex.packages.admin.balls: lomadinthe2nd spawned oc random 40 times in ︴admin-bot-commands-📡.
[2026-03-11 01:40:18] INFO ballsdex: Received SIGTERM, stopping the bot...
[2026-03-11 01:40:43] INFO uvicorn.error: Shutting down
[2026-03-11 01:40:45] INFO uvicorn.error: Finished server process [1]
[2026-03-11 01:53:49] INFO uvicorn.error: Started server process [1]
[2026-03-11 01:53:49] INFO uvicorn.error: Waiting for application startup.
[2026-03-11 01:53:49] INFO uvicorn.error: ASGI 'lifespan' protocol appears unsupported.
[2026-03-11 01:53:49] INFO uvicorn.error: Application startup complete.
[2026-03-11 01:53:49] INFO uvicorn.error: Uvicorn running on http://0.0.0.0:8000 (Press CTRL+C to quit)
[2026-03-11 01:53:50] INFO settings.apps: Settings read successfully.
[2026-03-11 01:53:50] INFO ballsdex: Initialized bot, connecting to Discord...
[2026-03-11 01:53:50] INFO discord.client: logging in using static token
[2026-03-11 01:53:51] INFO ballsdex.core.bot: Starting up with None shards...
[2026-03-11 01:53:52] INFO discord.gateway: Shard ID 0 has connected to Gateway (Session ID: 4bd22135b3013b2cf7cffed83ade664a).
[2026-03-11 01:53:54] INFO ballsdex.core.bot: Successfully logged in as OCDEX#2184 (1459614981937954931)!
[2026-03-11 01:53:54] INFO ballsdex.core.bot: lomadinthe2nd is the owner of this bot.
[2026-03-11 01:53:55] INFO ballsdex.core.bot: Cache loaded, summary displayed below:
[2026-03-11 01:53:55] INFO ballsdex.core.bot: Loading packages...
[2026-03-11 01:53:58] INFO ballsdex.packages.countryballs: Loaded 8 guilds in cache.
[2026-03-11 01:54:00] INFO ballsdex.core.bot: Packages loaded: admin, balls, guildconfig, countryballs, info, players, trade
[2026-03-11 01:54:00] INFO ballsdex.core.bot: Syncing global commands...
[2026-03-11 01:54:02] INFO ballsdex.core.bot: Synced 7 global commands.
[2026-03-11 02:01:58] INFO discord.gateway: Shard ID 0 has successfully RESUMED session 4bd22135b3013b2cf7cffed83ade664a.
[2026-03-11 02:13:30] WARNING discord.gateway: Shard ID 0 has stopped responding to the gateway. Closing and restarting.
[2026-03-11 02:13:39] ERROR discord.shard: Attempting a reconnect for shard ID 0 in 1.26s
Traceback (most recent call last):
  File "/opt/venv/lib/python3.14/site-packages/discord/shard.py", line 173, in worker
    await self.ws.poll_event()
  File "/opt/venv/lib/python3.14/site-packages/discord/gateway.py", line 635, in poll_event
    await self.received_message(msg.data)
  File "/opt/venv/lib/python3.14/site-packages/discord/gateway.py", line 540, in received_message
    await self.send_as_json(beat)
  File "/opt/venv/lib/python3.14/site-packages/discord/gateway.py", line 671, in send_as_json
    await self.send(utils._to_json(data))
  File "/opt/venv/lib/python3.14/site-packages/discord/gateway.py", line 667, in send
    await self.socket.send_str(data)
  File "/opt/venv/lib/python3.14/site-packages/aiohttp/client_ws.py", line 245, in send_str
    await self._writer.send_frame(
        data.encode("utf-8"), WSMsgType.TEXT, compress=compress
    )
  File "/opt/venv/lib/python3.14/site-packages/aiohttp/_websocket/writer.py", line 83, in send_frame
    self._write_websocket_frame(message, opcode, 0)
    ~~~~~~~~~~~~~~~~~~~~~~~~~~~^^^^^^^^^^^^^^^^^^^^
  File "/opt/venv/lib/python3.14/site-packages/aiohttp/_websocket/writer.py", line 151, in _write_websocket_frame
    raise ClientConnectionResetError("Cannot write to closing transport")
aiohttp.client_exceptions.ClientConnectionResetError: Cannot write to closing transport
[2026-03-11 02:13:50] INFO discord.gateway: Shard ID 0 has connected to Gateway (Session ID: cf1567b6bd792b72f33741e8f7b0740b).
[2026-03-11 02:14:49] INFO discord.gateway: Shard ID 0 has successfully RESUMED session cf1567b6bd792b72f33741e8f7b0740b.
[2026-03-11 02:26:57] INFO ballsdex: Received SIGTERM, stopping the bot...
[2026-03-11 02:26:57] INFO uvicorn.error: Shutting down
[2026-03-11 02:26:57] INFO uvicorn.error: Finished server process [1]
[2026-03-11 02:27:57] INFO uvicorn.error: Started server process [1]
[2026-03-11 02:27:57] INFO uvicorn.error: Waiting for application startup.
[2026-03-11 02:27:57] INFO uvicorn.error: ASGI 'lifespan' protocol appears unsupported.
[2026-03-11 02:27:57] INFO uvicorn.error: Application startup complete.
[2026-03-11 02:27:57] INFO uvicorn.error: Uvicorn running on http://0.0.0.0:8000 (Press CTRL+C to quit)
[2026-03-11 02:27:57] INFO settings.apps: Settings read successfully.
[2026-03-11 02:27:57] INFO ballsdex: Initialized bot, connecting to Discord...
[2026-03-11 02:27:57] INFO discord.client: logging in using static token
[2026-03-11 02:27:58] INFO ballsdex.core.bot: Starting up with None shards...
[2026-03-11 02:27:59] INFO discord.gateway: Shard ID 0 has connected to Gateway (Session ID: 8e6213c6ca32210448d4835072a95fc6).
[2026-03-11 02:28:02] INFO ballsdex.core.bot: Successfully logged in as OCDEX#2184 (1459614981937954931)!
[2026-03-11 02:28:02] INFO ballsdex.core.bot: lomadinthe2nd is the owner of this bot.
[2026-03-11 02:28:02] INFO ballsdex.core.bot: Cache loaded, summary displayed below:
[2026-03-11 02:28:02] INFO ballsdex.core.bot: Loading packages...
[2026-03-11 02:28:04] INFO ballsdex.packages.countryballs: Loaded 8 guilds in cache.
[2026-03-11 02:28:06] INFO ballsdex.core.bot: Packages loaded: admin, balls, guildconfig, countryballs, info, players, trade
[2026-03-11 02:28:06] INFO ballsdex.core.bot: Syncing global commands...
[2026-03-11 02:28:08] INFO ballsdex.core.bot: Synced 7 global commands.
[2026-03-11 02:31:42] INFO ballsdex: Received SIGTERM, stopping the bot...
[2026-03-11 02:31:51] INFO uvicorn.error: Shutting down
[2026-03-11 02:31:51] INFO uvicorn.error: Finished server process [1]
[2026-03-11 02:34:26] INFO uvicorn.error: Started server process [1]
[2026-03-11 02:34:26] INFO uvicorn.error: Waiting for application startup.
[2026-03-11 02:34:26] INFO uvicorn.error: ASGI 'lifespan' protocol appears unsupported.
[2026-03-11 02:34:26] INFO uvicorn.error: Application startup complete.
[2026-03-11 02:34:26] INFO uvicorn.error: Uvicorn running on http://0.0.0.0:8000 (Press CTRL+C to quit)
[2026-03-11 02:34:26] INFO settings.apps: Settings read successfully.
[2026-03-11 02:34:27] INFO ballsdex: Initialized bot, connecting to Discord...
[2026-03-11 02:34:27] INFO discord.client: logging in using static token
[2026-03-11 02:34:28] INFO ballsdex.core.bot: Starting up with None shards...
[2026-03-11 02:34:28] INFO discord.gateway: Shard ID 0 has connected to Gateway (Session ID: 3e4b5c479971690126c09caf546d4871).
[2026-03-11 02:34:31] INFO ballsdex.core.bot: Successfully logged in as OCDEX#2184 (1459614981937954931)!
[2026-03-11 02:34:31] INFO ballsdex.core.bot: lomadinthe2nd is the owner of this bot.
[2026-03-11 02:34:31] INFO ballsdex.core.bot: Cache loaded, summary displayed below:
[2026-03-11 02:34:31] INFO ballsdex.core.bot: Loading packages...
[2026-03-11 02:34:33] INFO ballsdex.packages.countryballs: Loaded 8 guilds in cache.
[2026-03-11 02:34:35] INFO ballsdex.core.bot: Packages loaded: admin, balls, guildconfig, countryballs, info, players, trade
[2026-03-11 02:34:35] INFO ballsdex.core.bot: Syncing global commands...
[2026-03-11 02:34:37] INFO ballsdex.core.bot: Synced 7 global commands.
[2026-03-11 02:36:33] INFO uvicorn.access: 172.19.0.3:36930 - "GET / HTTP/1.0" 200
[2026-03-11 02:36:34] WARNING django.request: Not Found: /favicon.ico
[2026-03-11 02:36:34] INFO uvicorn.access: 172.19.0.3:36932 - "GET /favicon.ico HTTP/1.0" 404
[2026-03-11 02:36:36] INFO uvicorn.access: 172.19.0.3:36938 - "GET /bd_models/ball/ HTTP/1.0" 200
[2026-03-11 02:36:37] INFO uvicorn.access: 172.19.0.3:36954 - "GET /jsi18n/ HTTP/1.0" 200
[2026-03-11 02:36:39] INFO uvicorn.access: 172.19.0.3:36960 - "GET /bd_models/ball/48/change/ HTTP/1.0" 200
[2026-03-11 02:36:39] INFO uvicorn.access: 172.19.0.3:36974 - "GET /jsi18n/ HTTP/1.0" 200
[2026-03-11 02:36:43] INFO uvicorn.access: 172.19.0.3:58908 - "GET /ball/generate/48 HTTP/1.0" 200
[2026-03-11 02:37:01] INFO uvicorn.access: 172.19.0.3:41846 - "GET /bd_models/ball/ HTTP/1.0" 200
[2026-03-11 02:37:03] INFO uvicorn.access: 172.19.0.3:41860 - "GET /bd_models/ball/15/change/ HTTP/1.0" 200
[2026-03-11 02:37:03] INFO uvicorn.access: 172.19.0.3:41872 - "GET /jsi18n/ HTTP/1.0" 200
[2026-03-11 02:37:06] INFO uvicorn.access: 172.19.0.3:41880 - "GET /ball/generate/15 HTTP/1.0" 200
[2026-03-11 02:37:11] INFO uvicorn.access: 172.19.0.3:57470 - "GET /bd_models/ball/ HTTP/1.0" 200
[2026-03-11 02:37:13] INFO uvicorn.access: 172.19.0.3:57472 - "GET /bd_models/ball/14/change/ HTTP/1.0" 200
[2026-03-11 02:37:13] INFO uvicorn.access: 172.19.0.3:57488 - "GET /jsi18n/ HTTP/1.0" 200
[2026-03-11 02:37:17] INFO uvicorn.access: 172.19.0.3:57502 - "GET /ball/generate/14 HTTP/1.0" 200
[2026-03-11 02:38:48] INFO ballsdex: Received SIGTERM, stopping the bot...
[2026-03-11 02:38:49] INFO ballsdex: Received SIGTERM, stopping the bot...
[2026-03-11 02:38:49] CRITICAL ballsdex: Caught unhandled exception in event loop:
Exception in callback Task.task_wakeup()
Traceback (most recent call last):
  File "/usr/local/lib/python3.14/asyncio/events.py", line 94, in _run
    self._context.run(self._callback, *self._args)
    ~~~~~~~~~~~~~~~~~^^^^^^^^^^^^^^^^^^^^^^^^^^^^^
  File "/usr/local/lib/python3.14/asyncio/tasks.py", line 758, in cancel
    if child.cancel(msg=msg):
       ~~~~~~~~~~~~^^^^^^^^^
  File "/usr/local/lib/python3.14/asyncio/tasks.py", line 758, in cancel
    if child.cancel(msg=msg):
       ~~~~~~~~~~~~^^^^^^^^^
  File "/usr/local/lib/python3.14/asyncio/tasks.py", line 758, in cancel
    if child.cancel(msg=msg):
       ~~~~~~~~~~~~^^^^^^^^^
  [Previous line repeated 985 more times]
RecursionError: maximum recursion depth exceeded
[2026-03-11 02:38:54] CRITICAL ballsdex: Caught unhandled exception in event loop:
Exception in callback Timeout._on_timeout()
Traceback (most recent call last):
  File "/usr/local/lib/python3.14/asyncio/events.py", line 94, in _run
    self._context.run(self._callback, *self._args)
    ~~~~~~~~~~~~~~~~~^^^^^^^^^^^^^^^^^^^^^^^^^^^^^
  File "/usr/local/lib/python3.14/asyncio/timeouts.py", line 127, in _on_timeout
    self._task.cancel()
    ~~~~~~~~~~~~~~~~~^^
  File "/usr/local/lib/python3.14/asyncio/tasks.py", line 758, in cancel
    if child.cancel(msg=msg):
       ~~~~~~~~~~~~^^^^^^^^^
  File "/usr/local/lib/python3.14/asyncio/tasks.py", line 758, in cancel
    if child.cancel(msg=msg):
       ~~~~~~~~~~~~^^^^^^^^^
  File "/usr/local/lib/python3.14/asyncio/tasks.py", line 758, in cancel
    if child.cancel(msg=msg):
       ~~~~~~~~~~~~^^^^^^^^^
  [Previous line repeated 984 more times]
RecursionError: maximum recursion depth exceeded
[2026-03-11 02:38:55] CRITICAL ballsdex: Caught unhandled exception in event loop:
Exception in callback Timeout._on_timeout()
Traceback (most recent call last):
  File "/usr/local/lib/python3.14/asyncio/events.py", line 94, in _run
    self._context.run(self._callback, *self._args)
    ~~~~~~~~~~~~~~~~~^^^^^^^^^^^^^^^^^^^^^^^^^^^^^
  File "/usr/local/lib/python3.14/asyncio/timeouts.py", line 127, in _on_timeout
    self._task.cancel()
    ~~~~~~~~~~~~~~~~~^^
  File "/usr/local/lib/python3.14/asyncio/tasks.py", line 758, in cancel
    if child.cancel(msg=msg):
       ~~~~~~~~~~~~^^^^^^^^^
  File "/usr/local/lib/python3.14/asyncio/tasks.py", line 758, in cancel
    if child.cancel(msg=msg):
       ~~~~~~~~~~~~^^^^^^^^^
  File "/usr/local/lib/python3.14/asyncio/tasks.py", line 758, in cancel
    if child.cancel(msg=msg):
       ~~~~~~~~~~~~^^^^^^^^^
  [Previous line repeated 984 more times]
RecursionError: maximum recursion depth exceeded
[2026-03-11 02:39:22] INFO ballsdex: Initialized bot, connecting to Discord...
[2026-03-11 02:39:22] INFO discord.client: logging in using static token
[2026-03-11 02:39:23] INFO ballsdex.core.bot: Starting up with None shards...
[2026-03-11 02:39:23] INFO discord.gateway: Shard ID 0 has connected to Gateway (Session ID: f583ceb5a7d534f7f01cb51a79eeb654).
[2026-03-11 02:39:25] INFO ballsdex.core.bot: Successfully logged in as OCDEX#2184 (1459614981937954931)!
[2026-03-11 02:39:26] INFO ballsdex.core.bot: lomadinthe2nd is the owner of this bot.
[2026-03-11 02:39:26] INFO ballsdex.core.bot: Cache loaded, summary displayed below:
[2026-03-11 02:39:26] INFO ballsdex.core.bot: Loading packages...
[2026-03-11 02:39:28] INFO ballsdex.packages.countryballs: Loaded 8 guilds in cache.
[2026-03-11 02:39:31] INFO ballsdex.core.bot: Packages loaded: admin, balls, guildconfig, countryballs, info, players, trade
[2026-03-11 02:39:31] INFO ballsdex.core.bot: Syncing global commands...
[2026-03-11 02:39:34] INFO ballsdex.core.bot: Synced 7 global commands.
[2026-03-11 02:39:45] INFO uvicorn.access: 172.19.0.3:53326 - "GET /bd_models/ball/14/change/ HTTP/1.0" 200
[2026-03-11 02:39:46] INFO uvicorn.access: 172.19.0.3:53342 - "GET /jsi18n/ HTTP/1.0" 200
[2026-03-11 02:39:49] INFO uvicorn.access: 172.19.0.3:53344 - "GET /ball/generate/14 HTTP/1.0" 200
[2026-03-11 02:39:53] INFO uvicorn.access: 172.19.0.3:58778 - "POST /bd_models/ball/14/change/ HTTP/1.0" 302
[2026-03-11 02:39:54] INFO uvicorn.access: 172.19.0.3:58782 - "GET /bd_models/ball/14/change/ HTTP/1.0" 200
[2026-03-11 02:39:57] INFO uvicorn.access: 172.19.0.3:58800 - "GET /ball/generate/14 HTTP/1.0" 200
[2026-03-11 02:39:57] INFO uvicorn.access: 172.19.0.3:58796 - "GET /jsi18n/ HTTP/1.0" 200
[2026-03-11 02:40:27] INFO ballsdex: Received SIGTERM, stopping the bot...
[2026-03-11 02:40:31] INFO uvicorn.error: Shutting down
[2026-03-11 02:40:31] INFO uvicorn.error: Finished server process [1]
[2026-03-11 02:54:04] INFO ballsdex: Initialized bot, connecting to Discord...
[2026-03-11 02:54:04] INFO discord.client: logging in using static token
[2026-03-11 02:54:05] INFO ballsdex.core.bot: Starting up with None shards...
[2026-03-11 02:54:05] INFO uvicorn.error: Started server process [1]
[2026-03-11 02:54:05] INFO uvicorn.error: Waiting for application startup.
[2026-03-11 02:54:05] INFO uvicorn.error: ASGI 'lifespan' protocol appears unsupported.
[2026-03-11 02:54:05] INFO uvicorn.error: Application startup complete.
[2026-03-11 02:54:05] INFO uvicorn.error: Uvicorn running on http://0.0.0.0:8000 (Press CTRL+C to quit)
[2026-03-11 02:54:05] INFO settings.apps: Settings read successfully.
[2026-03-11 02:54:05] INFO discord.gateway: Shard ID 0 has connected to Gateway (Session ID: a23dfa0b417f6a446143a0b05358ae56).
[2026-03-11 02:54:08] INFO ballsdex.core.bot: Successfully logged in as OCDEX#2184 (1459614981937954931)!
[2026-03-11 02:54:09] INFO ballsdex.core.bot: lomadinthe2nd is the owner of this bot.
[2026-03-11 02:54:11] INFO ballsdex.core.bot: Cache loaded, summary displayed below:
[2026-03-11 02:54:11] INFO ballsdex.core.bot: Loading packages...
[2026-03-11 02:54:13] INFO ballsdex.packages.countryballs: Loaded 8 guilds in cache.
[2026-03-11 02:54:23] INFO ballsdex.core.bot: Packages loaded: admin, balls, guildconfig, countryballs, info, players, trade
[2026-03-11 02:54:23] INFO ballsdex.core.bot: Syncing global commands...
[2026-03-11 02:54:31] INFO ballsdex.core.bot: Synced 7 global commands.
[2026-03-11 02:56:42] INFO ballsdex: Received SIGTERM, stopping the bot...
[2026-03-11 02:56:51] INFO uvicorn.error: Shutting down
[2026-03-11 02:56:52] INFO uvicorn.error: Finished server process [1]
[2026-03-11 03:03:27] INFO ballsdex: Initialized bot, connecting to Discord...
[2026-03-11 03:03:27] INFO discord.client: logging in using static token
[2026-03-11 03:03:28] INFO ballsdex.core.bot: Starting up with None shards...
[2026-03-11 03:03:28] INFO uvicorn.error: Started server process [1]
[2026-03-11 03:03:28] INFO uvicorn.error: Waiting for application startup.
[2026-03-11 03:03:28] INFO uvicorn.error: ASGI 'lifespan' protocol appears unsupported.
[2026-03-11 03:03:28] INFO uvicorn.error: Application startup complete.
[2026-03-11 03:03:29] INFO uvicorn.error: Uvicorn running on http://0.0.0.0:8000 (Press CTRL+C to quit)
[2026-03-11 03:03:29] INFO settings.apps: Settings read successfully.
[2026-03-11 03:03:29] INFO discord.gateway: Shard ID 0 has connected to Gateway (Session ID: df93eb505dafde3a7774d4a6bc999fbd).
[2026-03-11 03:03:31] INFO ballsdex.core.bot: Successfully logged in as OCDEX#2184 (1459614981937954931)!
[2026-03-11 03:03:32] INFO ballsdex.core.bot: lomadinthe2nd is the owner of this bot.
[2026-03-11 03:03:33] INFO ballsdex.core.bot: Cache loaded, summary displayed below:
[2026-03-11 03:03:33] INFO ballsdex.core.bot: Loading packages...
[2026-03-11 03:03:41] INFO ballsdex.packages.countryballs: Loaded 8 guilds in cache.
[2026-03-11 03:03:54] INFO ballsdex.core.bot: Packages loaded: admin, balls, guildconfig, countryballs, info, players, trade
[2026-03-11 03:03:54] INFO ballsdex.core.bot: Syncing global commands...
[2026-03-11 03:03:58] INFO ballsdex.core.bot: Synced 7 global commands.
[2026-03-11 03:04:13] INFO uvicorn.access: 172.18.0.3:38428 - "GET /bd_models/ball/14/change/ HTTP/1.0" 200
[2026-03-11 03:04:18] INFO uvicorn.access: 172.18.0.3:55948 - "GET /jsi18n/ HTTP/1.0" 200
[2026-03-11 03:04:34] INFO uvicorn.access: 172.18.0.3:55946 - "GET /ball/generate/14 HTTP/1.0" 200
[2026-03-11 03:04:35] INFO uvicorn.access: 172.18.0.3:35906 - "GET /bd_models/ball/14/change/ HTTP/1.0" 200
[2026-03-11 03:04:35] INFO uvicorn.access: 172.18.0.3:35912 - "GET /jsi18n/ HTTP/1.0" 200
[2026-03-11 03:04:43] INFO uvicorn.access: 172.18.0.3:35918 - "GET /ball/generate/14 HTTP/1.0" 200
[2026-03-11 03:04:44] INFO uvicorn.access: 172.18.0.3:35930 - "POST /bd_models/ball/14/change/ HTTP/1.0" 302
[2026-03-11 03:04:46] INFO uvicorn.access: 172.18.0.3:55446 - "GET /bd_models/ball/14/change/ HTTP/1.0" 200
[2026-03-11 03:04:46] INFO uvicorn.access: 172.18.0.3:55456 - "GET /jsi18n/ HTTP/1.0" 200
[2026-03-11 03:04:49] INFO uvicorn.access: 172.18.0.3:55466 - "GET /ball/generate/14 HTTP/1.0" 200
[2026-03-11 03:05:18] INFO uvicorn.access: 172.18.0.3:38216 - "POST /bd_models/ball/14/change/ HTTP/1.0" 302
[2026-03-11 03:05:18] INFO uvicorn.access: 172.18.0.3:38218 - "GET /bd_models/ball/14/change/ HTTP/1.0" 200
[2026-03-11 03:05:19] INFO uvicorn.access: 172.18.0.3:38224 - "GET /jsi18n/ HTTP/1.0" 200
[2026-03-11 03:05:22] INFO uvicorn.access: 172.18.0.3:38238 - "GET /ball/generate/14 HTTP/1.0" 200
[2026-03-11 03:05:33] INFO uvicorn.access: 172.18.0.3:38628 - "POST /bd_models/ball/14/change/ HTTP/1.0" 302
[2026-03-11 03:05:35] INFO uvicorn.access: 172.18.0.3:38642 - "GET /bd_models/ball/ HTTP/1.0" 200
[2026-03-11 03:05:35] INFO uvicorn.access: 172.18.0.3:38648 - "GET /jsi18n/ HTTP/1.0" 200
[2026-03-11 03:05:38] INFO uvicorn.access: 172.18.0.3:38654 - "GET /bd_models/ball/48/change/ HTTP/1.0" 200
[2026-03-11 03:05:42] INFO uvicorn.access: 172.18.0.3:38670 - "GET /ball/generate/48 HTTP/1.0" 200
[2026-03-11 03:05:42] INFO uvicorn.access: 172.18.0.3:38674 - "GET /jsi18n/ HTTP/1.0" 200
[2026-03-11 03:06:12] INFO uvicorn.access: 172.18.0.3:53054 - "POST /bd_models/ball/48/change/ HTTP/1.0" 302
[2026-03-11 03:06:13] INFO uvicorn.access: 172.18.0.3:53058 - "GET /bd_models/ball/48/change/ HTTP/1.0" 200
[2026-03-11 03:06:13] INFO uvicorn.access: 172.18.0.3:53066 - "GET /jsi18n/ HTTP/1.0" 200
[2026-03-11 03:06:15] INFO uvicorn.access: 172.18.0.3:53078 - "GET /ball/generate/48 HTTP/1.0" 200
[2026-03-11 03:06:50] INFO uvicorn.access: 172.18.0.3:32832 - "POST /bd_models/ball/48/change/ HTTP/1.0" 302
[2026-03-11 03:06:50] INFO uvicorn.access: 172.18.0.3:48424 - "GET /bd_models/ball/48/change/ HTTP/1.0" 200
[2026-03-11 03:06:51] INFO uvicorn.access: 172.18.0.3:48438 - "GET /jsi18n/ HTTP/1.0" 200
[2026-03-11 03:06:53] INFO uvicorn.access: 172.18.0.3:48452 - "GET /ball/generate/48 HTTP/1.0" 200
[2026-03-11 03:07:03] INFO uvicorn.access: 172.18.0.3:34888 - "POST /bd_models/ball/48/change/ HTTP/1.0" 302
[2026-03-11 03:07:04] INFO uvicorn.access: 172.18.0.3:34894 - "GET /bd_models/ball/ HTTP/1.0" 200
[2026-03-11 03:07:05] INFO uvicorn.access: 172.18.0.3:34898 - "GET /jsi18n/ HTTP/1.0" 200
[2026-03-11 03:07:11] INFO uvicorn.access: 172.18.0.3:36402 - "GET /bd_models/ball/7/change/ HTTP/1.0" 200
[2026-03-11 03:07:12] INFO uvicorn.access: 172.18.0.3:36404 - "GET /jsi18n/ HTTP/1.0" 200
[2026-03-11 03:07:14] INFO uvicorn.access: 172.18.0.3:36412 - "GET /ball/generate/7 HTTP/1.0" 200
[2026-03-11 03:07:33] INFO uvicorn.access: 172.18.0.3:36098 - "POST /bd_models/ball/7/change/ HTTP/1.0" 302
[2026-03-11 03:07:34] INFO uvicorn.access: 172.18.0.3:36102 - "GET /bd_models/ball/7/change/ HTTP/1.0" 200
[2026-03-11 03:07:35] INFO uvicorn.access: 172.18.0.3:36112 - "GET /jsi18n/ HTTP/1.0" 200
[2026-03-11 03:07:36] INFO uvicorn.access: 172.18.0.3:36122 - "GET /ball/generate/7 HTTP/1.0" 200
[2026-03-11 03:08:00] INFO uvicorn.access: 172.18.0.3:48004 - "POST /bd_models/ball/7/change/ HTTP/1.0" 302
[2026-03-11 03:08:01] INFO uvicorn.access: 172.18.0.3:48012 - "GET /bd_models/ball/7/change/ HTTP/1.0" 200
[2026-03-11 03:08:01] INFO uvicorn.access: 172.18.0.3:48018 - "GET /jsi18n/ HTTP/1.0" 200
[2026-03-11 03:08:04] INFO uvicorn.access: 172.18.0.3:48028 - "GET /ball/generate/7 HTTP/1.0" 200
[2026-03-11 03:12:37] INFO ballsdex: Received SIGTERM, stopping the bot...
[2026-03-11 03:12:45] INFO uvicorn.error: Shutting down
[2026-03-11 03:12:45] INFO uvicorn.error: Finished server process [1]
[2026-03-11 03:31:32] INFO ballsdex: Initialized bot, connecting to Discord...
[2026-03-11 03:31:32] INFO discord.client: logging in using static token
[2026-03-11 03:31:33] INFO ballsdex.core.bot: Starting up with None shards...
[2026-03-11 03:31:34] INFO discord.gateway: Shard ID 0 has connected to Gateway (Session ID: 1c0de7862f323e6f90de28482b7bec2a).
[2026-03-11 03:31:35] INFO uvicorn.error: Started server process [1]
[2026-03-11 03:31:35] INFO uvicorn.error: Waiting for application startup.
[2026-03-11 03:31:35] INFO uvicorn.error: ASGI 'lifespan' protocol appears unsupported.
[2026-03-11 03:31:35] INFO uvicorn.error: Application startup complete.
[2026-03-11 03:31:35] INFO uvicorn.error: Uvicorn running on http://0.0.0.0:8000 (Press CTRL+C to quit)
[2026-03-11 03:31:36] INFO settings.apps: Settings read successfully.
[2026-03-11 03:31:37] INFO ballsdex.core.bot: Successfully logged in as OCDEX#2184 (1459614981937954931)!
[2026-03-11 03:31:37] INFO ballsdex.core.bot: lomadinthe2nd is the owner of this bot.
[2026-03-11 03:31:38] INFO ballsdex.core.bot: Cache loaded, summary displayed below:
[2026-03-11 03:31:38] INFO ballsdex.core.bot: Loading packages...
[2026-03-11 03:31:42] INFO ballsdex.packages.countryballs: Loaded 8 guilds in cache.
[2026-03-11 03:31:44] INFO ballsdex.core.bot: Packages loaded: admin, balls, guildconfig, countryballs, info, players, trade
[2026-03-11 03:31:44] INFO ballsdex.core.bot: Syncing global commands...
[2026-03-11 03:31:47] INFO ballsdex.core.bot: Synced 7 global commands.
[2026-03-11 03:32:16] INFO uvicorn.access: 172.19.0.3:51904 - "GET /bd_models/ball/7/change/ HTTP/1.0" 200
[2026-03-11 03:32:21] INFO uvicorn.access: 172.19.0.3:58772 - "GET /bd_models/ball/7/change/ HTTP/1.0" 200
[2026-03-11 03:32:27] INFO uvicorn.access: 172.19.0.3:58788 - "GET /jsi18n/ HTTP/1.0" 200
[2026-03-11 03:32:27] INFO uvicorn.access: 172.19.0.3:58774 - "GET /ball/generate/7 HTTP/1.0" 200
[2026-03-11 03:32:33] INFO uvicorn.access: 172.19.0.3:36840 - "GET /bd_models/ball/7/change/ HTTP/1.0" 200
[2026-03-11 03:32:36] INFO uvicorn.access: 172.19.0.3:36848 - "GET /bd_models/ball/7/change/ HTTP/1.0" 200
[2026-03-11 03:32:39] INFO uvicorn.access: 172.19.0.3:36854 - "GET /bd_models/ball/ HTTP/1.0" 200
[2026-03-11 03:32:42] INFO uvicorn.access: 172.19.0.3:41028 - "GET /bd_models/ball/48/change/ HTTP/1.0" 200
[2026-03-11 03:32:42] INFO uvicorn.access: 172.19.0.3:41038 - "GET /jsi18n/ HTTP/1.0" 200
[2026-03-11 03:32:45] INFO uvicorn.access: 172.19.0.3:41044 - "GET /ball/generate/48 HTTP/1.0" 200
[2026-03-11 03:32:49] INFO uvicorn.access: 172.19.0.3:41060 - "GET /bd_models/ball/ HTTP/1.0" 200
[2026-03-11 03:32:52] INFO uvicorn.access: 172.19.0.3:58324 - "GET /bd_models/ball/15/change/ HTTP/1.0" 200
[2026-03-11 03:32:52] INFO uvicorn.access: 172.19.0.3:58338 - "GET /jsi18n/ HTTP/1.0" 200
[2026-03-11 03:32:57] INFO uvicorn.access: 172.19.0.3:58340 - "GET /ball/generate/15 HTTP/1.0" 200
[2026-03-11 03:33:02] INFO uvicorn.access: 172.19.0.3:36844 - "GET /bd_models/ball/ HTTP/1.0" 200
[2026-03-11 03:33:06] INFO uvicorn.access: 172.19.0.3:36854 - "GET /bd_models/ball/14/change/ HTTP/1.0" 200
[2026-03-11 03:33:14] INFO uvicorn.access: 172.19.0.3:36860 - "GET /jsi18n/ HTTP/1.0" 200
[2026-03-11 03:33:14] INFO uvicorn.access: 172.19.0.3:36872 - "GET /ball/generate/14 HTTP/1.0" 200
[2026-03-11 03:33:17] INFO uvicorn.access: 172.19.0.3:48936 - "GET /bd_models/ball/ HTTP/1.0" 200
[2026-03-11 03:33:20] INFO uvicorn.access: 172.19.0.3:58474 - "GET /bd_models/ball/13/change/ HTTP/1.0" 200
[2026-03-11 03:33:22] INFO uvicorn.access: 172.19.0.3:58488 - "GET /jsi18n/ HTTP/1.0" 200
[2026-03-11 03:33:28] INFO uvicorn.access: 172.19.0.3:58490 - "GET /ball/generate/13 HTTP/1.0" 200
[2026-03-11 03:33:38] INFO uvicorn.access: 172.19.0.3:36362 - "GET /bd_models/ball/ HTTP/1.0" 200
[2026-03-11 03:33:41] INFO uvicorn.access: 172.19.0.3:55352 - "GET /bd_models/ball/12/change/ HTTP/1.0" 200
[2026-03-11 03:33:42] INFO uvicorn.access: 172.19.0.3:55368 - "GET /jsi18n/ HTTP/1.0" 200
[2026-03-11 03:33:43] INFO uvicorn.access: 172.19.0.3:55384 - "GET /ball/generate/12 HTTP/1.0" 200
[2026-03-11 03:33:51] INFO uvicorn.access: 172.19.0.3:42430 - "GET /bd_models/ball/ HTTP/1.0" 200
[2026-03-11 03:33:53] INFO uvicorn.access: 172.19.0.3:42446 - "GET /bd_models/ball/11/change/ HTTP/1.0" 200
[2026-03-11 03:33:54] INFO uvicorn.access: 172.19.0.3:42452 - "GET /jsi18n/ HTTP/1.0" 200
[2026-03-11 03:33:55] INFO uvicorn.access: 172.19.0.3:42458 - "GET /ball/generate/11 HTTP/1.0" 200
[2026-03-11 03:34:04] INFO uvicorn.access: 172.19.0.3:47450 - "GET /bd_models/ball/ HTTP/1.0" 200
[2026-03-11 03:34:10] INFO uvicorn.access: 172.19.0.3:47454 - "GET /bd_models/ball/10/change/ HTTP/1.0" 200
[2026-03-11 03:34:10] INFO uvicorn.access: 172.19.0.3:48388 - "GET /jsi18n/ HTTP/1.0" 200
[2026-03-11 03:34:13] INFO uvicorn.access: 172.19.0.3:48392 - "GET /ball/generate/10 HTTP/1.0" 200
[2026-03-11 03:34:16] INFO uvicorn.access: 172.19.0.3:48394 - "GET /bd_models/ball/ HTTP/1.0" 200
[2026-03-11 03:34:18] INFO uvicorn.access: 172.19.0.3:48406 - "GET /bd_models/ball/9/change/ HTTP/1.0" 200
[2026-03-11 03:34:19] INFO uvicorn.access: 172.19.0.3:48414 - "GET /jsi18n/ HTTP/1.0" 200
[2026-03-11 03:34:22] INFO uvicorn.access: 172.19.0.3:48418 - "GET /ball/generate/9 HTTP/1.0" 200
[2026-03-11 03:34:25] INFO uvicorn.access: 172.19.0.3:43006 - "GET /bd_models/ball/ HTTP/1.0" 200
[2026-03-11 03:34:27] INFO uvicorn.access: 172.19.0.3:43018 - "GET /bd_models/ball/8/change/ HTTP/1.0" 200
[2026-03-11 03:34:28] INFO uvicorn.access: 172.19.0.3:43024 - "GET /jsi18n/ HTTP/1.0" 200
[2026-03-11 03:34:30] INFO uvicorn.access: 172.19.0.3:43034 - "GET /ball/generate/8 HTTP/1.0" 200
[2026-03-11 03:34:43] INFO uvicorn.access: 172.19.0.3:41378 - "GET /bd_models/ball/ HTTP/1.0" 200
[2026-03-11 03:34:45] INFO uvicorn.access: 172.19.0.3:41380 - "GET /bd_models/ball/7/change/ HTTP/1.0" 200
[2026-03-11 03:34:45] INFO uvicorn.access: 172.19.0.3:41388 - "GET /jsi18n/ HTTP/1.0" 200
[2026-03-11 03:34:47] INFO uvicorn.access: 172.19.0.3:41390 - "GET /ball/generate/7 HTTP/1.0" 200
[2026-03-11 03:34:50] INFO uvicorn.access: 172.19.0.3:34258 - "GET /bd_models/ball/ HTTP/1.0" 200
[2026-03-11 03:34:53] INFO uvicorn.access: 172.19.0.3:34272 - "GET /bd_models/ball/5/change/ HTTP/1.0" 200
[2026-03-11 03:34:53] INFO uvicorn.access: 172.19.0.3:34288 - "GET /jsi18n/ HTTP/1.0" 200
[2026-03-11 03:34:55] INFO uvicorn.access: 172.19.0.3:34290 - "GET /ball/generate/5 HTTP/1.0" 200
[2026-03-11 03:34:58] INFO uvicorn.access: 172.19.0.3:34292 - "GET /bd_models/ball/ HTTP/1.0" 200
[2026-03-11 03:35:01] INFO uvicorn.access: 172.19.0.3:35876 - "GET /bd_models/ball/4/change/ HTTP/1.0" 200
[2026-03-11 03:35:02] INFO uvicorn.access: 172.19.0.3:35890 - "GET /jsi18n/ HTTP/1.0" 200
[2026-03-11 03:35:05] INFO uvicorn.access: 172.19.0.3:35898 - "GET /ball/generate/4 HTTP/1.0" 200
[2026-03-11 03:35:09] INFO uvicorn.access: 172.19.0.3:35914 - "GET /bd_models/ball/ HTTP/1.0" 200
[2026-03-11 03:35:13] INFO uvicorn.access: 172.19.0.3:47334 - "GET /bd_models/ball/3/change/ HTTP/1.0" 200
[2026-03-11 03:35:14] INFO uvicorn.access: 172.19.0.3:47346 - "GET /jsi18n/ HTTP/1.0" 200
[2026-03-11 03:35:19] INFO uvicorn.access: 172.19.0.3:47348 - "GET /ball/generate/3 HTTP/1.0" 200
[2026-03-11 03:35:23] INFO uvicorn.access: 172.19.0.3:50712 - "GET /bd_models/ball/ HTTP/1.0" 200
[2026-03-11 03:35:26] INFO uvicorn.access: 172.19.0.3:50720 - "GET /bd_models/ball/2/change/ HTTP/1.0" 200
[2026-03-11 03:35:27] INFO uvicorn.access: 172.19.0.3:50722 - "GET /jsi18n/ HTTP/1.0" 200
[2026-03-11 03:35:31] INFO uvicorn.access: 172.19.0.3:50726 - "GET /ball/generate/2 HTTP/1.0" 200
[2026-03-11 03:35:37] INFO uvicorn.access: 172.19.0.3:33418 - "GET /bd_models/ball/ HTTP/1.0" 200
[2026-03-11 03:35:39] INFO uvicorn.access: 172.19.0.3:33422 - "GET /bd_models/ball/1/change/ HTTP/1.0" 200
[2026-03-11 03:35:40] INFO uvicorn.access: 172.19.0.3:53874 - "GET /jsi18n/ HTTP/1.0" 200
[2026-03-11 03:35:43] INFO uvicorn.access: 172.19.0.3:53880 - "GET /ball/generate/1 HTTP/1.0" 200
[2026-03-11 03:35:57] INFO uvicorn.access: 172.19.0.3:45334 - "POST /bd_models/ball/1/change/ HTTP/1.0" 302
[2026-03-11 03:35:58] INFO uvicorn.access: 172.19.0.3:45336 - "GET /bd_models/ball/1/change/ HTTP/1.0" 200
[2026-03-11 03:35:58] INFO uvicorn.access: 172.19.0.3:45340 - "GET /jsi18n/ HTTP/1.0" 200
[2026-03-11 03:36:01] INFO uvicorn.access: 172.19.0.3:45344 - "GET /ball/generate/1 HTTP/1.0" 200
[2026-03-11 03:36:25] INFO uvicorn.access: 172.19.0.3:57730 - "POST /bd_models/ball/1/change/ HTTP/1.0" 302
[2026-03-11 03:36:26] INFO uvicorn.access: 172.19.0.3:57740 - "GET /bd_models/ball/ HTTP/1.0" 200
[2026-03-11 03:36:27] INFO uvicorn.access: 172.19.0.3:57744 - "GET /jsi18n/ HTTP/1.0" 200
[2026-03-11 03:37:36] INFO ballsdex.packages.admin.balls: lomadinthe2nd spawned oc random 8 times in ︴admin-bot-commands-📡.
[2026-03-11 03:41:15] WARNING discord.gateway: Can't keep up, shard ID 0 websocket is 42.9s behind.
[2026-03-11 03:57:36] WARNING discord.gateway: Shard ID 0 has stopped responding to the gateway. Closing and restarting.
[2026-03-11 03:58:05] INFO discord.gateway: Shard ID 0 session has been invalidated.
[2026-03-11 03:58:14] INFO discord.gateway: Shard ID 0 has connected to Gateway (Session ID: a50ef25f0f12c0155dbf5decb68bad5c).
[2026-03-11 03:58:33] ERROR ballsdex.core.bot: Error in event on_command_error. Args: <discord.ext.commands.context.Context object at 0x7b45c0e73650>, HybridCommandError("Hybrid command raised an error: Command 'status' raised an exception: NotFound: 404 Not Found (error code: 10062): Unknown interaction"). Kwargs: 
Traceback (most recent call last):
  File "/opt/venv/lib/python3.14/site-packages/discord/client.py", line 504, in _run_event
    await coro(*args, **kwargs)
  File "/opt/venv/lib/python3.14/site-packages/ballsdex/core/bot.py", line 499, in on_command_error
    await context.send("An unknown error occured, contact support if this persists.")
  File "/opt/venv/lib/python3.14/site-packages/discord/ext/commands/context.py", line 1140, in send
    response = await self.interaction.response.send_message(**kwargs)
               ^^^^^^^^^^^^^^^^^^^^^^^^^^^^^^^^^^^^^^^^^^^^^^^^^^^^^^
  File "/opt/venv/lib/python3.14/site-packages/discord/interactions.py", line 1051, in send_message
    response = await adapter.create_interaction_response(
               ^^^^^^^^^^^^^^^^^^^^^^^^^^^^^^^^^^^^^^^^^^
    ...<6 lines>...
    )
    ^
  File "/opt/venv/lib/python3.14/site-packages/discord/webhook/async_.py", line 224, in request
    raise NotFound(response, data)
discord.errors.NotFound: 404 Not Found (error code: 10062): Unknown interaction
[2026-03-11 03:59:04] WARNING discord.gateway: Can't keep up, shard ID 0 websocket is 55.5s behind.
[2026-03-11 03:59:53] INFO ballsdex: Received SIGTERM, stopping the bot...
[2026-03-11 04:00:43] INFO uvicorn.error: Shutting down
[2026-03-11 04:00:46] INFO uvicorn.error: Finished server process [1]
[2026-03-11 04:08:41] INFO ballsdex: Initialized bot, connecting to Discord...
[2026-03-11 04:08:41] INFO discord.client: logging in using static token
[2026-03-11 04:08:42] INFO uvicorn.error: Started server process [1]
[2026-03-11 04:08:42] INFO uvicorn.error: Waiting for application startup.
[2026-03-11 04:08:42] INFO uvicorn.error: ASGI 'lifespan' protocol appears unsupported.
[2026-03-11 04:08:42] INFO uvicorn.error: Application startup complete.
[2026-03-11 04:08:42] INFO uvicorn.error: Uvicorn running on http://0.0.0.0:8000 (Press CTRL+C to quit)
[2026-03-11 04:08:42] INFO settings.apps: Settings read successfully.
[2026-03-11 04:08:43] INFO ballsdex.core.bot: Starting up with None shards...
[2026-03-11 04:08:43] INFO discord.gateway: Shard ID 0 has connected to Gateway (Session ID: 1324b4cfe8b734316e0dbea29f798c26).
[2026-03-11 04:08:46] INFO ballsdex.core.bot: Successfully logged in as OCDEX#2184 (1459614981937954931)!
[2026-03-11 04:08:46] INFO ballsdex.core.bot: lomadinthe2nd is the owner of this bot.
[2026-03-11 04:08:46] INFO ballsdex.core.bot: Cache loaded, summary displayed below:
[2026-03-11 04:08:46] INFO ballsdex.core.bot: Loading packages...
[2026-03-11 04:08:48] INFO ballsdex.packages.countryballs: Loaded 8 guilds in cache.
[2026-03-11 04:08:51] INFO ballsdex.core.bot: Packages loaded: admin, balls, guildconfig, countryballs, info, players, trade
[2026-03-11 04:08:51] INFO ballsdex.core.bot: Syncing global commands...
[2026-03-11 04:08:53] INFO ballsdex.core.bot: Synced 7 global commands.
[2026-03-11 04:11:57] INFO ballsdex.packages.admin.balls: lomadinthe2nd spawned oc Dream Berry SoDa in ┆ocdex-⚛️.
[2026-03-11 04:41:02] INFO discord.gateway: Shard ID 0 has successfully RESUMED session 1324b4cfe8b734316e0dbea29f798c26.
[2026-03-11 06:21:07] INFO discord.gateway: Shard ID 0 has successfully RESUMED session 1324b4cfe8b734316e0dbea29f798c26.
[2026-03-11 08:56:58] INFO discord.gateway: Shard ID 0 has successfully RESUMED session 1324b4cfe8b734316e0dbea29f798c26.
[2026-03-11 10:18:08] INFO discord.gateway: Shard ID 0 has successfully RESUMED session 1324b4cfe8b734316e0dbea29f798c26.
[2026-03-11 10:57:01] INFO discord.gateway: Shard ID 0 has successfully RESUMED session 1324b4cfe8b734316e0dbea29f798c26.
[2026-03-11 13:12:48] INFO discord.gateway: Shard ID 0 has successfully RESUMED session 1324b4cfe8b734316e0dbea29f798c26.
[2026-03-11 16:18:32] INFO discord.gateway: Shard ID 0 has successfully RESUMED session 1324b4cfe8b734316e0dbea29f798c26.
[2026-03-11 16:38:02] WARNING discord.gateway: Can't keep up, shard ID 0 websocket is 13.6s behind.
[2026-03-11 16:38:02] WARNING discord.gateway: Can't keep up, shard ID 0 websocket is 13.7s behind.
[2026-03-11 16:45:10] INFO ballsdex.packages.admin.balls: lomadinthe2nd spawned oc random 5 times in ┆ocdex-⚛️.
[2026-03-11 16:59:27] INFO ballsdex.packages.admin.balls: lomadinthe2nd spawned oc Nikolai in ┆ocdex-⚛️.
[2026-03-11 17:05:35] INFO discord.gateway: Shard ID 0 has successfully RESUMED session 1324b4cfe8b734316e0dbea29f798c26.
[2026-03-11 17:51:59] INFO discord.gateway: Shard ID 0 has successfully RESUMED session 1324b4cfe8b734316e0dbea29f798c26.
[2026-03-11 18:38:11] INFO uvicorn.access: 172.19.0.3:39338 - "GET /bd_models/ball/ HTTP/1.0" 200
[2026-03-11 18:38:12] WARNING django.request: Not Found: /favicon.ico
[2026-03-11 18:38:12] INFO uvicorn.access: 172.19.0.3:41974 - "GET /favicon.ico HTTP/1.0" 404
[2026-03-11 18:38:15] INFO uvicorn.access: 172.19.0.3:41988 - "GET / HTTP/1.0" 200
[2026-03-11 18:38:17] INFO uvicorn.access: 172.19.0.3:41990 - "GET /bd_models/ballinstance/ HTTP/1.0" 200
[2026-03-11 18:38:18] INFO uvicorn.access: 172.19.0.3:41996 - "GET /jsi18n/ HTTP/1.0" 200
[2026-03-11 18:38:25] INFO uvicorn.access: 172.19.0.3:52622 - "GET /autocomplete/?app_label=bd_models&model_name=ballinstance&field_name=special HTTP/1.0" 200
[2026-03-11 18:38:26] INFO uvicorn.access: 172.19.0.3:52626 - "GET /bd_models/ballinstance/?special__pk__exact=1 HTTP/1.0" 200
[2026-03-11 18:38:26] INFO uvicorn.access: 172.19.0.3:52640 - "GET /jsi18n/ HTTP/1.0" 200
[2026-03-11 18:39:07] INFO uvicorn.access: 172.19.0.3:47618 - "GET /autocomplete/?app_label=bd_models&model_name=ballinstance&field_name=special HTTP/1.0" 200
[2026-03-11 18:39:09] INFO uvicorn.access: 172.19.0.3:35588 - "GET /bd_models/ballinstance/?special__pk__exact=2 HTTP/1.0" 200
[2026-03-11 18:39:09] INFO uvicorn.access: 172.19.0.3:35598 - "GET /jsi18n/ HTTP/1.0" 200
[2026-03-11 18:39:12] INFO uvicorn.access: 172.19.0.3:35602 - "GET /autocomplete/?app_label=bd_models&model_name=ballinstance&field_name=special HTTP/1.0" 200
[2026-03-11 18:39:12] INFO uvicorn.access: 172.19.0.3:35606 - "GET /bd_models/ballinstance/?special__pk__exact=2&tradeable__exact=1 HTTP/1.0" 200
[2026-03-11 18:39:12] INFO uvicorn.access: 172.19.0.3:35614 - "GET /jsi18n/ HTTP/1.0" 200
[2026-03-11 18:39:17] INFO uvicorn.access: 172.19.0.3:35624 - "GET /bd_models/ballinstance/352/change/?_changelist_filters=special__pk__exact%3D2%26tradeable__exact%3D1 HTTP/1.0" 200
[2026-03-11 18:39:18] INFO uvicorn.access: 172.19.0.3:35626 - "GET /jsi18n/ HTTP/1.0" 200
[2026-03-11 18:39:24] INFO uvicorn.access: 172.19.0.3:60744 - "GET /bd_models/ballinstance/?special__pk__exact=2&tradeable__exact=1 HTTP/1.0" 200
[2026-03-11 18:39:26] INFO uvicorn.access: 172.19.0.3:60756 - "GET /autocomplete/?app_label=bd_models&model_name=ballinstance&field_name=special HTTP/1.0" 200
[2026-03-11 18:39:28] INFO uvicorn.access: 172.19.0.3:60764 - "GET /bd_models/ballinstance/?special__pk__exact=5&tradeable__exact=1 HTTP/1.0" 200
[2026-03-11 18:39:28] INFO uvicorn.access: 172.19.0.3:60780 - "GET /jsi18n/ HTTP/1.0" 200
[2026-03-11 18:39:31] INFO uvicorn.access: 172.19.0.3:53116 - "GET /autocomplete/?app_label=bd_models&model_name=ballinstance&field_name=special HTTP/1.0" 200
[2026-03-11 18:39:32] INFO uvicorn.access: 172.19.0.3:53132 - "GET /bd_models/ballinstance/?special__pk__exact=4&tradeable__exact=1 HTTP/1.0" 200
[2026-03-11 18:39:33] INFO uvicorn.access: 172.19.0.3:53146 - "GET /jsi18n/ HTTP/1.0" 200
[2026-03-11 18:39:35] INFO uvicorn.access: 172.19.0.3:53148 - "GET /autocomplete/?app_label=bd_models&model_name=ballinstance&field_name=special HTTP/1.0" 200
[2026-03-11 18:39:37] INFO uvicorn.access: 172.19.0.3:53150 - "GET /bd_models/ballinstance/?special__pk__exact=3&tradeable__exact=1 HTTP/1.0" 200
[2026-03-11 18:39:37] INFO uvicorn.access: 172.19.0.3:53154 - "GET /jsi18n/ HTTP/1.0" 200
[2026-03-11 18:39:41] INFO uvicorn.access: 172.19.0.3:55362 - "GET /bd_models/ HTTP/1.0" 200
[2026-03-11 18:39:43] INFO uvicorn.access: 172.19.0.3:55376 - "GET /bd_models/ball/ HTTP/1.0" 200
[2026-03-11 18:39:43] INFO uvicorn.access: 172.19.0.3:55392 - "GET /jsi18n/ HTTP/1.0" 200
[2026-03-11 18:39:45] INFO uvicorn.access: 172.19.0.3:55406 - "GET /bd_models/ HTTP/1.0" 200
[2026-03-11 18:39:48] INFO uvicorn.access: 172.19.0.3:55408 - "GET /bd_models/special/ HTTP/1.0" 200
[2026-03-11 18:39:48] INFO uvicorn.access: 172.19.0.3:55422 - "GET /jsi18n/ HTTP/1.0" 200
[2026-03-11 18:40:52] INFO uvicorn.access: 172.19.0.3:44624 - "POST /bd_models/special/ HTTP/1.0" 302
[2026-03-11 18:40:52] INFO uvicorn.access: 172.19.0.3:44638 - "GET /bd_models/special/ HTTP/1.0" 200
[2026-03-11 18:40:52] INFO uvicorn.access: 172.19.0.3:44646 - "GET /jsi18n/ HTTP/1.0" 200
[2026-03-11 18:41:33] INFO ballsdex.core.bot: Cache loaded, summary displayed below:
[2026-03-11 18:41:46] INFO uvicorn.access: 172.19.0.3:35254 - "GET / HTTP/1.0" 200
[2026-03-11 18:41:48] INFO uvicorn.access: 172.19.0.3:55602 - "GET /settings/settings/ HTTP/1.0" 200
[2026-03-11 18:41:49] INFO uvicorn.access: 172.19.0.3:55618 - "GET /jsi18n/ HTTP/1.0" 200
[2026-03-11 18:41:50] INFO uvicorn.access: 172.19.0.3:55624 - "GET /settings/settings/1/change/ HTTP/1.0" 200
[2026-03-11 18:41:50] INFO uvicorn.access: 172.19.0.3:55626 - "GET /jsi18n/ HTTP/1.0" 200
[2026-03-11 19:38:23] INFO uvicorn.access: 172.19.0.3:55206 - "GET /settings/settings/1/change/ HTTP/1.0" 200
[2026-03-11 19:38:30] INFO uvicorn.access: 172.19.0.3:41662 - "GET / HTTP/1.0" 200
[2026-03-11 19:38:37] INFO uvicorn.access: 172.19.0.3:41670 - "GET /bd_models/special/ HTTP/1.0" 200
[2026-03-11 19:38:37] INFO uvicorn.access: 172.19.0.3:41672 - "GET /jsi18n/ HTTP/1.0" 200
[2026-03-11 19:38:40] INFO uvicorn.access: 172.19.0.3:60976 - "GET /bd_models/special/add/ HTTP/1.0" 200
[2026-03-11 19:38:41] INFO uvicorn.access: 172.19.0.3:60990 - "GET /jsi18n/ HTTP/1.0" 200
[2026-03-11 19:39:42] INFO uvicorn.access: 172.19.0.3:36560 - "POST /bd_models/special/add/ HTTP/1.0" 302
[2026-03-11 19:39:43] INFO uvicorn.access: 172.19.0.3:36568 - "GET /bd_models/special/6/change/ HTTP/1.0" 200
[2026-03-11 19:39:43] INFO uvicorn.access: 172.19.0.3:36582 - "GET /jsi18n/ HTTP/1.0" 200
[2026-03-11 19:39:48] INFO uvicorn.access: 172.19.0.3:36590 - "GET /special/generate/6 HTTP/1.0" 200
[2026-03-11 19:40:40] INFO uvicorn.access: 172.19.0.3:57952 - "POST /bd_models/special/6/change/ HTTP/1.0" 302
[2026-03-11 19:40:40] INFO uvicorn.access: 172.19.0.3:57954 - "GET /bd_models/special/ HTTP/1.0" 200
[2026-03-11 19:40:41] INFO uvicorn.access: 172.19.0.3:57962 - "GET /jsi18n/ HTTP/1.0" 200
[2026-03-11 19:40:44] INFO uvicorn.access: 172.19.0.3:57970 - "GET /bd_models/special/add/ HTTP/1.0" 200
[2026-03-11 19:40:45] INFO uvicorn.access: 172.19.0.3:57986 - "GET /jsi18n/ HTTP/1.0" 200
[2026-03-11 19:41:46] INFO uvicorn.access: 172.19.0.3:53278 - "POST /bd_models/special/add/ HTTP/1.0" 302
[2026-03-11 19:41:46] INFO uvicorn.access: 172.19.0.3:53292 - "GET /bd_models/special/7/change/ HTTP/1.0" 200
[2026-03-11 19:41:47] INFO uvicorn.access: 172.19.0.3:53296 - "GET /jsi18n/ HTTP/1.0" 200
[2026-03-11 19:41:49] INFO uvicorn.access: 172.19.0.3:53308 - "GET /special/generate/7 HTTP/1.0" 200
[2026-03-11 19:46:06] INFO uvicorn.access: 172.19.0.3:52322 - "GET /bd_models/special/7/change/ HTTP/1.0" 200
[2026-03-11 19:46:22] INFO uvicorn.access: 172.19.0.3:41530 - "POST /bd_models/special/7/change/ HTTP/1.0" 302
[2026-03-11 19:46:22] INFO uvicorn.access: 172.19.0.3:41536 - "GET /bd_models/special/7/change/ HTTP/1.0" 200
[2026-03-11 19:46:22] INFO uvicorn.access: 172.19.0.3:41550 - "GET /jsi18n/ HTTP/1.0" 200
[2026-03-11 19:46:25] INFO uvicorn.access: 172.19.0.3:41560 - "GET /special/generate/7 HTTP/1.0" 200
[2026-03-11 19:46:39] INFO discord.gateway: Shard ID 0 has successfully RESUMED session 1324b4cfe8b734316e0dbea29f798c26.
[2026-03-11 19:46:53] INFO uvicorn.access: 172.19.0.3:52512 - "POST /bd_models/special/7/change/ HTTP/1.0" 302
[2026-03-11 19:46:53] INFO uvicorn.access: 172.19.0.3:52526 - "GET /bd_models/special/ HTTP/1.0" 200
[2026-03-11 19:46:53] INFO uvicorn.access: 172.19.0.3:52534 - "GET /jsi18n/ HTTP/1.0" 200
[2026-03-11 19:46:57] INFO uvicorn.access: 172.19.0.3:52542 - "GET /bd_models/special/2/change/ HTTP/1.0" 200
[2026-03-11 19:46:57] INFO uvicorn.access: 172.19.0.3:52558 - "GET /jsi18n/ HTTP/1.0" 200
[2026-03-11 19:46:59] INFO uvicorn.access: 172.19.0.3:52566 - "GET /special/generate/2 HTTP/1.0" 200
[2026-03-11 19:47:04] INFO uvicorn.access: 172.19.0.3:38646 - "GET /bd_models/special/ HTTP/1.0" 200
[2026-03-11 19:47:26] INFO uvicorn.access: 172.19.0.3:33720 - "GET /bd_models/ HTTP/1.0" 200
[2026-03-11 20:06:38] INFO discord.gateway: Shard ID 0 has successfully RESUMED session 1324b4cfe8b734316e0dbea29f798c26.
[2026-03-11 20:22:28] INFO ballsdex.packages.admin.balls: lomadinthe2nd spawned oc Nikolai in ┆ocdex-⚛️.
[2026-03-11 20:28:14] INFO ballsdex.packages.admin.balls: lomadinthe2nd spawned oc random 4 times in ┆ocdex-⚛️.
[2026-03-11 21:15:53] INFO ballsdex.packages.admin.balls: lomadinthe2nd spawned oc Nikolai in ┆ocdex-⚛️.
[2026-03-11 21:25:59] INFO ballsdex.packages.admin.balls: lomadinthe2nd spawned oc Acid Star in ┆ocdex-⚛️.
[2026-03-11 21:27:45] INFO uvicorn.access: 172.19.0.3:34506 - "GET /bd_models/ HTTP/1.0" 200
[2026-03-11 23:03:42] INFO discord.gateway: Shard ID 0 has successfully RESUMED session 1324b4cfe8b734316e0dbea29f798c26.
[2026-03-11 23:39:50] INFO ballsdex.packages.admin.balls: lomadinthe2nd spawned oc random 5 times in ┆ocdex-⚛️.
[2026-03-12 00:05:50] INFO uvicorn.access: 172.19.0.3:54270 - "GET / HTTP/1.0" 200
[2026-03-12 00:05:52] WARNING django.request: Not Found: /favicon.ico
[2026-03-12 00:05:52] INFO uvicorn.access: 172.19.0.3:37876 - "GET /favicon.ico HTTP/1.0" 404
[2026-03-12 00:06:13] INFO uvicorn.access: 172.19.0.3:51840 - "GET /bd_models/ball/ HTTP/1.0" 200
[2026-03-12 00:06:14] INFO uvicorn.access: 172.19.0.3:51852 - "GET /jsi18n/ HTTP/1.0" 200
[2026-03-12 00:06:18] INFO uvicorn.access: 172.19.0.3:51866 - "GET /bd_models/ball/add/ HTTP/1.0" 200
[2026-03-12 00:06:19] INFO uvicorn.access: 172.19.0.3:59612 - "GET /jsi18n/ HTTP/1.0" 200
[2026-03-12 00:08:50] INFO uvicorn.access: 172.19.0.3:57268 - "GET /autocomplete/?app_label=bd_models&model_name=ball&field_name=regime HTTP/1.0" 200
[2026-03-12 00:09:10] INFO uvicorn.access: 172.19.0.3:57644 - "POST /bd_models/ball/add/ HTTP/1.0" 302
[2026-03-12 00:09:11] INFO uvicorn.access: 172.19.0.3:57656 - "GET /bd_models/ball/49/change/ HTTP/1.0" 200
[2026-03-12 00:09:12] INFO uvicorn.access: 172.19.0.3:57662 - "GET /jsi18n/ HTTP/1.0" 200
[2026-03-12 00:09:13] INFO uvicorn.access: 172.19.0.3:57668 - "GET /ball/generate/49 HTTP/1.0" 200
[2026-03-12 00:09:34] INFO uvicorn.access: 172.19.0.3:58630 - "POST /bd_models/ball/49/change/ HTTP/1.0" 302
[2026-03-12 00:09:36] INFO uvicorn.access: 172.19.0.3:58642 - "GET /bd_models/ball/49/change/ HTTP/1.0" 200
[2026-03-12 00:09:37] INFO uvicorn.access: 172.19.0.3:58646 - "GET /jsi18n/ HTTP/1.0" 200
[2026-03-12 00:09:38] INFO uvicorn.access: 172.19.0.3:58658 - "GET /ball/generate/49 HTTP/1.0" 200
[2026-03-12 00:09:50] INFO uvicorn.access: 172.19.0.3:58136 - "POST /bd_models/ball/49/change/ HTTP/1.0" 302
[2026-03-12 00:09:55] INFO uvicorn.access: 172.19.0.3:58140 - "GET /bd_models/ball/49/change/ HTTP/1.0" 200
[2026-03-12 00:09:55] INFO uvicorn.access: 172.19.0.3:58142 - "GET /jsi18n/ HTTP/1.0" 200
[2026-03-12 00:09:56] INFO uvicorn.access: 172.19.0.3:58148 - "GET /ball/generate/49 HTTP/1.0" 200
[2026-03-12 00:10:14] INFO uvicorn.access: 172.19.0.3:51364 - "POST /bd_models/ball/49/change/ HTTP/1.0" 302
[2026-03-12 00:10:15] INFO uvicorn.access: 172.19.0.3:51372 - "GET /bd_models/ball/49/change/ HTTP/1.0" 200
[2026-03-12 00:10:15] INFO uvicorn.access: 172.19.0.3:51388 - "GET /jsi18n/ HTTP/1.0" 200
[2026-03-12 00:10:16] INFO uvicorn.access: 172.19.0.3:51404 - "GET /ball/generate/49 HTTP/1.0" 200
[2026-03-12 00:10:38] INFO uvicorn.access: 172.19.0.3:51142 - "POST /bd_models/ball/49/change/ HTTP/1.0" 302
[2026-03-12 00:10:38] INFO uvicorn.access: 172.19.0.3:51144 - "GET /bd_models/ball/49/change/ HTTP/1.0" 200
[2026-03-12 00:10:38] INFO uvicorn.access: 172.19.0.3:40122 - "GET /jsi18n/ HTTP/1.0" 200
[2026-03-12 00:10:39] INFO uvicorn.access: 172.19.0.3:40130 - "GET /ball/generate/49 HTTP/1.0" 200
[2026-03-12 00:10:52] INFO uvicorn.access: 172.19.0.3:56746 - "POST /bd_models/ball/49/change/ HTTP/1.0" 302
[2026-03-12 00:10:52] INFO uvicorn.access: 172.19.0.3:56756 - "GET /bd_models/ball/49/change/ HTTP/1.0" 200
[2026-03-12 00:10:52] INFO uvicorn.access: 172.19.0.3:56772 - "GET /jsi18n/ HTTP/1.0" 200
[2026-03-12 00:10:53] INFO uvicorn.access: 172.19.0.3:56784 - "GET /ball/generate/49 HTTP/1.0" 200
[2026-03-12 00:10:57] INFO uvicorn.access: 172.19.0.3:56796 - "POST /bd_models/ball/49/change/ HTTP/1.0" 302
[2026-03-12 00:10:58] INFO uvicorn.access: 172.19.0.3:56810 - "GET /bd_models/ball/ HTTP/1.0" 200
[2026-03-12 00:10:58] INFO uvicorn.access: 172.19.0.3:56820 - "GET /jsi18n/ HTTP/1.0" 200
[2026-03-12 00:11:05] INFO uvicorn.access: 172.19.0.3:50322 - "GET /bd_models/ball/8/change/ HTTP/1.0" 200
[2026-03-12 00:11:05] INFO uvicorn.access: 172.19.0.3:50324 - "GET /jsi18n/ HTTP/1.0" 200
[2026-03-12 00:11:07] INFO uvicorn.access: 172.19.0.3:50328 - "GET /ball/generate/8 HTTP/1.0" 200
[2026-03-12 00:11:22] INFO uvicorn.access: 172.19.0.3:46594 - "POST /bd_models/ball/8/change/ HTTP/1.0" 302
[2026-03-12 00:11:22] INFO uvicorn.access: 172.19.0.3:46598 - "GET /bd_models/ball/8/change/ HTTP/1.0" 200
[2026-03-12 00:11:22] INFO uvicorn.access: 172.19.0.3:46612 - "GET /jsi18n/ HTTP/1.0" 200
[2026-03-12 00:11:23] INFO uvicorn.access: 172.19.0.3:46622 - "GET /ball/generate/8 HTTP/1.0" 200
[2026-03-12 00:11:25] INFO uvicorn.access: 172.19.0.3:46626 - "POST /bd_models/ball/8/change/ HTTP/1.0" 302
[2026-03-12 00:11:25] INFO uvicorn.access: 172.19.0.3:46638 - "GET /bd_models/ball/ HTTP/1.0" 200
[2026-03-12 00:11:25] INFO uvicorn.access: 172.19.0.3:46640 - "GET /jsi18n/ HTTP/1.0" 200
[2026-03-12 00:11:50] INFO uvicorn.access: 172.19.0.3:35874 - "GET /bd_models/ball/2/change/ HTTP/1.0" 200
[2026-03-12 00:11:50] INFO uvicorn.access: 172.19.0.3:35882 - "GET /jsi18n/ HTTP/1.0" 200
[2026-03-12 00:11:51] INFO uvicorn.access: 172.19.0.3:35898 - "GET /ball/generate/2 HTTP/1.0" 200
[2026-03-12 00:12:02] INFO uvicorn.access: 172.19.0.3:45408 - "POST /bd_models/ball/2/change/ HTTP/1.0" 302
[2026-03-12 00:12:03] INFO uvicorn.access: 172.19.0.3:45418 - "GET /bd_models/ball/ HTTP/1.0" 200
[2026-03-12 00:12:03] INFO uvicorn.access: 172.19.0.3:45430 - "GET /jsi18n/ HTTP/1.0" 200
[2026-03-12 00:12:14] INFO uvicorn.access: 172.19.0.3:33214 - "GET /bd_models/ball/3/change/ HTTP/1.0" 200
[2026-03-12 00:12:14] INFO uvicorn.access: 172.19.0.3:33226 - "GET /jsi18n/ HTTP/1.0" 200
[2026-03-12 00:12:15] INFO uvicorn.access: 172.19.0.3:33234 - "GET /ball/generate/3 HTTP/1.0" 200
[2026-03-12 00:12:25] INFO uvicorn.access: 172.19.0.3:39698 - "POST /bd_models/ball/3/change/ HTTP/1.0" 302
[2026-03-12 00:12:25] INFO uvicorn.access: 172.19.0.3:39712 - "GET /bd_models/ball/ HTTP/1.0" 200
[2026-03-12 00:12:25] INFO uvicorn.access: 172.19.0.3:39728 - "GET /jsi18n/ HTTP/1.0" 200
[2026-03-12 00:12:44] INFO uvicorn.access: 172.19.0.3:33866 - "GET /bd_models/ball/1/change/ HTTP/1.0" 200
[2026-03-12 00:12:44] INFO uvicorn.access: 172.19.0.3:33876 - "GET /jsi18n/ HTTP/1.0" 200
[2026-03-12 00:12:45] INFO uvicorn.access: 172.19.0.3:33888 - "GET /ball/generate/1 HTTP/1.0" 200
[2026-03-12 00:12:49] INFO uvicorn.access: 172.19.0.3:58664 - "GET /bd_models/ball/ HTTP/1.0" 200
[2026-03-12 00:13:11] INFO uvicorn.access: 172.19.0.3:39726 - "GET /bd_models/ball/4/change/ HTTP/1.0" 200
[2026-03-12 00:13:11] INFO uvicorn.access: 172.19.0.3:39730 - "GET /jsi18n/ HTTP/1.0" 200
[2026-03-12 00:13:12] INFO uvicorn.access: 172.19.0.3:39740 - "GET /ball/generate/4 HTTP/1.0" 200
[2026-03-12 00:13:18] INFO uvicorn.access: 172.19.0.3:39748 - "GET /bd_models/ball/ HTTP/1.0" 200
[2026-03-12 00:13:27] INFO uvicorn.access: 172.19.0.3:58226 - "GET /bd_models/ball/5/change/ HTTP/1.0" 200
[2026-03-12 00:13:27] INFO uvicorn.access: 172.19.0.3:58234 - "GET /jsi18n/ HTTP/1.0" 200
[2026-03-12 00:13:29] INFO uvicorn.access: 172.19.0.3:58244 - "GET /ball/generate/5 HTTP/1.0" 200
[2026-03-12 00:13:39] INFO uvicorn.access: 172.19.0.3:47374 - "POST /bd_models/ball/5/change/ HTTP/1.0" 302
[2026-03-12 00:13:39] INFO uvicorn.access: 172.19.0.3:47380 - "GET /bd_models/ball/ HTTP/1.0" 200
[2026-03-12 00:13:39] INFO uvicorn.access: 172.19.0.3:47396 - "GET /jsi18n/ HTTP/1.0" 200
[2026-03-12 00:13:46] INFO uvicorn.access: 172.19.0.3:47398 - "GET /bd_models/ball/9/change/ HTTP/1.0" 200
[2026-03-12 00:13:48] INFO uvicorn.access: 172.19.0.3:47414 - "GET /jsi18n/ HTTP/1.0" 200
[2026-03-12 00:13:49] INFO uvicorn.access: 172.19.0.3:48964 - "GET /ball/generate/9 HTTP/1.0" 200
[2026-03-12 00:13:59] INFO uvicorn.access: 172.19.0.3:37134 - "GET /bd_models/ball/9/change/ HTTP/1.0" 200
[2026-03-12 00:14:01] INFO uvicorn.access: 172.19.0.3:37144 - "GET /jsi18n/ HTTP/1.0" 200
[2026-03-12 00:14:01] INFO uvicorn.access: 172.19.0.3:37146 - "GET /ball/generate/9 HTTP/1.0" 200
[2026-03-12 00:14:16] INFO uvicorn.access: 172.19.0.3:37742 - "POST /bd_models/ball/9/change/ HTTP/1.0" 302
[2026-03-12 00:14:16] INFO uvicorn.access: 172.19.0.3:37744 - "GET /bd_models/ball/9/change/ HTTP/1.0" 200
[2026-03-12 00:14:16] INFO uvicorn.access: 172.19.0.3:37752 - "GET /jsi18n/ HTTP/1.0" 200
[2026-03-12 00:14:17] INFO uvicorn.access: 172.19.0.3:37768 - "GET /ball/generate/9 HTTP/1.0" 200
[2026-03-12 00:14:26] INFO uvicorn.access: 172.19.0.3:54538 - "GET /bd_models/ball/10/change/ HTTP/1.0" 200
[2026-03-12 00:14:26] INFO uvicorn.access: 172.19.0.3:54548 - "GET /jsi18n/ HTTP/1.0" 200
[2026-03-12 00:14:27] INFO uvicorn.access: 172.19.0.3:54564 - "GET /ball/generate/10 HTTP/1.0" 200
[2026-03-12 00:14:33] INFO uvicorn.access: 172.19.0.3:36826 - "GET /bd_models/ball/ HTTP/1.0" 200
[2026-03-12 00:14:42] INFO uvicorn.access: 172.19.0.3:57430 - "GET /bd_models/ball/?_facets=True HTTP/1.0" 200
[2026-03-12 00:14:42] INFO uvicorn.access: 172.19.0.3:57444 - "GET /jsi18n/ HTTP/1.0" 200
[2026-03-12 00:14:45] INFO uvicorn.access: 172.19.0.3:57460 - "GET /bd_models/ball/ HTTP/1.0" 200
[2026-03-12 00:14:45] INFO uvicorn.access: 172.19.0.3:57476 - "GET /jsi18n/ HTTP/1.0" 200
[2026-03-12 00:14:51] INFO uvicorn.access: 172.19.0.3:35856 - "GET /bd_models/ball/?_facets=True HTTP/1.0" 200
[2026-03-12 00:14:52] INFO uvicorn.access: 172.19.0.3:35864 - "GET /jsi18n/ HTTP/1.0" 200
[2026-03-12 00:15:02] INFO uvicorn.access: 172.19.0.3:53564 - "GET /bd_models/ball/?_facets=True&created_at__gte=2026-03-12+00%3A00%3A00%2B00%3A00&created_at__lt=2026-03-13+00%3A00%3A00%2B00%3A00 HTTP/1.0" 200
[2026-03-12 00:15:02] INFO uvicorn.access: 172.19.0.3:53576 - "GET /jsi18n/ HTTP/1.0" 200
[2026-03-12 00:15:08] INFO uvicorn.access: 172.19.0.3:53580 - "GET /bd_models/ball/?_facets=True&created_at__isnull=False HTTP/1.0" 200
[2026-03-12 00:15:09] INFO uvicorn.access: 172.19.0.3:44060 - "GET /jsi18n/ HTTP/1.0" 200
[2026-03-12 00:15:15] INFO uvicorn.access: 172.19.0.3:44066 - "GET /bd_models/ball/?_facets=True&created_at__isnull=False&regime__id__exact=5 HTTP/1.0" 200
[2026-03-12 00:15:16] INFO uvicorn.access: 172.19.0.3:44070 - "GET /jsi18n/ HTTP/1.0" 200
[2026-03-12 00:15:51] INFO uvicorn.access: 172.19.0.3:39490 - "POST /bd_models/ball/9/change/ HTTP/1.0" 302
[2026-03-12 00:15:51] INFO uvicorn.access: 172.19.0.3:39506 - "GET /bd_models/ball/ HTTP/1.0" 200
[2026-03-12 00:15:52] INFO uvicorn.access: 172.19.0.3:39520 - "GET /jsi18n/ HTTP/1.0" 200
[2026-03-12 00:15:57] INFO uvicorn.access: 172.19.0.3:39526 - "GET /bd_models/ball/?o=6 HTTP/1.0" 200
[2026-03-12 00:15:57] INFO uvicorn.access: 172.19.0.3:39530 - "GET /jsi18n/ HTTP/1.0" 200
[2026-03-12 00:15:59] INFO uvicorn.access: 172.19.0.3:45790 - "GET /bd_models/ball/?o=4.6 HTTP/1.0" 200
[2026-03-12 00:15:59] INFO uvicorn.access: 172.19.0.3:45802 - "GET /jsi18n/ HTTP/1.0" 200
[2026-03-12 00:16:21] INFO uvicorn.access: 172.19.0.3:32776 - "POST /bd_models/ball/?o=4.6 HTTP/1.0" 302
[2026-03-12 00:16:21] INFO uvicorn.access: 172.19.0.3:32786 - "GET /bd_models/ball/?o=4.6 HTTP/1.0" 200
[2026-03-12 00:16:22] INFO uvicorn.access: 172.19.0.3:32800 - "GET /jsi18n/ HTTP/1.0" 200
[2026-03-12 00:16:30] INFO uvicorn.access: 172.19.0.3:36566 - "POST /bd_models/ball/?o=4.6 HTTP/1.0" 302
[2026-03-12 00:16:31] INFO uvicorn.access: 172.19.0.3:36570 - "GET /bd_models/ball/?o=4.6 HTTP/1.0" 200
[2026-03-12 00:16:31] INFO uvicorn.access: 172.19.0.3:36582 - "GET /jsi18n/ HTTP/1.0" 200
[2026-03-12 00:17:22] INFO uvicorn.access: 172.19.0.3:47454 - "GET /bd_models/ball/13/change/?_changelist_filters=o%3D4.6 HTTP/1.0" 200
[2026-03-12 00:17:23] INFO uvicorn.access: 172.19.0.3:47456 - "GET /jsi18n/ HTTP/1.0" 200
[2026-03-12 00:17:26] INFO uvicorn.access: 172.19.0.3:47470 - "GET /ball/generate/13 HTTP/1.0" 200
[2026-03-12 00:19:02] INFO uvicorn.access: 172.19.0.3:46692 - "GET /bd_models/ball/add/?_changelist_filters=o%3D4.6 HTTP/1.0" 200
[2026-03-12 00:19:02] INFO uvicorn.access: 172.19.0.3:46702 - "GET /jsi18n/ HTTP/1.0" 200
[2026-03-12 00:23:20] INFO uvicorn.access: 172.19.0.3:48750 - "GET /autocomplete/?app_label=bd_models&model_name=ball&field_name=economy HTTP/1.0" 200
[2026-03-12 00:23:22] INFO uvicorn.access: 172.19.0.3:48762 - "GET /autocomplete/?app_label=bd_models&model_name=ball&field_name=regime HTTP/1.0" 200
[2026-03-12 00:23:43] INFO uvicorn.access: 172.19.0.3:42880 - "POST /bd_models/ball/add/?_changelist_filters=o%3D4.6 HTTP/1.0" 200
[2026-03-12 00:23:43] INFO uvicorn.access: 172.19.0.3:42896 - "GET /jsi18n/ HTTP/1.0" 200
[2026-03-12 00:23:55] INFO uvicorn.access: 172.19.0.3:50632 - "POST /bd_models/ball/add/?_changelist_filters=o%3D4.6 HTTP/1.0" 200
[2026-03-12 00:23:56] INFO uvicorn.access: 172.19.0.3:50634 - "GET /jsi18n/ HTTP/1.0" 200
[2026-03-12 00:24:00] INFO uvicorn.access: 172.19.0.3:38866 - "GET /autocomplete/?app_label=bd_models&model_name=ball&field_name=economy HTTP/1.0" 200
[2026-03-12 00:24:14] INFO uvicorn.access: 172.19.0.3:52520 - "POST /bd_models/ball/add/?_changelist_filters=o%3D4.6 HTTP/1.0" 302
[2026-03-12 00:24:14] INFO uvicorn.access: 172.19.0.3:52532 - "GET /bd_models/ball/50/change/?_changelist_filters=o%3D4.6 HTTP/1.0" 200
[2026-03-12 00:24:14] INFO uvicorn.access: 172.19.0.3:52540 - "GET /jsi18n/ HTTP/1.0" 200
[2026-03-12 00:24:15] INFO uvicorn.access: 172.19.0.3:52554 - "GET /ball/generate/50 HTTP/1.0" 200
[2026-03-12 00:28:05] INFO uvicorn.access: 172.19.0.3:46374 - "POST /bd_models/ball/50/change/?_changelist_filters=o%3D4.6 HTTP/1.0" 302
[2026-03-12 00:28:05] INFO uvicorn.access: 172.19.0.3:46388 - "GET /bd_models/ball/?o=4.6 HTTP/1.0" 200
[2026-03-12 00:28:05] INFO uvicorn.access: 172.19.0.3:46392 - "GET /jsi18n/ HTTP/1.0" 200
[2026-03-12 00:28:14] INFO uvicorn.access: 172.19.0.3:42454 - "GET /bd_models/ball/50/change/?_changelist_filters=o%3D4.6 HTTP/1.0" 200
[2026-03-12 00:28:15] INFO uvicorn.access: 172.19.0.3:42468 - "GET /jsi18n/ HTTP/1.0" 200
[2026-03-12 00:28:16] INFO uvicorn.access: 172.19.0.3:42478 - "GET /ball/generate/50 HTTP/1.0" 200
[2026-03-12 00:28:26] INFO uvicorn.access: 172.19.0.3:40162 - "POST /bd_models/ball/50/change/?_changelist_filters=o%3D4.6 HTTP/1.0" 302
[2026-03-12 00:28:27] INFO uvicorn.access: 172.19.0.3:40170 - "GET /bd_models/ball/50/change/?_changelist_filters=o%3D4.6 HTTP/1.0" 200
[2026-03-12 00:28:27] INFO uvicorn.access: 172.19.0.3:40172 - "GET /jsi18n/ HTTP/1.0" 200
[2026-03-12 00:28:28] INFO uvicorn.access: 172.19.0.3:40180 - "GET /ball/generate/50 HTTP/1.0" 200
[2026-03-12 00:30:56] INFO uvicorn.access: 172.19.0.3:47686 - "POST /bd_models/ball/50/change/?_changelist_filters=o%3D4.6 HTTP/1.0" 302
[2026-03-12 00:30:56] INFO uvicorn.access: 172.19.0.3:47688 - "GET /bd_models/ball/?o=4.6 HTTP/1.0" 200
[2026-03-12 00:30:57] INFO uvicorn.access: 172.19.0.3:47690 - "GET /jsi18n/ HTTP/1.0" 200
[2026-03-12 00:31:25] INFO uvicorn.access: 172.19.0.3:46126 - "GET /bd_models/ball/?o=-4.6 HTTP/1.0" 200
[2026-03-12 00:31:25] INFO uvicorn.access: 172.19.0.3:46136 - "GET /jsi18n/ HTTP/1.0" 200
[2026-03-12 00:31:30] INFO uvicorn.access: 172.19.0.3:45566 - "GET /bd_models/ball/?o=-4 HTTP/1.0" 200
[2026-03-12 00:31:30] INFO uvicorn.access: 172.19.0.3:45574 - "GET /jsi18n/ HTTP/1.0" 200
[2026-03-12 00:31:33] INFO uvicorn.access: 172.19.0.3:45576 - "GET /bd_models/ball/?o= HTTP/1.0" 200
[2026-03-12 00:31:33] INFO uvicorn.access: 172.19.0.3:45580 - "GET /jsi18n/ HTTP/1.0" 200
[2026-03-12 00:32:25] INFO uvicorn.access: 172.19.0.3:38510 - "GET /bd_models/ball/add/?_changelist_filters=o%3D HTTP/1.0" 200
[2026-03-12 00:32:26] INFO uvicorn.access: 172.19.0.3:38524 - "GET /jsi18n/ HTTP/1.0" 200
[2026-03-12 00:36:14] INFO uvicorn.access: 172.19.0.3:47568 - "GET /autocomplete/?app_label=bd_models&model_name=ball&field_name=regime HTTP/1.0" 200
[2026-03-12 00:36:26] INFO uvicorn.access: 172.19.0.3:33628 - "POST /bd_models/ball/add/?_changelist_filters=o%3D HTTP/1.0" 302
[2026-03-12 00:36:27] INFO uvicorn.access: 172.19.0.3:33630 - "GET /bd_models/ball/51/change/?_changelist_filters=o%3D HTTP/1.0" 200
[2026-03-12 00:36:28] INFO uvicorn.access: 172.19.0.3:33638 - "GET /jsi18n/ HTTP/1.0" 200
[2026-03-12 00:36:29] INFO uvicorn.access: 172.19.0.3:33644 - "GET /ball/generate/51 HTTP/1.0" 200
[2026-03-12 00:36:56] INFO uvicorn.access: 172.19.0.3:58748 - "POST /bd_models/ball/51/change/?_changelist_filters=o%3D HTTP/1.0" 302
[2026-03-12 00:36:57] INFO uvicorn.access: 172.19.0.3:58762 - "GET /bd_models/ball/51/change/?_changelist_filters=o%3D HTTP/1.0" 200
[2026-03-12 00:36:57] INFO uvicorn.access: 172.19.0.3:58768 - "GET /jsi18n/ HTTP/1.0" 200
[2026-03-12 00:36:58] INFO uvicorn.access: 172.19.0.3:58774 - "GET /ball/generate/51 HTTP/1.0" 200
[2026-03-12 00:37:07] INFO uvicorn.access: 172.19.0.3:59574 - "POST /bd_models/ball/51/change/?_changelist_filters=o%3D HTTP/1.0" 302
[2026-03-12 00:37:07] INFO uvicorn.access: 172.19.0.3:59584 - "GET /bd_models/ball/51/change/?_changelist_filters=o%3D HTTP/1.0" 200
[2026-03-12 00:37:08] INFO uvicorn.access: 172.19.0.3:59590 - "GET /jsi18n/ HTTP/1.0" 200
[2026-03-12 00:37:09] INFO uvicorn.access: 172.19.0.3:59600 - "GET /ball/generate/51 HTTP/1.0" 200
[2026-03-12 00:37:12] INFO uvicorn.access: 172.19.0.3:36680 - "GET /bd_models/ball/ HTTP/1.0" 200
[2026-03-12 00:37:13] INFO uvicorn.access: 172.19.0.3:36688 - "GET /jsi18n/ HTTP/1.0" 200
[2026-03-12 00:37:54] INFO uvicorn.access: 172.19.0.3:45822 - "GET /bd_models/ball/add/ HTTP/1.0" 200
[2026-03-12 00:37:54] INFO uvicorn.access: 172.19.0.3:45836 - "GET /jsi18n/ HTTP/1.0" 200
[2026-03-12 00:45:14] INFO uvicorn.access: 172.19.0.3:51044 - "GET /autocomplete/?app_label=bd_models&model_name=ball&field_name=regime HTTP/1.0" 200
[2026-03-12 00:46:23] INFO uvicorn.access: 172.19.0.3:32940 - "POST /bd_models/ball/add/ HTTP/1.0" 302
[2026-03-12 00:46:24] INFO uvicorn.access: 172.19.0.3:32950 - "GET /bd_models/ball/52/change/ HTTP/1.0" 200
[2026-03-12 00:46:24] INFO uvicorn.access: 172.19.0.3:32960 - "GET /jsi18n/ HTTP/1.0" 200
[2026-03-12 00:46:26] INFO uvicorn.access: 172.19.0.3:32972 - "GET /ball/generate/52 HTTP/1.0" 200
[2026-03-12 00:46:34] INFO uvicorn.access: 172.19.0.3:40334 - "POST /bd_models/ball/52/change/ HTTP/1.0" 302
[2026-03-12 00:46:34] INFO uvicorn.access: 172.19.0.3:40346 - "GET /bd_models/ball/52/change/ HTTP/1.0" 200
[2026-03-12 00:46:34] INFO uvicorn.access: 172.19.0.3:40354 - "GET /jsi18n/ HTTP/1.0" 200
[2026-03-12 00:46:36] INFO uvicorn.access: 172.19.0.3:40358 - "GET /ball/generate/52 HTTP/1.0" 200
[2026-03-12 00:46:56] INFO uvicorn.access: 172.19.0.3:49102 - "POST /bd_models/ball/52/change/ HTTP/1.0" 302
[2026-03-12 00:46:56] INFO uvicorn.access: 172.19.0.3:49104 - "GET /bd_models/ball/ HTTP/1.0" 200
[2026-03-12 00:46:56] INFO uvicorn.access: 172.19.0.3:49110 - "GET /jsi18n/ HTTP/1.0" 200
[2026-03-12 00:47:10] INFO uvicorn.access: 172.19.0.3:46200 - "POST /bd_models/ball/ HTTP/1.0" 302
[2026-03-12 00:47:10] INFO uvicorn.access: 172.19.0.3:46214 - "GET /bd_models/ball/ HTTP/1.0" 200
[2026-03-12 00:47:11] INFO uvicorn.access: 172.19.0.3:46224 - "GET /jsi18n/ HTTP/1.0" 200
[2026-03-12 00:47:47] INFO uvicorn.access: 172.19.0.3:57002 - "GET /bd_models/ball/?o=5 HTTP/1.0" 200
[2026-03-12 00:47:47] INFO uvicorn.access: 172.19.0.3:57010 - "GET /jsi18n/ HTTP/1.0" 200
[2026-03-12 00:47:49] INFO uvicorn.access: 172.19.0.3:60126 - "GET /bd_models/ball/?o=6.5 HTTP/1.0" 200
[2026-03-12 00:47:50] INFO uvicorn.access: 172.19.0.3:60134 - "GET /jsi18n/ HTTP/1.0" 200
[2026-03-12 00:48:05] INFO uvicorn.access: 172.19.0.3:59880 - "POST /bd_models/ball/?o=6.5 HTTP/1.0" 302
[2026-03-12 00:48:06] INFO uvicorn.access: 172.19.0.3:59896 - "GET /bd_models/ball/?o=6.5 HTTP/1.0" 200
[2026-03-12 00:48:06] INFO uvicorn.access: 172.19.0.3:59912 - "GET /jsi18n/ HTTP/1.0" 200
[2026-03-12 00:48:25] INFO uvicorn.access: 172.19.0.3:43548 - "GET /bd_models/ball/?o=6 HTTP/1.0" 200
[2026-03-12 00:48:25] INFO uvicorn.access: 172.19.0.3:43562 - "GET /jsi18n/ HTTP/1.0" 200
[2026-03-12 00:48:30] INFO uvicorn.access: 172.19.0.3:45152 - "GET /bd_models/ball/?o=7.6 HTTP/1.0" 200
[2026-03-12 00:48:30] INFO uvicorn.access: 172.19.0.3:45160 - "GET /jsi18n/ HTTP/1.0" 200
[2026-03-12 00:49:14] INFO uvicorn.access: 172.19.0.3:56166 - "POST /bd_models/ball/?o=7.6 HTTP/1.0" 302
[2026-03-12 00:49:14] INFO uvicorn.access: 172.19.0.3:56182 - "GET /bd_models/ball/?o=7.6 HTTP/1.0" 200
[2026-03-12 00:49:15] INFO uvicorn.access: 172.19.0.3:56184 - "GET /jsi18n/ HTTP/1.0" 200
[2026-03-12 00:49:23] INFO uvicorn.access: 172.19.0.3:38394 - "GET /bd_models/ball/ HTTP/1.0" 200
[2026-03-12 00:49:23] INFO uvicorn.access: 172.19.0.3:38410 - "GET /jsi18n/ HTTP/1.0" 200
[2026-03-12 00:49:26] INFO uvicorn.access: 172.19.0.3:38422 - "GET /bd_models/ball/?created_at__gte=2026-03-12+00%3A00%3A00%2B00%3A00&created_at__lt=2026-03-13+00%3A00%3A00%2B00%3A00 HTTP/1.0" 200
[2026-03-12 00:49:26] INFO uvicorn.access: 172.19.0.3:38436 - "GET /jsi18n/ HTTP/1.0" 200
[2026-03-12 00:49:52] INFO ballsdex.core.bot: Cache loaded, summary displayed below:
[2026-03-12 00:49:56] INFO uvicorn.access: 172.19.0.3:44792 - "GET /bd_models/special/ HTTP/1.0" 200
[2026-03-12 00:49:56] INFO uvicorn.access: 172.19.0.3:44798 - "GET /jsi18n/ HTTP/1.0" 200
[2026-03-12 00:53:47] INFO ballsdex: Received SIGTERM, stopping the bot...
[2026-03-12 00:53:53] INFO uvicorn.error: Shutting down
[2026-03-12 00:53:53] INFO uvicorn.error: Finished server process [1]
[2026-03-12 01:06:39] INFO uvicorn.error: Started server process [1]
[2026-03-12 01:06:39] INFO uvicorn.error: Waiting for application startup.
[2026-03-12 01:06:39] INFO uvicorn.error: ASGI 'lifespan' protocol appears unsupported.
[2026-03-12 01:06:39] INFO uvicorn.error: Application startup complete.
[2026-03-12 01:06:39] INFO uvicorn.error: Uvicorn running on http://0.0.0.0:8000 (Press CTRL+C to quit)
[2026-03-12 01:06:39] INFO ballsdex: Initialized bot, connecting to Discord...
[2026-03-12 01:06:39] INFO discord.client: logging in using static token
[2026-03-12 01:06:40] INFO settings.apps: Settings read successfully.
[2026-03-12 01:06:42] INFO ballsdex.core.bot: Starting up with None shards...
[2026-03-12 01:06:43] INFO discord.gateway: Shard ID 0 has connected to Gateway (Session ID: 8631cd36f2232b796d9cb890b267acf3).
[2026-03-12 01:06:45] INFO ballsdex.core.bot: Successfully logged in as OCDEX#2184 (1459614981937954931)!
[2026-03-12 01:06:45] INFO ballsdex.core.bot: lomadinthe2nd is the owner of this bot.
[2026-03-12 01:06:45] INFO ballsdex.core.bot: Cache loaded, summary displayed below:
[2026-03-12 01:06:45] INFO ballsdex.core.bot: Loading packages...
[2026-03-12 01:06:47] INFO ballsdex.packages.countryballs: Loaded 8 guilds in cache.
[2026-03-12 01:06:48] INFO ballsdex.core.bot: Packages loaded: admin, balls, guildconfig, countryballs, info, players, trade
[2026-03-12 01:06:48] INFO ballsdex.core.bot: Syncing global commands...
[2026-03-12 01:06:51] INFO ballsdex.core.bot: Synced 7 global commands.
[2026-03-12 01:17:41] INFO uvicorn.access: 172.19.0.3:38566 - "GET /bd_models/player/ HTTP/1.0" 200
[2026-03-12 01:17:43] INFO uvicorn.access: 172.19.0.3:46100 - "GET /jsi18n/ HTTP/1.0" 200
[2026-03-12 01:25:46] INFO uvicorn.access: 172.19.0.3:56930 - "GET /bd_models/ball/ HTTP/1.0" 200
[2026-03-12 01:25:47] INFO uvicorn.access: 172.19.0.3:56934 - "GET /jsi18n/ HTTP/1.0" 200
[2026-03-12 01:26:03] INFO uvicorn.access: 172.19.0.3:44180 - "GET /bd_models/ball/add/ HTTP/1.0" 200
[2026-03-12 01:26:03] INFO uvicorn.access: 172.19.0.3:44190 - "GET /jsi18n/ HTTP/1.0" 200
[2026-03-12 01:29:18] INFO uvicorn.access: 172.19.0.3:40812 - "GET /autocomplete/?app_label=bd_models&model_name=ball&field_name=regime HTTP/1.0" 200
[2026-03-12 01:29:22] INFO uvicorn.access: 172.19.0.3:40826 - "POST /bd_models/ball/add/ HTTP/1.0" 302
[2026-03-12 01:29:23] INFO uvicorn.access: 172.19.0.3:40842 - "GET /bd_models/ball/53/change/ HTTP/1.0" 200
[2026-03-12 01:29:23] INFO uvicorn.access: 172.19.0.3:40854 - "GET /jsi18n/ HTTP/1.0" 200
[2026-03-12 01:29:24] INFO uvicorn.access: 172.19.0.3:40862 - "GET /ball/generate/53 HTTP/1.0" 200
[2026-03-12 01:29:41] INFO uvicorn.access: 172.19.0.3:56482 - "POST /bd_models/ball/53/change/ HTTP/1.0" 302
[2026-03-12 01:29:41] INFO uvicorn.access: 172.19.0.3:56490 - "GET /bd_models/ball/53/change/ HTTP/1.0" 200
[2026-03-12 01:29:41] INFO uvicorn.access: 172.19.0.3:56506 - "GET /jsi18n/ HTTP/1.0" 200
[2026-03-12 01:29:44] INFO uvicorn.access: 172.19.0.3:56518 - "GET /ball/generate/53 HTTP/1.0" 200
[2026-03-12 01:30:17] INFO uvicorn.access: 172.19.0.3:57034 - "POST /bd_models/ball/53/change/ HTTP/1.0" 302
[2026-03-12 01:30:17] INFO uvicorn.access: 172.19.0.3:57038 - "GET /bd_models/ball/53/change/ HTTP/1.0" 200
[2026-03-12 01:30:17] INFO uvicorn.access: 172.19.0.3:57052 - "GET /jsi18n/ HTTP/1.0" 200
[2026-03-12 01:30:18] INFO uvicorn.access: 172.19.0.3:57060 - "GET /ball/generate/53 HTTP/1.0" 200
[2026-03-12 01:30:36] INFO uvicorn.access: 172.19.0.3:55980 - "POST /bd_models/ball/53/change/ HTTP/1.0" 302
[2026-03-12 01:30:37] INFO uvicorn.access: 172.19.0.3:55984 - "GET /bd_models/ball/53/change/ HTTP/1.0" 200
[2026-03-12 01:30:37] INFO uvicorn.access: 172.19.0.3:55994 - "GET /jsi18n/ HTTP/1.0" 200
[2026-03-12 01:30:38] INFO uvicorn.access: 172.19.0.3:56010 - "GET /ball/generate/53 HTTP/1.0" 200
[2026-03-12 01:30:41] INFO uvicorn.access: 172.19.0.3:47782 - "GET /bd_models/ball/ HTTP/1.0" 200
[2026-03-12 01:30:41] INFO uvicorn.access: 172.19.0.3:47794 - "GET /jsi18n/ HTTP/1.0" 200
[2026-03-12 01:31:01] INFO uvicorn.access: 172.19.0.3:40332 - "POST /bd_models/ball/ HTTP/1.0" 302
[2026-03-12 01:31:01] INFO uvicorn.access: 172.19.0.3:40336 - "GET /bd_models/ball/ HTTP/1.0" 200
[2026-03-12 01:31:01] INFO uvicorn.access: 172.19.0.3:40350 - "GET /jsi18n/ HTTP/1.0" 200
[2026-03-12 01:31:03] INFO uvicorn.access: 172.19.0.3:40354 - "GET /bd_models/ball/?o=4 HTTP/1.0" 200
[2026-03-12 01:31:03] INFO uvicorn.access: 172.19.0.3:40370 - "GET /jsi18n/ HTTP/1.0" 200
[2026-03-12 01:31:09] INFO uvicorn.access: 172.19.0.3:47682 - "GET /bd_models/ball/?created_at__gte=2026-03-12+00%3A00%3A00%2B00%3A00&created_at__lt=2026-03-13+00%3A00%3A00%2B00%3A00&o=4 HTTP/1.0" 200
[2026-03-12 01:31:10] INFO uvicorn.access: 172.19.0.3:47684 - "GET /jsi18n/ HTTP/1.0" 200
[2026-03-12 01:31:25] INFO ballsdex.core.bot: Cache loaded, summary displayed below:
[2026-03-12 01:32:14] INFO uvicorn.access: 172.19.0.3:38142 - "GET /bd_models/ball/?created_at__gte=2026-03-12+00%3A00%3A00%2B00%3A00&created_at__lt=2026-03-13+00%3A00%3A00%2B00%3A00&o=1.4 HTTP/1.0" 200
[2026-03-12 01:32:15] INFO uvicorn.access: 172.19.0.3:38156 - "GET /jsi18n/ HTTP/1.0" 200
[2026-03-12 01:33:21] INFO uvicorn.access: 172.19.0.3:35568 - "GET /bd_models/ HTTP/1.0" 200
[2026-03-12 01:33:25] INFO uvicorn.access: 172.19.0.3:35578 - "GET /bd_models/special/ HTTP/1.0" 200
[2026-03-12 01:33:25] INFO uvicorn.access: 172.19.0.3:35590 - "GET /jsi18n/ HTTP/1.0" 200
[2026-03-12 01:36:25] INFO ballsdex.packages.admin.balls: lomadinthe2nd spawned oc random 7 times in ┆ocdex-⚛️.
[2026-03-12 01:36:41] INFO uvicorn.access: 172.19.0.3:33550 - "GET /bd_models/ball/ HTTP/1.0" 200
[2026-03-12 01:36:41] INFO uvicorn.access: 172.19.0.3:33566 - "GET /jsi18n/ HTTP/1.0" 200
[2026-03-12 01:39:35] INFO uvicorn.access: 172.19.0.3:36896 - "GET /settings/settings/ HTTP/1.0" 200
[2026-03-12 01:39:35] INFO uvicorn.access: 172.19.0.3:36900 - "GET /jsi18n/ HTTP/1.0" 200
[2026-03-12 01:39:38] INFO uvicorn.access: 172.19.0.3:36906 - "GET /settings/settings/1/change/ HTTP/1.0" 200
[2026-03-12 01:39:38] INFO uvicorn.access: 172.19.0.3:36908 - "GET /jsi18n/ HTTP/1.0" 200
[2026-03-12 01:53:00] INFO discord.gateway: Shard ID 0 has successfully RESUMED session 8631cd36f2232b796d9cb890b267acf3.
[2026-03-12 02:05:05] WARNING discord.gateway: Can't keep up, shard ID 0 websocket is 24.5s behind.
[2026-03-12 02:05:06] WARNING discord.gateway: Can't keep up, shard ID 0 websocket is 24.6s behind.
[2026-03-12 02:08:32] INFO discord.gateway: Shard ID 0 has successfully RESUMED session 8631cd36f2232b796d9cb890b267acf3.
[2026-03-12 02:33:09] INFO discord.gateway: Shard ID 0 has successfully RESUMED session 8631cd36f2232b796d9cb890b267acf3.
[2026-03-12 06:12:29] INFO discord.gateway: Shard ID 0 has successfully RESUMED session 8631cd36f2232b796d9cb890b267acf3.
[2026-03-12 08:07:35] INFO discord.gateway: Shard ID 0 has successfully RESUMED session 8631cd36f2232b796d9cb890b267acf3.
[2026-03-12 09:08:46] INFO discord.gateway: Shard ID 0 has successfully RESUMED session 8631cd36f2232b796d9cb890b267acf3.
[2026-03-12 10:21:58] INFO uvicorn.access: 172.19.0.3:56466 - "GET / HTTP/1.0" 200
[2026-03-12 10:21:59] WARNING django.request: Not Found: /favicon.ico
[2026-03-12 10:21:59] INFO uvicorn.access: 172.19.0.3:51558 - "GET /favicon.ico HTTP/1.0" 404
[2026-03-12 10:22:01] INFO uvicorn.access: 172.19.0.3:51566 - "GET /social_django/usersocialauth/ HTTP/1.0" 200
[2026-03-12 10:22:01] INFO uvicorn.access: 172.19.0.3:51576 - "GET /jsi18n/ HTTP/1.0" 200
[2026-03-12 10:22:03] INFO uvicorn.access: 172.19.0.3:51588 - "GET / HTTP/1.0" 200
[2026-03-12 10:22:05] INFO uvicorn.access: 172.19.0.3:51590 - "GET /bd_models/player/ HTTP/1.0" 200
[2026-03-12 10:22:05] INFO uvicorn.access: 172.19.0.3:51592 - "GET /jsi18n/ HTTP/1.0" 200
[2026-03-12 10:22:06] INFO uvicorn.access: 172.19.0.3:51598 - "GET / HTTP/1.0" 200
[2026-03-12 10:22:08] INFO uvicorn.access: 172.19.0.3:51614 - "GET /bd_models/ball/ HTTP/1.0" 200
[2026-03-12 10:22:08] INFO uvicorn.access: 172.19.0.3:51620 - "GET /jsi18n/ HTTP/1.0" 200
[2026-03-12 10:22:11] INFO uvicorn.access: 172.19.0.3:50586 - "GET /bd_models/ball/50/change/ HTTP/1.0" 200
[2026-03-12 10:22:12] INFO uvicorn.access: 172.19.0.3:50602 - "GET /jsi18n/ HTTP/1.0" 200
[2026-03-12 10:22:17] INFO uvicorn.access: 172.19.0.3:50608 - "GET /ball/generate/50 HTTP/1.0" 200
[2026-03-12 10:22:29] INFO uvicorn.access: 172.19.0.3:54936 - "POST /bd_models/ball/50/change/ HTTP/1.0" 302
[2026-03-12 10:22:29] INFO uvicorn.access: 172.19.0.3:54938 - "GET /bd_models/ball/50/change/ HTTP/1.0" 200
[2026-03-12 10:22:30] INFO uvicorn.access: 172.19.0.3:54948 - "GET /jsi18n/ HTTP/1.0" 200
[2026-03-12 10:22:31] INFO uvicorn.access: 172.19.0.3:54954 - "GET /ball/generate/50 HTTP/1.0" 200
[2026-03-12 10:28:00] INFO ballsdex.packages.admin.balls: lomadinthe2nd spawned oc random 5 times in ┆ocdex-⚛️.
[2026-03-12 12:31:12] INFO uvicorn.access: 172.19.0.3:50658 - "GET /bd_models/ball/50/change/ HTTP/1.0" 200
[2026-03-12 12:31:13] WARNING django.request: Not Found: /favicon.ico
[2026-03-12 12:31:13] INFO uvicorn.access: 172.19.0.3:50664 - "GET /favicon.ico HTTP/1.0" 404
[2026-03-12 12:45:13] INFO ballsdex.packages.admin.balls: lomadinthe2nd spawned oc random 5 times in ┆ocdex-⚛️.
[2026-03-12 12:45:26] INFO discord.gateway: Shard ID 0 has successfully RESUMED session 8631cd36f2232b796d9cb890b267acf3.
[2026-03-12 13:52:41] INFO discord.gateway: Shard ID 0 has successfully RESUMED session 8631cd36f2232b796d9cb890b267acf3.
[2026-03-12 14:57:32] INFO discord.gateway: Shard ID 0 has successfully RESUMED session 8631cd36f2232b796d9cb890b267acf3.
[2026-03-12 15:35:44] INFO discord.gateway: Shard ID 0 has successfully RESUMED session 8631cd36f2232b796d9cb890b267acf3.
[2026-03-12 16:47:24] INFO ballsdex.packages.admin.balls: lomadinthe2nd spawned oc random 6 times in ┆ocdex-⚛️.
[2026-03-12 17:17:11] INFO ballsdex.packages.admin.balls: lomadinthe2nd spawned oc Klover in ︴ocdex-testing-💿.
[2026-03-12 18:39:03] INFO discord.gateway: Shard ID 0 has successfully RESUMED session 8631cd36f2232b796d9cb890b267acf3.
[2026-03-12 19:26:44] WARNING discord.gateway: Can't keep up, shard ID 0 websocket is 14.5s behind.
[2026-03-12 20:12:43] INFO ballsdex.packages.admin.balls: lomadinthe2nd spawned oc random 8 times in ┆ocdex-⚛️.
[2026-03-12 20:27:31] INFO discord.gateway: Shard ID 0 has successfully RESUMED session 8631cd36f2232b796d9cb890b267acf3.
[2026-03-12 20:40:32] ERROR ballsdex.packages.countryballs: Failed to spawn ball
Traceback (most recent call last):
  File "/opt/venv/lib/python3.14/site-packages/ballsdex/packages/countryballs/countryball.py", line 261, in spawn
    self.message = await channel.send(
                   ^^^^^^^^^^^^^^^^^^^
        spawn_message, view=self, file=discord.File(self.model.wild_card.path, filename=file_name)
        ^^^^^^^^^^^^^^^^^^^^^^^^^^^^^^^^^^^^^^^^^^^^^^^^^^^^^^^^^^^^^^^^^^^^^^^^^^^^^^^^^^^^^^^^^^
    )
    ^
  File "/opt/venv/lib/python3.14/site-packages/discord/abc.py", line 1706, in send
    data = await state.http.send_message(channel.id, params=params)
           ^^^^^^^^^^^^^^^^^^^^^^^^^^^^^^^^^^^^^^^^^^^^^^^^^^^^^^^^
  File "/opt/venv/lib/python3.14/site-packages/discord/http.py", line 771, in request
    raise DiscordServerError(response, data)
discord.errors.DiscordServerError: 503 Service Unavailable (error code: 0): upstream connect error or disconnect/reset before headers. reset reason: overflow
[2026-03-12 20:40:42] INFO ballsdex.packages.admin.balls: lomadinthe2nd spawned oc random 3 times in ┆ocdex-⚛️.
[2026-03-12 20:42:17] ERROR ballsdex.packages.countryballs: Failed to spawn ball
Traceback (most recent call last):
  File "/opt/venv/lib/python3.14/site-packages/ballsdex/packages/countryballs/countryball.py", line 261, in spawn
    self.message = await channel.send(
                   ^^^^^^^^^^^^^^^^^^^
        spawn_message, view=self, file=discord.File(self.model.wild_card.path, filename=file_name)
        ^^^^^^^^^^^^^^^^^^^^^^^^^^^^^^^^^^^^^^^^^^^^^^^^^^^^^^^^^^^^^^^^^^^^^^^^^^^^^^^^^^^^^^^^^^
    )
    ^
  File "/opt/venv/lib/python3.14/site-packages/discord/abc.py", line 1706, in send
    data = await state.http.send_message(channel.id, params=params)
           ^^^^^^^^^^^^^^^^^^^^^^^^^^^^^^^^^^^^^^^^^^^^^^^^^^^^^^^^
  File "/opt/venv/lib/python3.14/site-packages/discord/http.py", line 771, in request
    raise DiscordServerError(response, data)
discord.errors.DiscordServerError: 503 Service Unavailable (error code: 0): upstream connect error or disconnect/reset before headers. reset reason: overflow
[2026-03-12 20:42:38] INFO ballsdex.packages.admin.balls: lomadinthe2nd spawned oc random 2 times in ┆ocdex-⚛️.
[2026-03-12 21:07:38] INFO discord.gateway: Shard ID 0 has successfully RESUMED session 8631cd36f2232b796d9cb890b267acf3.
[2026-03-12 21:35:23] INFO discord.gateway: Shard ID 0 has successfully RESUMED session 8631cd36f2232b796d9cb890b267acf3.
[2026-03-12 22:29:03] INFO discord.gateway: Shard ID 0 has successfully RESUMED session 8631cd36f2232b796d9cb890b267acf3.
[2026-03-13 00:33:02] INFO discord.gateway: Shard ID 0 has successfully RESUMED session 8631cd36f2232b796d9cb890b267acf3.
[2026-03-13 01:07:36] INFO discord.gateway: Shard ID 0 has successfully RESUMED session 8631cd36f2232b796d9cb890b267acf3.
[2026-03-13 01:53:11] INFO uvicorn.access: 172.19.0.3:53814 - "GET / HTTP/1.0" 200
[2026-03-13 01:53:13] WARNING django.request: Not Found: /favicon.ico
[2026-03-13 01:53:13] INFO uvicorn.access: 172.19.0.3:39972 - "GET /favicon.ico HTTP/1.0" 404
[2026-03-13 01:53:16] INFO uvicorn.access: 172.19.0.3:39974 - "GET /bd_models/ball/ HTTP/1.0" 200
[2026-03-13 01:53:17] INFO uvicorn.access: 172.19.0.3:39976 - "GET /jsi18n/ HTTP/1.0" 200
[2026-03-13 01:55:08] INFO uvicorn.access: 172.19.0.3:53866 - "GET /bd_models/ball/add/ HTTP/1.0" 200
[2026-03-13 01:55:09] INFO uvicorn.access: 172.19.0.3:54814 - "GET /jsi18n/ HTTP/1.0" 200
[2026-03-13 02:00:36] INFO uvicorn.access: 172.19.0.3:56482 - "GET /settings/settings/ HTTP/1.0" 200
[2026-03-13 02:00:37] INFO uvicorn.access: 172.19.0.3:56492 - "GET /jsi18n/ HTTP/1.0" 200
[2026-03-13 02:00:40] INFO uvicorn.access: 172.19.0.3:38388 - "GET /settings/settings/1/change/ HTTP/1.0" 200
[2026-03-13 02:00:40] INFO uvicorn.access: 172.19.0.3:38396 - "GET /jsi18n/ HTTP/1.0" 200
[2026-03-13 02:06:37] INFO uvicorn.access: 172.19.0.3:43586 - "POST /settings/settings/1/change/ HTTP/1.0" 302
[2026-03-13 02:06:38] INFO uvicorn.access: 172.19.0.3:43590 - "GET /settings/settings/1/change/ HTTP/1.0" 200
[2026-03-13 02:06:38] INFO uvicorn.access: 172.19.0.3:43592 - "GET /jsi18n/ HTTP/1.0" 200
[2026-03-13 02:06:48] INFO uvicorn.access: 172.19.0.3:58496 - "GET /bd_models/ball/ HTTP/1.0" 200
[2026-03-13 02:06:48] INFO uvicorn.access: 172.19.0.3:58500 - "GET /jsi18n/ HTTP/1.0" 200
[2026-03-13 02:07:03] INFO uvicorn.access: 172.19.0.3:40680 - "GET /bd_models/ball/add/ HTTP/1.0" 200
[2026-03-13 02:07:03] INFO uvicorn.access: 172.19.0.3:40696 - "GET /jsi18n/ HTTP/1.0" 200
[2026-03-13 02:08:19] INFO uvicorn.access: 172.19.0.3:53546 - "GET /autocomplete/?app_label=bd_models&model_name=ball&field_name=regime HTTP/1.0" 200
[2026-03-13 02:09:37] INFO uvicorn.access: 172.19.0.3:36538 - "POST /bd_models/ball/add/ HTTP/1.0" 302
[2026-03-13 02:09:37] INFO uvicorn.access: 172.19.0.3:36552 - "GET /bd_models/ball/54/change/ HTTP/1.0" 200
[2026-03-13 02:09:37] INFO uvicorn.access: 172.19.0.3:36562 - "GET /jsi18n/ HTTP/1.0" 200
[2026-03-13 02:09:40] INFO uvicorn.access: 172.19.0.3:36566 - "GET /ball/generate/54 HTTP/1.0" 200
[2026-03-13 02:09:54] INFO uvicorn.access: 172.19.0.3:54632 - "GET /bd_models/ball/ HTTP/1.0" 200
[2026-03-13 02:09:54] INFO uvicorn.access: 172.19.0.3:54634 - "GET /jsi18n/ HTTP/1.0" 200
[2026-03-13 02:09:58] INFO uvicorn.access: 172.19.0.3:54642 - "GET /bd_models/ball/add/ HTTP/1.0" 200
[2026-03-13 02:09:58] INFO uvicorn.access: 172.19.0.3:54652 - "GET /jsi18n/ HTTP/1.0" 200
[2026-03-13 02:12:45] INFO uvicorn.access: 172.19.0.3:45864 - "GET /autocomplete/?app_label=bd_models&model_name=ball&field_name=regime HTTP/1.0" 200
[2026-03-13 02:12:47] INFO uvicorn.access: 172.19.0.3:45878 - "GET /autocomplete/?app_label=bd_models&model_name=ball&field_name=economy HTTP/1.0" 200
[2026-03-13 02:14:19] INFO uvicorn.access: 172.19.0.3:51180 - "POST /bd_models/ball/add/ HTTP/1.0" 302
[2026-03-13 02:14:20] INFO uvicorn.access: 172.19.0.3:51190 - "GET /bd_models/ball/55/change/ HTTP/1.0" 200
[2026-03-13 02:14:20] INFO uvicorn.access: 172.19.0.3:51194 - "GET /jsi18n/ HTTP/1.0" 200
[2026-03-13 02:14:22] INFO uvicorn.access: 172.19.0.3:51198 - "GET /ball/generate/55 HTTP/1.0" 200
[2026-03-13 02:15:25] INFO uvicorn.access: 172.19.0.3:55796 - "POST /bd_models/ball/55/change/ HTTP/1.0" 302
[2026-03-13 02:15:25] INFO uvicorn.access: 172.19.0.3:55808 - "GET /bd_models/ball/55/change/ HTTP/1.0" 200
[2026-03-13 02:15:25] INFO uvicorn.access: 172.19.0.3:55816 - "GET /jsi18n/ HTTP/1.0" 200
[2026-03-13 02:15:27] INFO uvicorn.access: 172.19.0.3:55826 - "GET /ball/generate/55 HTTP/1.0" 200
[2026-03-13 02:15:35] INFO uvicorn.access: 172.19.0.3:53734 - "POST /bd_models/ball/55/change/ HTTP/1.0" 302
[2026-03-13 02:15:35] INFO uvicorn.access: 172.19.0.3:53748 - "GET /bd_models/ball/55/change/ HTTP/1.0" 200
[2026-03-13 02:15:36] INFO uvicorn.access: 172.19.0.3:53758 - "GET /jsi18n/ HTTP/1.0" 200
[2026-03-13 02:15:37] INFO uvicorn.access: 172.19.0.3:53760 - "GET /ball/generate/55 HTTP/1.0" 200
[2026-03-13 02:16:26] INFO uvicorn.access: 172.19.0.3:35530 - "POST /bd_models/ball/55/change/ HTTP/1.0" 302
[2026-03-13 02:16:26] INFO uvicorn.access: 172.19.0.3:35536 - "GET /bd_models/ball/55/change/ HTTP/1.0" 200
[2026-03-13 02:16:26] INFO uvicorn.access: 172.19.0.3:35552 - "GET /jsi18n/ HTTP/1.0" 200
[2026-03-13 02:16:28] INFO uvicorn.access: 172.19.0.3:35556 - "GET /ball/generate/55 HTTP/1.0" 200
[2026-03-13 02:17:03] INFO uvicorn.access: 172.19.0.3:35988 - "POST /bd_models/ball/55/change/ HTTP/1.0" 302
[2026-03-13 02:17:03] INFO uvicorn.access: 172.19.0.3:35996 - "GET /bd_models/ball/55/change/ HTTP/1.0" 200
[2026-03-13 02:17:03] INFO uvicorn.access: 172.19.0.3:36000 - "GET /jsi18n/ HTTP/1.0" 200
[2026-03-13 02:17:05] INFO uvicorn.access: 172.19.0.3:36002 - "GET /ball/generate/55 HTTP/1.0" 200
[2026-03-13 02:17:11] INFO uvicorn.access: 172.19.0.3:40094 - "GET /bd_models/ball/ HTTP/1.0" 200
[2026-03-13 02:17:12] INFO uvicorn.access: 172.19.0.3:40100 - "GET /jsi18n/ HTTP/1.0" 200
[2026-03-13 02:17:16] INFO uvicorn.access: 172.19.0.3:40112 - "GET /bd_models/ball/55/change/ HTTP/1.0" 200
[2026-03-13 02:17:17] INFO uvicorn.access: 172.19.0.3:40114 - "GET /jsi18n/ HTTP/1.0" 200
[2026-03-13 02:17:18] INFO uvicorn.access: 172.19.0.3:40124 - "GET /ball/generate/55 HTTP/1.0" 200
[2026-03-13 02:17:21] INFO uvicorn.access: 172.19.0.3:34492 - "GET /bd_models/ball/ HTTP/1.0" 200
[2026-03-13 02:18:25] INFO uvicorn.access: 172.19.0.3:38082 - "GET /bd_models/ball/add/ HTTP/1.0" 200
[2026-03-13 02:18:26] INFO uvicorn.access: 172.19.0.3:38086 - "GET /jsi18n/ HTTP/1.0" 200
[2026-03-13 02:19:57] INFO uvicorn.access: 172.19.0.3:55310 - "GET /autocomplete/?app_label=bd_models&model_name=ball&field_name=regime HTTP/1.0" 200
[2026-03-13 02:20:44] INFO uvicorn.access: 172.19.0.3:58632 - "POST /bd_models/ball/add/ HTTP/1.0" 302
[2026-03-13 02:20:44] INFO uvicorn.access: 172.19.0.3:58638 - "GET /bd_models/ball/56/change/ HTTP/1.0" 200
[2026-03-13 02:20:44] INFO uvicorn.access: 172.19.0.3:58642 - "GET /jsi18n/ HTTP/1.0" 200
[2026-03-13 02:20:46] INFO uvicorn.access: 172.19.0.3:58648 - "GET /ball/generate/56 HTTP/1.0" 200
[2026-03-13 02:20:52] INFO uvicorn.access: 172.19.0.3:46962 - "GET /bd_models/ball/ HTTP/1.0" 200
[2026-03-13 02:20:52] INFO uvicorn.access: 172.19.0.3:46976 - "GET /jsi18n/ HTTP/1.0" 200
[2026-03-13 02:24:42] INFO discord.gateway: Shard ID 0 has successfully RESUMED session 8631cd36f2232b796d9cb890b267acf3.
[2026-03-13 02:25:16] INFO uvicorn.access: 172.19.0.3:42644 - "GET /settings/settings/ HTTP/1.0" 200
[2026-03-13 02:25:16] INFO uvicorn.access: 172.19.0.3:42646 - "GET /jsi18n/ HTTP/1.0" 200
[2026-03-13 02:25:18] INFO uvicorn.access: 172.19.0.3:42660 - "GET /settings/settings/1/change/ HTTP/1.0" 200
[2026-03-13 02:25:18] INFO uvicorn.access: 172.19.0.3:46778 - "GET /jsi18n/ HTTP/1.0" 200
[2026-03-13 02:25:34] INFO uvicorn.access: 172.19.0.3:35252 - "GET /bd_models/ball/ HTTP/1.0" 200
[2026-03-13 02:25:34] INFO uvicorn.access: 172.19.0.3:35256 - "GET /jsi18n/ HTTP/1.0" 200
[2026-03-13 02:25:47] INFO uvicorn.access: 172.19.0.3:34324 - "GET /bd_models/ball/add/ HTTP/1.0" 200
[2026-03-13 02:25:47] INFO uvicorn.access: 172.19.0.3:34332 - "GET /jsi18n/ HTTP/1.0" 200
[2026-03-13 02:29:08] INFO uvicorn.access: 172.19.0.3:56084 - "POST /bd_models/ball/add/ HTTP/1.0" 200
[2026-03-13 02:29:08] INFO uvicorn.access: 172.19.0.3:40818 - "GET /jsi18n/ HTTP/1.0" 200
[2026-03-13 02:29:13] INFO uvicorn.access: 172.19.0.3:40834 - "GET /autocomplete/?app_label=bd_models&model_name=ball&field_name=regime HTTP/1.0" 200
[2026-03-13 02:29:37] INFO uvicorn.access: 172.19.0.3:42224 - "POST /bd_models/ball/add/ HTTP/1.0" 302
[2026-03-13 02:29:38] INFO uvicorn.access: 172.19.0.3:42234 - "GET /bd_models/ball/57/change/ HTTP/1.0" 200
[2026-03-13 02:29:38] INFO uvicorn.access: 172.19.0.3:42248 - "GET /jsi18n/ HTTP/1.0" 200
[2026-03-13 02:29:40] INFO uvicorn.access: 172.19.0.3:42258 - "GET /ball/generate/57 HTTP/1.0" 200
[2026-03-13 02:30:31] INFO uvicorn.access: 172.19.0.3:56372 - "GET /bd_models/ball/ HTTP/1.0" 200
[2026-03-13 02:30:31] INFO uvicorn.access: 172.19.0.3:56384 - "GET /jsi18n/ HTTP/1.0" 200
[2026-03-13 02:32:47] ERROR discord.ui.view: Ignoring exception in view <PlayerInfoView timeout=180.0 children=1> for item <Button style=<ButtonStyle.primary: 1> url=None disabled=False label='Recent Catches' emoji=None row=None sku_id=None id=None>
Traceback (most recent call last):
  File "/opt/venv/lib/python3.14/site-packages/discord/ui/view.py", line 546, in _scheduled_task
    await item.callback(interaction)
  File "/opt/venv/lib/python3.14/site-packages/ballsdex/packages/admin/info.py", line 27, in recently_caught
    embed = discord.Embed(title=f"Last {len(recent_balls)} catches for {self.username}")
                                        ~~~^^^^^^^^^^^^^^
  File "/opt/venv/lib/python3.14/site-packages/django/db/models/query.py", line 372, in __len__
    self._fetch_all()
    ~~~~~~~~~~~~~~~^^
  File "/opt/venv/lib/python3.14/site-packages/django/db/models/query.py", line 2000, in _fetch_all
    self._result_cache = list(self._iterable_class(self))
                         ~~~~^^^^^^^^^^^^^^^^^^^^^^^^^^^^
  File "/opt/venv/lib/python3.14/site-packages/django/db/models/query.py", line 95, in __iter__
    results = compiler.execute_sql(
        chunked_fetch=self.chunked_fetch, chunk_size=self.chunk_size
    )
  File "/opt/venv/lib/python3.14/site-packages/django/db/models/sql/compiler.py", line 1622, in execute_sql
    cursor = self.connection.cursor()
  File "/opt/venv/lib/python3.14/site-packages/django/utils/asyncio.py", line 24, in inner
    raise SynchronousOnlyOperation(message)
django.core.exceptions.SynchronousOnlyOperation: You cannot call this from an async context - use a thread or sync_to_async.
[2026-03-13 02:32:56] ERROR discord.ui.view: Ignoring exception in view <PlayerInfoView timeout=180.0 children=1> for item <Button style=<ButtonStyle.primary: 1> url=None disabled=False label='Recent Catches' emoji=None row=None sku_id=None id=None>
Traceback (most recent call last):
  File "/opt/venv/lib/python3.14/site-packages/discord/ui/view.py", line 546, in _scheduled_task
    await item.callback(interaction)
  File "/opt/venv/lib/python3.14/site-packages/ballsdex/packages/admin/info.py", line 27, in recently_caught
    embed = discord.Embed(title=f"Last {len(recent_balls)} catches for {self.username}")
                                        ~~~^^^^^^^^^^^^^^
  File "/opt/venv/lib/python3.14/site-packages/django/db/models/query.py", line 372, in __len__
    self._fetch_all()
    ~~~~~~~~~~~~~~~^^
  File "/opt/venv/lib/python3.14/site-packages/django/db/models/query.py", line 2000, in _fetch_all
    self._result_cache = list(self._iterable_class(self))
                         ~~~~^^^^^^^^^^^^^^^^^^^^^^^^^^^^
  File "/opt/venv/lib/python3.14/site-packages/django/db/models/query.py", line 95, in __iter__
    results = compiler.execute_sql(
        chunked_fetch=self.chunked_fetch, chunk_size=self.chunk_size
    )
  File "/opt/venv/lib/python3.14/site-packages/django/db/models/sql/compiler.py", line 1622, in execute_sql
    cursor = self.connection.cursor()
  File "/opt/venv/lib/python3.14/site-packages/django/utils/asyncio.py", line 24, in inner
    raise SynchronousOnlyOperation(message)
django.core.exceptions.SynchronousOnlyOperation: You cannot call this from an async context - use a thread or sync_to_async.
[2026-03-13 02:33:06] INFO uvicorn.access: 172.19.0.3:59430 - "GET /bd_models/ball/add/ HTTP/1.0" 200
[2026-03-13 02:33:06] INFO uvicorn.access: 172.19.0.3:59438 - "GET /jsi18n/ HTTP/1.0" 200
[2026-03-13 02:33:09] INFO uvicorn.access: 172.19.0.3:35838 - "GET /bd_models/ball/ HTTP/1.0" 200
[2026-03-13 02:35:29] INFO ballsdex.core.bot: Cache loaded, summary displayed below:
[2026-03-13 02:35:31] INFO ballsdex.core.bot: Cache loaded, summary displayed below:
[2026-03-13 02:36:07] INFO ballsdex: Received SIGTERM, stopping the bot...
[2026-03-13 02:37:18] INFO uvicorn.error: Shutting down
[2026-03-13 02:37:20] INFO uvicorn.error: Finished server process [1]
[2026-03-13 02:39:13] INFO uvicorn.error: Started server process [1]
[2026-03-13 02:39:13] INFO uvicorn.error: Waiting for application startup.
[2026-03-13 02:39:13] INFO uvicorn.error: ASGI 'lifespan' protocol appears unsupported.
[2026-03-13 02:39:13] INFO uvicorn.error: Application startup complete.
[2026-03-13 02:39:13] INFO uvicorn.error: Uvicorn running on http://0.0.0.0:8000 (Press CTRL+C to quit)
[2026-03-13 02:39:13] INFO settings.apps: Settings read successfully.
[2026-03-13 02:39:13] INFO ballsdex: Initialized bot, connecting to Discord...
[2026-03-13 02:39:13] INFO discord.client: logging in using static token
[2026-03-13 02:39:14] INFO ballsdex.core.bot: Starting up with None shards...
[2026-03-13 02:39:15] INFO discord.gateway: Shard ID 0 has connected to Gateway (Session ID: 23a434b3e20b7a9bdeca3deec8f55dcd).
[2026-03-13 02:39:18] INFO ballsdex.core.bot: Successfully logged in as OCDEX#2184 (1459614981937954931)!
[2026-03-13 02:39:18] INFO ballsdex.core.bot: lomadinthe2nd is the owner of this bot.
[2026-03-13 02:39:20] INFO ballsdex.core.bot: Cache loaded, summary displayed below:
[2026-03-13 02:39:20] INFO ballsdex.core.bot: Loading packages...
[2026-03-13 02:39:21] INFO ballsdex.packages.countryballs: Loaded 8 guilds in cache.
[2026-03-13 02:39:23] INFO ballsdex.core.bot: Packages loaded: admin, balls, guildconfig, countryballs, info, players, trade
[2026-03-13 02:39:23] INFO ballsdex.core.bot: Syncing global commands...
[2026-03-13 02:39:25] INFO ballsdex.core.bot: Synced 7 global commands.
[2026-03-13 02:41:56] INFO ballsdex.packages.admin.balls: lomadinthe2nd spawned oc random 10 times in ┆ocdex-⚛️.
[2026-03-13 02:44:32] INFO uvicorn.access: 172.19.0.3:34026 - "GET /bd_models/ball/50/change/ HTTP/1.0" 200
[2026-03-13 02:44:33] WARNING django.request: Not Found: /favicon.ico
[2026-03-13 02:44:33] INFO uvicorn.access: 172.19.0.3:33190 - "GET /favicon.ico HTTP/1.0" 404
[2026-03-13 02:46:59] INFO uvicorn.access: 172.19.0.3:45780 - "POST /bd_models/ball/ HTTP/1.0" 302
[2026-03-13 02:47:00] INFO uvicorn.access: 172.19.0.3:34700 - "GET /bd_models/ball/ HTTP/1.0" 200
[2026-03-13 02:47:01] INFO uvicorn.access: 172.19.0.3:34702 - "GET /jsi18n/ HTTP/1.0" 200
[2026-03-13 02:47:10] INFO ballsdex.core.bot: Cache loaded, summary displayed below:
[2026-03-13 02:55:14] INFO ballsdex.packages.admin.balls: lomadinthe2nd spawned oc random 3 times in ┆ocdex-⚛️.
[2026-03-13 03:02:09] WARNING ballsdex.core.bot: Skipping interaction 1481849811488608380, running 3.306177s late.
[2026-03-13 03:06:01] INFO ballsdex.packages.admin.balls: lomadinthe2nd gave oc Giant ENEMY SPIDER (`27F`) to bonniemation. (Special=None ATK=-99 HP=-99).
[2026-03-13 03:06:40] INFO uvicorn.access: 172.19.0.3:46256 - "GET /bd_models/ballinstance/ HTTP/1.0" 200
[2026-03-13 03:06:41] INFO uvicorn.access: 172.19.0.3:46272 - "GET /jsi18n/ HTTP/1.0" 200
[2026-03-13 03:06:45] INFO uvicorn.access: 172.19.0.3:46276 - "GET /bd_models/ballinstance/639/change/ HTTP/1.0" 200
[2026-03-13 03:06:45] INFO uvicorn.access: 172.19.0.3:46280 - "GET /jsi18n/ HTTP/1.0" 200
[2026-03-13 03:06:48] INFO uvicorn.access: 172.19.0.3:41028 - "GET /autocomplete/?app_label=bd_models&model_name=ballinstance&field_name=player HTTP/1.0" 200
[2026-03-13 03:07:27] INFO uvicorn.access: 172.19.0.3:54102 - "GET /autocomplete/?term=1241595716082602076&app_label=bd_models&model_name=ballinstance&field_name=player HTTP/1.0" 200
[2026-03-13 03:07:35] INFO uvicorn.access: 172.19.0.3:42970 - "POST /bd_models/ballinstance/639/change/ HTTP/1.0" 200
[2026-03-13 03:07:37] INFO uvicorn.access: 172.19.0.3:42984 - "GET /jsi18n/ HTTP/1.0" 200
[2026-03-13 03:07:42] INFO uvicorn.access: 172.19.0.3:57774 - "GET /bd_models/ballinstance/639/change/ HTTP/1.0" 200
[2026-03-13 03:07:46] INFO uvicorn.access: 172.19.0.3:57780 - "GET /autocomplete/?app_label=bd_models&model_name=ballinstance&field_name=special HTTP/1.0" 200
[2026-03-13 03:07:56] INFO uvicorn.access: 172.19.0.3:60922 - "GET /bd_models/ballinstance/639/delete/ HTTP/1.0" 200
[2026-03-13 03:07:59] INFO uvicorn.access: 172.19.0.3:36618 - "POST /bd_models/ballinstance/639/delete/ HTTP/1.0" 302
[2026-03-13 03:08:00] INFO uvicorn.access: 172.19.0.3:36626 - "GET /bd_models/ballinstance/ HTTP/1.0" 200
[2026-03-13 03:08:00] INFO uvicorn.access: 172.19.0.3:36640 - "GET /jsi18n/ HTTP/1.0" 200
[2026-03-13 03:08:38] INFO ballsdex.packages.admin.balls: lomadinthe2nd gave oc Giant ENEMY SPIDER (`280`) to dark_xw0lf17. (Special=None ATK=-99 HP=-99).
[2026-03-13 03:27:24] INFO uvicorn.access: 172.19.0.3:39080 - "GET /settings/settings/ HTTP/1.0" 200
[2026-03-13 03:27:25] INFO uvicorn.access: 172.19.0.3:39094 - "GET /jsi18n/ HTTP/1.0" 200
[2026-03-13 03:27:28] INFO uvicorn.access: 172.19.0.3:39096 - "GET /settings/settings/1/change/ HTTP/1.0" 200
[2026-03-13 03:27:31] INFO uvicorn.access: 172.19.0.3:58530 - "GET /jsi18n/ HTTP/1.0" 200
[2026-03-13 03:28:36] INFO uvicorn.access: 172.19.0.3:42302 - "GET /bd_models/ball/ HTTP/1.0" 200
[2026-03-13 03:28:37] INFO uvicorn.access: 172.19.0.3:42308 - "GET /jsi18n/ HTTP/1.0" 200
[2026-03-13 03:28:42] INFO uvicorn.access: 172.19.0.3:40694 - "GET /settings/settings/ HTTP/1.0" 200
[2026-03-13 03:28:43] INFO uvicorn.access: 172.19.0.3:40704 - "GET /jsi18n/ HTTP/1.0" 200
[2026-03-13 03:28:45] INFO uvicorn.access: 172.19.0.3:40712 - "GET /settings/settings/1/change/ HTTP/1.0" 200
[2026-03-13 03:28:46] INFO uvicorn.access: 172.19.0.3:40724 - "GET /jsi18n/ HTTP/1.0" 200
[2026-03-13 03:31:37] INFO ballsdex.packages.admin.balls: lomadinthe2nd spawned oc random 6 times in ┆ocdex-⚛️.
[2026-03-13 03:32:58] INFO uvicorn.access: 172.19.0.3:46058 - "GET /users/user/ HTTP/1.0" 200
[2026-03-13 03:32:58] INFO uvicorn.access: 172.19.0.3:46062 - "GET /jsi18n/ HTTP/1.0" 200
[2026-03-13 03:33:08] INFO uvicorn.access: 172.19.0.3:42152 - "GET /users/user/1/change/ HTTP/1.0" 200
[2026-03-13 03:33:09] INFO uvicorn.access: 172.19.0.3:39468 - "GET /jsi18n/ HTTP/1.0" 200
[2026-03-13 03:35:00] INFO uvicorn.access: 172.19.0.3:60014 - "GET /settings/settings/ HTTP/1.0" 200
[2026-03-13 03:35:00] INFO uvicorn.access: 172.19.0.3:60024 - "GET /jsi18n/ HTTP/1.0" 200
[2026-03-13 03:35:03] INFO uvicorn.access: 172.19.0.3:60026 - "GET /settings/settings/1/change/ HTTP/1.0" 200
[2026-03-13 03:35:03] INFO uvicorn.access: 172.19.0.3:60042 - "GET /jsi18n/ HTTP/1.0" 200
[2026-03-13 06:32:34] INFO discord.gateway: Shard ID 0 has successfully RESUMED session 23a434b3e20b7a9bdeca3deec8f55dcd.
[2026-03-13 07:49:37] INFO discord.gateway: Shard ID 0 has successfully RESUMED session 23a434b3e20b7a9bdeca3deec8f55dcd.
[2026-03-13 08:41:09] INFO discord.gateway: Shard ID 0 has successfully RESUMED session 23a434b3e20b7a9bdeca3deec8f55dcd.
[2026-03-13 10:01:30] INFO uvicorn.access: 172.19.0.3:52558 - "GET /bd_models/ball/50/change/ HTTP/1.0" 200
[2026-03-13 10:01:31] WARNING django.request: Not Found: /favicon.ico
[2026-03-13 10:01:31] INFO uvicorn.access: 172.19.0.3:53740 - "GET /favicon.ico HTTP/1.0" 404
[2026-03-13 10:01:32] INFO uvicorn.access: 172.19.0.3:53744 - "GET /bd_models/ball/ HTTP/1.0" 200
[2026-03-13 10:01:35] INFO uvicorn.access: 172.19.0.3:53754 - "GET /bd_models/ball/57/change/ HTTP/1.0" 200
[2026-03-13 10:01:35] INFO uvicorn.access: 172.19.0.3:53756 - "GET /jsi18n/ HTTP/1.0" 200
[2026-03-13 10:01:41] INFO uvicorn.access: 172.19.0.3:53760 - "GET /ball/generate/57 HTTP/1.0" 200
[2026-03-13 10:01:54] INFO uvicorn.access: 172.19.0.3:52868 - "POST /bd_models/ball/57/change/ HTTP/1.0" 302
[2026-03-13 10:01:54] INFO uvicorn.access: 172.19.0.3:52870 - "GET /bd_models/ball/57/change/ HTTP/1.0" 200
[2026-03-13 10:01:54] INFO uvicorn.access: 172.19.0.3:52872 - "GET /jsi18n/ HTTP/1.0" 200
[2026-03-13 10:01:55] INFO uvicorn.access: 172.19.0.3:52880 - "GET /ball/generate/57 HTTP/1.0" 200
[2026-03-13 10:01:59] INFO uvicorn.access: 172.19.0.3:56134 - "POST /bd_models/ball/57/change/ HTTP/1.0" 302
[2026-03-13 10:01:59] INFO uvicorn.access: 172.19.0.3:56148 - "GET /bd_models/ball/ HTTP/1.0" 200
[2026-03-13 10:01:59] INFO uvicorn.access: 172.19.0.3:56164 - "GET /jsi18n/ HTTP/1.0" 200
[2026-03-13 10:02:11] INFO ballsdex.core.bot: Cache loaded, summary displayed below:
[2026-03-13 10:04:59] INFO ballsdex.packages.admin.balls: lomadinthe2nd spawned oc random 9 times in ┆ocdex-⚛️.
[2026-03-13 10:19:02] INFO discord.gateway: Shard ID 0 has successfully RESUMED session 23a434b3e20b7a9bdeca3deec8f55dcd.
[2026-03-13 11:11:11] INFO ballsdex.packages.admin.balls: lomadinthe2nd spawned oc random 6 times in ┆ocdex-⚛️.
[2026-03-13 11:17:17] INFO uvicorn.access: 172.19.0.3:57322 - "GET /bd_models/ HTTP/1.0" 200
[2026-03-13 11:50:56] INFO discord.gateway: Shard ID 0 has successfully RESUMED session 23a434b3e20b7a9bdeca3deec8f55dcd.
[2026-03-13 11:52:54] WARNING ballsdex.core.bot: Skipping interaction 1481983373156028508, running 4.864735s late.
[2026-03-13 11:52:55] ERROR discord.app_commands.tree: Ignoring exception in autocomplete for 'ocs give'
Traceback (most recent call last):
  File "/opt/venv/lib/python3.14/site-packages/discord/app_commands/tree.py", line 1289, in _call
    await command._invoke_autocomplete(interaction, focused, namespace)
  File "/opt/venv/lib/python3.14/site-packages/discord/app_commands/commands.py", line 928, in _invoke_autocomplete
    await interaction.response.autocomplete(choices)
  File "/opt/venv/lib/python3.14/site-packages/discord/interactions.py", line 1332, in autocomplete
    await adapter.create_interaction_response(
    ...<6 lines>...
    )
  File "/opt/venv/lib/python3.14/site-packages/discord/webhook/async_.py", line 224, in request
    raise NotFound(response, data)
discord.errors.NotFound: 404 Not Found (error code: 10062): Unknown interaction
[2026-03-13 12:11:51] INFO discord.gateway: Shard ID 0 has successfully RESUMED session 23a434b3e20b7a9bdeca3deec8f55dcd.
[2026-03-13 12:30:02] INFO uvicorn.access: 172.19.0.3:60122 - "GET /bd_models/player/ HTTP/1.0" 200
[2026-03-13 12:30:03] INFO uvicorn.access: 172.19.0.3:60138 - "GET /jsi18n/ HTTP/1.0" 200
[2026-03-13 12:30:06] INFO uvicorn.access: 172.19.0.3:60150 - "GET /bd_models/ HTTP/1.0" 200
[2026-03-13 12:30:12] INFO uvicorn.access: 172.19.0.3:42320 - "GET / HTTP/1.0" 200
[2026-03-13 12:30:15] INFO uvicorn.access: 172.19.0.3:42336 - "GET /settings/settings/ HTTP/1.0" 200
[2026-03-13 12:30:15] INFO uvicorn.access: 172.19.0.3:42338 - "GET /jsi18n/ HTTP/1.0" 200
[2026-03-13 12:30:22] INFO uvicorn.access: 172.19.0.3:42340 - "GET /settings/settings/1/change/ HTTP/1.0" 200
[2026-03-13 12:30:23] INFO uvicorn.access: 172.19.0.3:55988 - "GET /jsi18n/ HTTP/1.0" 200
[2026-03-13 12:30:38] INFO uvicorn.access: 172.19.0.3:56766 - "GET /settings/settings/ HTTP/1.0" 200
[2026-03-13 12:30:40] INFO uvicorn.access: 172.19.0.3:56782 - "GET / HTTP/1.0" 200
[2026-03-13 12:30:43] INFO uvicorn.access: 172.19.0.3:56792 - "GET /users/user/ HTTP/1.0" 200
[2026-03-13 12:30:44] INFO uvicorn.access: 172.19.0.3:56806 - "GET /jsi18n/ HTTP/1.0" 200
[2026-03-13 12:30:46] INFO uvicorn.access: 172.19.0.3:56816 - "GET /users/user/3/change/ HTTP/1.0" 200
[2026-03-13 12:30:46] INFO uvicorn.access: 172.19.0.3:56830 - "GET /jsi18n/ HTTP/1.0" 200
[2026-03-13 12:30:48] INFO uvicorn.access: 172.19.0.3:56832 - "GET /users/user/3/password/ HTTP/1.0" 200
[2026-03-13 12:30:49] INFO uvicorn.access: 172.19.0.3:37310 - "GET /users/user/3/password/ HTTP/1.0" 302
[2026-03-13 12:30:49] INFO uvicorn.access: 172.19.0.3:37314 - "GET /login/?next=/users/user/3/password/ HTTP/1.0" 200
[2026-03-13 12:31:17] INFO uvicorn.access: 172.19.0.3:43622 - "POST /users/user/3/password/ HTTP/1.0" 302
[2026-03-13 12:31:17] INFO uvicorn.access: 172.19.0.3:43636 - "GET /users/user/3/change/ HTTP/1.0" 200
[2026-03-13 12:31:17] INFO uvicorn.access: 172.19.0.3:43644 - "GET /jsi18n/ HTTP/1.0" 200
[2026-03-13 12:31:43] INFO uvicorn.access: 172.19.0.3:35838 - "GET /users/user/3/password/ HTTP/1.0" 200
[2026-03-13 12:32:12] INFO uvicorn.access: 172.19.0.3:50040 - "GET / HTTP/1.0" 302
[2026-03-13 12:32:12] INFO uvicorn.access: 172.19.0.3:50056 - "GET / HTTP/1.0" 302
[2026-03-13 12:32:12] INFO uvicorn.access: 172.19.0.3:50070 - "GET /login/?next=/ HTTP/1.0" 200
[2026-03-13 12:32:13] WARNING django.request: Not Found: /favicon.ico
[2026-03-13 12:32:13] INFO uvicorn.access: 172.19.0.3:50076 - "GET /favicon.ico HTTP/1.0" 404
[2026-03-13 12:32:27] INFO uvicorn.access: 172.19.0.3:59934 - "POST /login/?next=/ HTTP/1.0" 200
[2026-03-13 12:32:36] INFO uvicorn.access: 172.19.0.3:59108 - "POST /login/?next=/ HTTP/1.0" 200
[2026-03-13 12:33:07] INFO uvicorn.access: 172.19.0.3:48194 - "POST /users/user/3/password/ HTTP/1.0" 302
[2026-03-13 12:33:07] INFO uvicorn.access: 172.19.0.3:48206 - "GET /users/user/3/change/ HTTP/1.0" 200
[2026-03-13 12:33:07] INFO uvicorn.access: 172.19.0.3:48208 - "GET /jsi18n/ HTTP/1.0" 200
[2026-03-13 12:33:15] INFO uvicorn.access: 172.19.0.3:58068 - "POST /login/?next=/ HTTP/1.0" 200
[2026-03-13 12:33:37] INFO uvicorn.access: 172.19.0.3:43908 - "POST /login/?next=/ HTTP/1.0" 200
[2026-03-13 12:34:05] INFO uvicorn.access: 172.19.0.3:34726 - "POST /login/?next=/ HTTP/1.0" 200
[2026-03-13 12:34:18] INFO uvicorn.access: 172.19.0.3:36888 - "POST /login/?next=/ HTTP/1.0" 200
[2026-03-13 12:34:26] INFO uvicorn.access: 172.19.0.3:49444 - "GET /users/user/3/password/ HTTP/1.0" 200
[2026-03-13 12:34:59] INFO uvicorn.access: 172.19.0.3:43974 - "POST /users/user/3/password/ HTTP/1.0" 302
[2026-03-13 12:35:00] INFO uvicorn.access: 172.19.0.3:43978 - "GET /users/user/3/change/ HTTP/1.0" 200
[2026-03-13 12:35:00] INFO uvicorn.access: 172.19.0.3:43980 - "GET /jsi18n/ HTTP/1.0" 200
[2026-03-13 12:35:07] INFO uvicorn.access: 172.19.0.3:43988 - "POST /login/?next=/ HTTP/1.0" 200
[2026-03-13 12:35:10] INFO uvicorn.access: 172.19.0.3:40286 - "GET / HTTP/1.0" 302
[2026-03-13 12:35:10] INFO uvicorn.access: 172.19.0.3:40296 - "GET /login/?next=/ HTTP/1.0" 200
[2026-03-13 12:35:22] INFO uvicorn.access: 172.19.0.3:54698 - "POST /login/?next=/ HTTP/1.0" 302
[2026-03-13 12:35:23] INFO uvicorn.access: 172.19.0.3:54706 - "GET / HTTP/1.0" 200
[2026-03-13 12:35:30] INFO uvicorn.access: 172.19.0.3:39460 - "GET /bd_models/ball/ HTTP/1.0" 200
[2026-03-13 12:35:31] INFO uvicorn.access: 172.19.0.3:39470 - "GET /jsi18n/ HTTP/1.0" 200
[2026-03-13 12:35:40] INFO uvicorn.access: 172.19.0.3:60002 - "GET /bd_models/ball/57/change/ HTTP/1.0" 200
[2026-03-13 12:35:41] INFO uvicorn.access: 172.19.0.3:60010 - "GET /jsi18n/ HTTP/1.0" 200
[2026-03-13 12:35:43] INFO uvicorn.access: 172.19.0.3:60020 - "GET /ball/generate/57 HTTP/1.0" 200
[2026-03-13 12:35:46] INFO uvicorn.access: 172.19.0.3:60024 - "GET /bd_models/ball/ HTTP/1.0" 200
[2026-03-13 12:36:04] INFO uvicorn.access: 172.19.0.3:40536 - "GET /social_django/association/ HTTP/1.0" 200
[2026-03-13 12:36:04] INFO uvicorn.access: 172.19.0.3:40538 - "GET /jsi18n/ HTTP/1.0" 200
[2026-03-13 12:36:06] INFO uvicorn.access: 172.19.0.3:40554 - "GET /social_django/association/add/ HTTP/1.0" 200
[2026-03-13 12:36:06] INFO uvicorn.access: 172.19.0.3:40566 - "GET /jsi18n/ HTTP/1.0" 200
[2026-03-13 12:36:14] INFO uvicorn.access: 172.19.0.3:48036 - "GET /social_django/nonce/ HTTP/1.0" 200
[2026-03-13 12:36:14] INFO uvicorn.access: 172.19.0.3:48038 - "GET /jsi18n/ HTTP/1.0" 200
[2026-03-13 12:43:44] INFO uvicorn.access: 172.19.0.3:49918 - "GET /bd_models/ball/ HTTP/1.0" 200
[2026-03-13 12:43:45] INFO uvicorn.access: 172.19.0.3:49926 - "GET /jsi18n/ HTTP/1.0" 200
[2026-03-13 12:43:53] INFO uvicorn.access: 172.19.0.3:48140 - "GET /bd_models/ballinstance/ HTTP/1.0" 200
[2026-03-13 12:43:53] INFO uvicorn.access: 172.19.0.3:48154 - "GET /jsi18n/ HTTP/1.0" 200
[2026-03-13 12:43:58] INFO uvicorn.access: 172.19.0.3:48160 - "GET /bd_models/ball/ HTTP/1.0" 200
[2026-03-13 12:43:58] INFO uvicorn.access: 172.19.0.3:46678 - "GET /jsi18n/ HTTP/1.0" 200
[2026-03-13 14:31:14] INFO uvicorn.access: 172.19.0.3:42740 - "GET / HTTP/1.0" 200
[2026-03-13 14:31:21] INFO uvicorn.access: 172.19.0.3:42742 - "GET /bd_models/ball/ HTTP/1.0" 200
[2026-03-13 14:31:22] INFO uvicorn.access: 172.19.0.3:51904 - "GET /jsi18n/ HTTP/1.0" 200
[2026-03-13 14:31:26] INFO uvicorn.access: 172.19.0.3:51908 - "GET /bd_models/ball/add/ HTTP/1.0" 200
[2026-03-13 14:31:27] INFO uvicorn.access: 172.19.0.3:51922 - "GET /jsi18n/ HTTP/1.0" 200
[2026-03-13 14:31:42] INFO uvicorn.access: 172.19.0.3:44070 - "GET /autocomplete/?app_label=bd_models&model_name=ball&field_name=regime HTTP/1.0" 200
[2026-03-13 14:33:21] INFO uvicorn.access: 172.19.0.3:36838 - "GET /autocomplete/?app_label=bd_models&model_name=ball&field_name=regime HTTP/1.0" 200
[2026-03-13 14:33:21] INFO uvicorn.access: 172.19.0.3:36854 - "GET /autocomplete/?term=.&app_label=bd_models&model_name=ball&field_name=regime HTTP/1.0" 200
[2026-03-13 14:33:22] INFO uvicorn.access: 172.19.0.3:36862 - "GET /autocomplete/?term=&app_label=bd_models&model_name=ball&field_name=regime HTTP/1.0" 200
[2026-03-13 14:33:38] INFO uvicorn.access: 172.19.0.3:57814 - "POST /bd_models/ball/add/ HTTP/1.0" 302
[2026-03-13 14:33:38] INFO uvicorn.access: 172.19.0.3:36548 - "GET /bd_models/ball/58/change/ HTTP/1.0" 200
[2026-03-13 14:33:39] INFO uvicorn.access: 172.19.0.3:36552 - "GET /jsi18n/ HTTP/1.0" 200
[2026-03-13 14:33:40] INFO uvicorn.access: 172.19.0.3:36564 - "GET /ball/generate/58 HTTP/1.0" 200
[2026-03-13 14:33:42] INFO uvicorn.access: 172.19.0.3:36572 - "GET /bd_models/ball/add/ HTTP/1.0" 200
[2026-03-13 14:33:43] INFO uvicorn.access: 172.19.0.3:36584 - "GET /bd_models/ball/ HTTP/1.0" 200
[2026-03-13 14:33:45] INFO uvicorn.access: 172.19.0.3:36598 - "GET /bd_models/ball/54/change/ HTTP/1.0" 200
[2026-03-13 14:33:46] INFO uvicorn.access: 172.19.0.3:36606 - "GET /jsi18n/ HTTP/1.0" 200
[2026-03-13 14:33:47] INFO uvicorn.access: 172.19.0.3:36616 - "GET /ball/generate/54 HTTP/1.0" 200
[2026-03-13 14:33:55] INFO uvicorn.access: 172.19.0.3:53310 - "GET /bd_models/ball/ HTTP/1.0" 200
[2026-03-13 14:33:57] INFO uvicorn.access: 172.19.0.3:53312 - "GET /bd_models/ball/58/change/ HTTP/1.0" 200
[2026-03-13 14:33:57] INFO uvicorn.access: 172.19.0.3:53324 - "GET /jsi18n/ HTTP/1.0" 200
[2026-03-13 14:33:58] INFO uvicorn.access: 172.19.0.3:53334 - "GET /ball/generate/58 HTTP/1.0" 200
[2026-03-13 14:34:21] INFO uvicorn.access: 172.19.0.3:55416 - "POST /bd_models/ball/58/change/ HTTP/1.0" 302
[2026-03-13 14:34:21] INFO uvicorn.access: 172.19.0.3:55424 - "GET /bd_models/ball/ HTTP/1.0" 200
[2026-03-13 14:34:22] INFO uvicorn.access: 172.19.0.3:55438 - "GET /jsi18n/ HTTP/1.0" 200
[2026-03-13 15:06:57] INFO discord.gateway: Shard ID 0 has successfully RESUMED session 23a434b3e20b7a9bdeca3deec8f55dcd.
[2026-03-13 15:46:35] INFO discord.gateway: Shard ID 0 has successfully RESUMED session 23a434b3e20b7a9bdeca3deec8f55dcd.
[2026-03-13 16:13:04] INFO discord.gateway: Shard ID 0 has successfully RESUMED session 23a434b3e20b7a9bdeca3deec8f55dcd.
[2026-03-13 17:03:36] INFO discord.gateway: Shard ID 0 has successfully RESUMED session 23a434b3e20b7a9bdeca3deec8f55dcd.
[2026-03-13 18:45:46] ERROR discord.shard: Attempting a reconnect for shard ID 0 in 1.39s
Traceback (most recent call last):
  File "/opt/venv/lib/python3.14/site-packages/aiohttp/connector.py", line 1532, in _create_direct_connection
    hosts = await self._resolve_host(host, port, traces=traces)
            ^^^^^^^^^^^^^^^^^^^^^^^^^^^^^^^^^^^^^^^^^^^^^^^^^^^
  File "/opt/venv/lib/python3.14/site-packages/aiohttp/connector.py", line 1148, in _resolve_host
    return await asyncio.shield(resolved_host_task)
           ^^^^^^^^^^^^^^^^^^^^^^^^^^^^^^^^^^^^^^^^
  File "/opt/venv/lib/python3.14/site-packages/aiohttp/connector.py", line 1179, in _resolve_host_with_throttle
    addrs = await self._resolver.resolve(host, port, family=self._family)
            ^^^^^^^^^^^^^^^^^^^^^^^^^^^^^^^^^^^^^^^^^^^^^^^^^^^^^^^^^^^^^
  File "/opt/venv/lib/python3.14/site-packages/aiohttp/resolver.py", line 40, in resolve
    infos = await self._loop.getaddrinfo(
            ^^^^^^^^^^^^^^^^^^^^^^^^^^^^^
    ...<5 lines>...
    )
    ^
  File "/usr/local/lib/python3.14/asyncio/base_events.py", line 936, in getaddrinfo
    return await self.run_in_executor(
           ^^^^^^^^^^^^^^^^^^^^^^^^^^^
        None, getaddr_func, host, port, family, type, proto, flags)
        ^^^^^^^^^^^^^^^^^^^^^^^^^^^^^^^^^^^^^^^^^^^^^^^^^^^^^^^^^^^
  File "/usr/local/lib/python3.14/concurrent/futures/thread.py", line 86, in run
    result = ctx.run(self.task)
  File "/usr/local/lib/python3.14/concurrent/futures/thread.py", line 73, in run
    return fn(*args, **kwargs)
  File "/usr/local/lib/python3.14/socket.py", line 983, in getaddrinfo
    for res in _socket.getaddrinfo(host, port, family, type, proto, flags):
               ~~~~~~~~~~~~~~~~~~~^^^^^^^^^^^^^^^^^^^^^^^^^^^^^^^^^^^^^^^^
socket.gaierror: [Errno -3] Try again

The above exception was the direct cause of the following exception:

Traceback (most recent call last):
  File "/opt/venv/lib/python3.14/site-packages/discord/shard.py", line 201, in reidentify
    self.ws = await asyncio.wait_for(coro, timeout=60.0)
              ^^^^^^^^^^^^^^^^^^^^^^^^^^^^^^^^^^^^^^^^^^
  File "/usr/local/lib/python3.14/asyncio/tasks.py", line 488, in wait_for
    return await fut
           ^^^^^^^^^
  File "/opt/venv/lib/python3.14/site-packages/discord/gateway.py", line 383, in from_client
    socket = await client.http.ws_connect(str(url))
             ^^^^^^^^^^^^^^^^^^^^^^^^^^^^^^^^^^^^^^
  File "/opt/venv/lib/python3.14/site-packages/discord/http.py", line 566, in ws_connect
    return await self.__session.ws_connect(url, **kwargs)
           ^^^^^^^^^^^^^^^^^^^^^^^^^^^^^^^^^^^^^^^^^^^^^^
  File "/opt/venv/lib/python3.14/site-packages/aiohttp/client.py", line 1076, in _ws_connect
    resp = await self.request(
           ^^^^^^^^^^^^^^^^^^^
    ...<11 lines>...
    )
    ^
  File "/opt/venv/lib/python3.14/site-packages/aiohttp/client.py", line 779, in _request
    resp = await handler(req)
           ^^^^^^^^^^^^^^^^^^
  File "/opt/venv/lib/python3.14/site-packages/aiohttp/client.py", line 734, in _connect_and_send_request
    conn = await self._connector.connect(
           ^^^^^^^^^^^^^^^^^^^^^^^^^^^^^^
        req, traces=traces, timeout=real_timeout
        ^^^^^^^^^^^^^^^^^^^^^^^^^^^^^^^^^^^^^^^^
    )
    ^
  File "/opt/venv/lib/python3.14/site-packages/aiohttp/connector.py", line 642, in connect
    proto = await self._create_connection(req, traces, timeout)
            ^^^^^^^^^^^^^^^^^^^^^^^^^^^^^^^^^^^^^^^^^^^^^^^^^^^
  File "/opt/venv/lib/python3.14/site-packages/aiohttp/connector.py", line 1209, in _create_connection
    _, proto = await self._create_direct_connection(req, traces, timeout)
               ^^^^^^^^^^^^^^^^^^^^^^^^^^^^^^^^^^^^^^^^^^^^^^^^^^^^^^^^^^
  File "/opt/venv/lib/python3.14/site-packages/aiohttp/connector.py", line 1538, in _create_direct_connection
    raise ClientConnectorDNSError(req.connection_key, exc) from exc
aiohttp.client_exceptions.ClientConnectorDNSError: Cannot connect to host gateway-us-east1-b.discord.gg:443 ssl:default [Try again]
[2026-03-13 18:45:53] ERROR discord.shard: Attempting a reconnect for shard ID 0 in 3.05s
Traceback (most recent call last):
  File "/opt/venv/lib/python3.14/site-packages/aiohttp/connector.py", line 1532, in _create_direct_connection
    hosts = await self._resolve_host(host, port, traces=traces)
            ^^^^^^^^^^^^^^^^^^^^^^^^^^^^^^^^^^^^^^^^^^^^^^^^^^^
  File "/opt/venv/lib/python3.14/site-packages/aiohttp/connector.py", line 1148, in _resolve_host
    return await asyncio.shield(resolved_host_task)
           ^^^^^^^^^^^^^^^^^^^^^^^^^^^^^^^^^^^^^^^^
  File "/opt/venv/lib/python3.14/site-packages/aiohttp/connector.py", line 1179, in _resolve_host_with_throttle
    addrs = await self._resolver.resolve(host, port, family=self._family)
            ^^^^^^^^^^^^^^^^^^^^^^^^^^^^^^^^^^^^^^^^^^^^^^^^^^^^^^^^^^^^^
  File "/opt/venv/lib/python3.14/site-packages/aiohttp/resolver.py", line 40, in resolve
    infos = await self._loop.getaddrinfo(
            ^^^^^^^^^^^^^^^^^^^^^^^^^^^^^
    ...<5 lines>...
    )
    ^
  File "/usr/local/lib/python3.14/asyncio/base_events.py", line 936, in getaddrinfo
    return await self.run_in_executor(
           ^^^^^^^^^^^^^^^^^^^^^^^^^^^
        None, getaddr_func, host, port, family, type, proto, flags)
        ^^^^^^^^^^^^^^^^^^^^^^^^^^^^^^^^^^^^^^^^^^^^^^^^^^^^^^^^^^^
  File "/usr/local/lib/python3.14/concurrent/futures/thread.py", line 86, in run
    result = ctx.run(self.task)
  File "/usr/local/lib/python3.14/concurrent/futures/thread.py", line 73, in run
    return fn(*args, **kwargs)
  File "/usr/local/lib/python3.14/socket.py", line 983, in getaddrinfo
    for res in _socket.getaddrinfo(host, port, family, type, proto, flags):
               ~~~~~~~~~~~~~~~~~~~^^^^^^^^^^^^^^^^^^^^^^^^^^^^^^^^^^^^^^^^
socket.gaierror: [Errno -3] Try again

The above exception was the direct cause of the following exception:

Traceback (most recent call last):
  File "/opt/venv/lib/python3.14/site-packages/discord/shard.py", line 219, in reconnect
    self.ws = await asyncio.wait_for(coro, timeout=60.0)
              ^^^^^^^^^^^^^^^^^^^^^^^^^^^^^^^^^^^^^^^^^^
  File "/usr/local/lib/python3.14/asyncio/tasks.py", line 488, in wait_for
    return await fut
           ^^^^^^^^^
  File "/opt/venv/lib/python3.14/site-packages/discord/gateway.py", line 383, in from_client
    socket = await client.http.ws_connect(str(url))
             ^^^^^^^^^^^^^^^^^^^^^^^^^^^^^^^^^^^^^^
  File "/opt/venv/lib/python3.14/site-packages/discord/http.py", line 566, in ws_connect
    return await self.__session.ws_connect(url, **kwargs)
           ^^^^^^^^^^^^^^^^^^^^^^^^^^^^^^^^^^^^^^^^^^^^^^
  File "/opt/venv/lib/python3.14/site-packages/aiohttp/client.py", line 1076, in _ws_connect
    resp = await self.request(
           ^^^^^^^^^^^^^^^^^^^
    ...<11 lines>...
    )
    ^
  File "/opt/venv/lib/python3.14/site-packages/aiohttp/client.py", line 779, in _request
    resp = await handler(req)
           ^^^^^^^^^^^^^^^^^^
  File "/opt/venv/lib/python3.14/site-packages/aiohttp/client.py", line 734, in _connect_and_send_request
    conn = await self._connector.connect(
           ^^^^^^^^^^^^^^^^^^^^^^^^^^^^^^
        req, traces=traces, timeout=real_timeout
        ^^^^^^^^^^^^^^^^^^^^^^^^^^^^^^^^^^^^^^^^
    )
    ^
  File "/opt/venv/lib/python3.14/site-packages/aiohttp/connector.py", line 642, in connect
    proto = await self._create_connection(req, traces, timeout)
            ^^^^^^^^^^^^^^^^^^^^^^^^^^^^^^^^^^^^^^^^^^^^^^^^^^^
  File "/opt/venv/lib/python3.14/site-packages/aiohttp/connector.py", line 1209, in _create_connection
    _, proto = await self._create_direct_connection(req, traces, timeout)
               ^^^^^^^^^^^^^^^^^^^^^^^^^^^^^^^^^^^^^^^^^^^^^^^^^^^^^^^^^^
  File "/opt/venv/lib/python3.14/site-packages/aiohttp/connector.py", line 1538, in _create_direct_connection
    raise ClientConnectorDNSError(req.connection_key, exc) from exc
aiohttp.client_exceptions.ClientConnectorDNSError: Cannot connect to host gateway.discord.gg:443 ssl:default [Try again]
[2026-03-13 18:46:01] ERROR discord.shard: Attempting a reconnect for shard ID 0 in 7.23s
Traceback (most recent call last):
  File "/opt/venv/lib/python3.14/site-packages/aiohttp/connector.py", line 1532, in _create_direct_connection
    hosts = await self._resolve_host(host, port, traces=traces)
            ^^^^^^^^^^^^^^^^^^^^^^^^^^^^^^^^^^^^^^^^^^^^^^^^^^^
  File "/opt/venv/lib/python3.14/site-packages/aiohttp/connector.py", line 1148, in _resolve_host
    return await asyncio.shield(resolved_host_task)
           ^^^^^^^^^^^^^^^^^^^^^^^^^^^^^^^^^^^^^^^^
  File "/opt/venv/lib/python3.14/site-packages/aiohttp/connector.py", line 1179, in _resolve_host_with_throttle
    addrs = await self._resolver.resolve(host, port, family=self._family)
            ^^^^^^^^^^^^^^^^^^^^^^^^^^^^^^^^^^^^^^^^^^^^^^^^^^^^^^^^^^^^^
  File "/opt/venv/lib/python3.14/site-packages/aiohttp/resolver.py", line 40, in resolve
    infos = await self._loop.getaddrinfo(
            ^^^^^^^^^^^^^^^^^^^^^^^^^^^^^
    ...<5 lines>...
    )
    ^
  File "/usr/local/lib/python3.14/asyncio/base_events.py", line 936, in getaddrinfo
    return await self.run_in_executor(
           ^^^^^^^^^^^^^^^^^^^^^^^^^^^
        None, getaddr_func, host, port, family, type, proto, flags)
        ^^^^^^^^^^^^^^^^^^^^^^^^^^^^^^^^^^^^^^^^^^^^^^^^^^^^^^^^^^^
  File "/usr/local/lib/python3.14/concurrent/futures/thread.py", line 86, in run
    result = ctx.run(self.task)
  File "/usr/local/lib/python3.14/concurrent/futures/thread.py", line 73, in run
    return fn(*args, **kwargs)
  File "/usr/local/lib/python3.14/socket.py", line 983, in getaddrinfo
    for res in _socket.getaddrinfo(host, port, family, type, proto, flags):
               ~~~~~~~~~~~~~~~~~~~^^^^^^^^^^^^^^^^^^^^^^^^^^^^^^^^^^^^^^^^
socket.gaierror: [Errno -3] Try again

The above exception was the direct cause of the following exception:

Traceback (most recent call last):
  File "/opt/venv/lib/python3.14/site-packages/discord/shard.py", line 219, in reconnect
    self.ws = await asyncio.wait_for(coro, timeout=60.0)
              ^^^^^^^^^^^^^^^^^^^^^^^^^^^^^^^^^^^^^^^^^^
  File "/usr/local/lib/python3.14/asyncio/tasks.py", line 488, in wait_for
    return await fut
           ^^^^^^^^^
  File "/opt/venv/lib/python3.14/site-packages/discord/gateway.py", line 383, in from_client
    socket = await client.http.ws_connect(str(url))
             ^^^^^^^^^^^^^^^^^^^^^^^^^^^^^^^^^^^^^^
  File "/opt/venv/lib/python3.14/site-packages/discord/http.py", line 566, in ws_connect
    return await self.__session.ws_connect(url, **kwargs)
           ^^^^^^^^^^^^^^^^^^^^^^^^^^^^^^^^^^^^^^^^^^^^^^
  File "/opt/venv/lib/python3.14/site-packages/aiohttp/client.py", line 1076, in _ws_connect
    resp = await self.request(
           ^^^^^^^^^^^^^^^^^^^
    ...<11 lines>...
    )
    ^
  File "/opt/venv/lib/python3.14/site-packages/aiohttp/client.py", line 779, in _request
    resp = await handler(req)
           ^^^^^^^^^^^^^^^^^^
  File "/opt/venv/lib/python3.14/site-packages/aiohttp/client.py", line 734, in _connect_and_send_request
    conn = await self._connector.connect(
           ^^^^^^^^^^^^^^^^^^^^^^^^^^^^^^
        req, traces=traces, timeout=real_timeout
        ^^^^^^^^^^^^^^^^^^^^^^^^^^^^^^^^^^^^^^^^
    )
    ^
  File "/opt/venv/lib/python3.14/site-packages/aiohttp/connector.py", line 642, in connect
    proto = await self._create_connection(req, traces, timeout)
            ^^^^^^^^^^^^^^^^^^^^^^^^^^^^^^^^^^^^^^^^^^^^^^^^^^^
  File "/opt/venv/lib/python3.14/site-packages/aiohttp/connector.py", line 1209, in _create_connection
    _, proto = await self._create_direct_connection(req, traces, timeout)
               ^^^^^^^^^^^^^^^^^^^^^^^^^^^^^^^^^^^^^^^^^^^^^^^^^^^^^^^^^^
  File "/opt/venv/lib/python3.14/site-packages/aiohttp/connector.py", line 1538, in _create_direct_connection
    raise ClientConnectorDNSError(req.connection_key, exc) from exc
aiohttp.client_exceptions.ClientConnectorDNSError: Cannot connect to host gateway.discord.gg:443 ssl:default [Try again]
[2026-03-13 18:46:13] ERROR discord.shard: Attempting a reconnect for shard ID 0 in 0.61s
Traceback (most recent call last):
  File "/opt/venv/lib/python3.14/site-packages/aiohttp/connector.py", line 1532, in _create_direct_connection
    hosts = await self._resolve_host(host, port, traces=traces)
            ^^^^^^^^^^^^^^^^^^^^^^^^^^^^^^^^^^^^^^^^^^^^^^^^^^^
  File "/opt/venv/lib/python3.14/site-packages/aiohttp/connector.py", line 1148, in _resolve_host
    return await asyncio.shield(resolved_host_task)
           ^^^^^^^^^^^^^^^^^^^^^^^^^^^^^^^^^^^^^^^^
  File "/opt/venv/lib/python3.14/site-packages/aiohttp/connector.py", line 1179, in _resolve_host_with_throttle
    addrs = await self._resolver.resolve(host, port, family=self._family)
            ^^^^^^^^^^^^^^^^^^^^^^^^^^^^^^^^^^^^^^^^^^^^^^^^^^^^^^^^^^^^^
  File "/opt/venv/lib/python3.14/site-packages/aiohttp/resolver.py", line 40, in resolve
    infos = await self._loop.getaddrinfo(
            ^^^^^^^^^^^^^^^^^^^^^^^^^^^^^
    ...<5 lines>...
    )
    ^
  File "/usr/local/lib/python3.14/asyncio/base_events.py", line 936, in getaddrinfo
    return await self.run_in_executor(
           ^^^^^^^^^^^^^^^^^^^^^^^^^^^
        None, getaddr_func, host, port, family, type, proto, flags)
        ^^^^^^^^^^^^^^^^^^^^^^^^^^^^^^^^^^^^^^^^^^^^^^^^^^^^^^^^^^^
  File "/usr/local/lib/python3.14/concurrent/futures/thread.py", line 86, in run
    result = ctx.run(self.task)
  File "/usr/local/lib/python3.14/concurrent/futures/thread.py", line 73, in run
    return fn(*args, **kwargs)
  File "/usr/local/lib/python3.14/socket.py", line 983, in getaddrinfo
    for res in _socket.getaddrinfo(host, port, family, type, proto, flags):
               ~~~~~~~~~~~~~~~~~~~^^^^^^^^^^^^^^^^^^^^^^^^^^^^^^^^^^^^^^^^
socket.gaierror: [Errno -3] Try again

The above exception was the direct cause of the following exception:

Traceback (most recent call last):
  File "/opt/venv/lib/python3.14/site-packages/discord/shard.py", line 219, in reconnect
    self.ws = await asyncio.wait_for(coro, timeout=60.0)
              ^^^^^^^^^^^^^^^^^^^^^^^^^^^^^^^^^^^^^^^^^^
  File "/usr/local/lib/python3.14/asyncio/tasks.py", line 488, in wait_for
    return await fut
           ^^^^^^^^^
  File "/opt/venv/lib/python3.14/site-packages/discord/gateway.py", line 383, in from_client
    socket = await client.http.ws_connect(str(url))
             ^^^^^^^^^^^^^^^^^^^^^^^^^^^^^^^^^^^^^^
  File "/opt/venv/lib/python3.14/site-packages/discord/http.py", line 566, in ws_connect
    return await self.__session.ws_connect(url, **kwargs)
           ^^^^^^^^^^^^^^^^^^^^^^^^^^^^^^^^^^^^^^^^^^^^^^
  File "/opt/venv/lib/python3.14/site-packages/aiohttp/client.py", line 1076, in _ws_connect
    resp = await self.request(
           ^^^^^^^^^^^^^^^^^^^
    ...<11 lines>...
    )
    ^
  File "/opt/venv/lib/python3.14/site-packages/aiohttp/client.py", line 779, in _request
    resp = await handler(req)
           ^^^^^^^^^^^^^^^^^^
  File "/opt/venv/lib/python3.14/site-packages/aiohttp/client.py", line 734, in _connect_and_send_request
    conn = await self._connector.connect(
           ^^^^^^^^^^^^^^^^^^^^^^^^^^^^^^
        req, traces=traces, timeout=real_timeout
        ^^^^^^^^^^^^^^^^^^^^^^^^^^^^^^^^^^^^^^^^
    )
    ^
  File "/opt/venv/lib/python3.14/site-packages/aiohttp/connector.py", line 642, in connect
    proto = await self._create_connection(req, traces, timeout)
            ^^^^^^^^^^^^^^^^^^^^^^^^^^^^^^^^^^^^^^^^^^^^^^^^^^^
  File "/opt/venv/lib/python3.14/site-packages/aiohttp/connector.py", line 1209, in _create_connection
    _, proto = await self._create_direct_connection(req, traces, timeout)
               ^^^^^^^^^^^^^^^^^^^^^^^^^^^^^^^^^^^^^^^^^^^^^^^^^^^^^^^^^^
  File "/opt/venv/lib/python3.14/site-packages/aiohttp/connector.py", line 1538, in _create_direct_connection
    raise ClientConnectorDNSError(req.connection_key, exc) from exc
aiohttp.client_exceptions.ClientConnectorDNSError: Cannot connect to host gateway.discord.gg:443 ssl:default [Try again]
[2026-03-13 18:46:19] ERROR discord.shard: Attempting a reconnect for shard ID 0 in 30.87s
Traceback (most recent call last):
  File "/opt/venv/lib/python3.14/site-packages/aiohttp/connector.py", line 1532, in _create_direct_connection
    hosts = await self._resolve_host(host, port, traces=traces)
            ^^^^^^^^^^^^^^^^^^^^^^^^^^^^^^^^^^^^^^^^^^^^^^^^^^^
  File "/opt/venv/lib/python3.14/site-packages/aiohttp/connector.py", line 1148, in _resolve_host
    return await asyncio.shield(resolved_host_task)
           ^^^^^^^^^^^^^^^^^^^^^^^^^^^^^^^^^^^^^^^^
  File "/opt/venv/lib/python3.14/site-packages/aiohttp/connector.py", line 1179, in _resolve_host_with_throttle
    addrs = await self._resolver.resolve(host, port, family=self._family)
            ^^^^^^^^^^^^^^^^^^^^^^^^^^^^^^^^^^^^^^^^^^^^^^^^^^^^^^^^^^^^^
  File "/opt/venv/lib/python3.14/site-packages/aiohttp/resolver.py", line 40, in resolve
    infos = await self._loop.getaddrinfo(
            ^^^^^^^^^^^^^^^^^^^^^^^^^^^^^
    ...<5 lines>...
    )
    ^
  File "/usr/local/lib/python3.14/asyncio/base_events.py", line 936, in getaddrinfo
    return await self.run_in_executor(
           ^^^^^^^^^^^^^^^^^^^^^^^^^^^
        None, getaddr_func, host, port, family, type, proto, flags)
        ^^^^^^^^^^^^^^^^^^^^^^^^^^^^^^^^^^^^^^^^^^^^^^^^^^^^^^^^^^^
  File "/usr/local/lib/python3.14/concurrent/futures/thread.py", line 86, in run
    result = ctx.run(self.task)
  File "/usr/local/lib/python3.14/concurrent/futures/thread.py", line 73, in run
    return fn(*args, **kwargs)
  File "/usr/local/lib/python3.14/socket.py", line 983, in getaddrinfo
    for res in _socket.getaddrinfo(host, port, family, type, proto, flags):
               ~~~~~~~~~~~~~~~~~~~^^^^^^^^^^^^^^^^^^^^^^^^^^^^^^^^^^^^^^^^
socket.gaierror: [Errno -3] Try again

The above exception was the direct cause of the following exception:

Traceback (most recent call last):
  File "/opt/venv/lib/python3.14/site-packages/discord/shard.py", line 219, in reconnect
    self.ws = await asyncio.wait_for(coro, timeout=60.0)
              ^^^^^^^^^^^^^^^^^^^^^^^^^^^^^^^^^^^^^^^^^^
  File "/usr/local/lib/python3.14/asyncio/tasks.py", line 488, in wait_for
    return await fut
           ^^^^^^^^^
  File "/opt/venv/lib/python3.14/site-packages/discord/gateway.py", line 383, in from_client
    socket = await client.http.ws_connect(str(url))
             ^^^^^^^^^^^^^^^^^^^^^^^^^^^^^^^^^^^^^^
  File "/opt/venv/lib/python3.14/site-packages/discord/http.py", line 566, in ws_connect
    return await self.__session.ws_connect(url, **kwargs)
           ^^^^^^^^^^^^^^^^^^^^^^^^^^^^^^^^^^^^^^^^^^^^^^
  File "/opt/venv/lib/python3.14/site-packages/aiohttp/client.py", line 1076, in _ws_connect
    resp = await self.request(
           ^^^^^^^^^^^^^^^^^^^
    ...<11 lines>...
    )
    ^
  File "/opt/venv/lib/python3.14/site-packages/aiohttp/client.py", line 779, in _request
    resp = await handler(req)
           ^^^^^^^^^^^^^^^^^^
  File "/opt/venv/lib/python3.14/site-packages/aiohttp/client.py", line 734, in _connect_and_send_request
    conn = await self._connector.connect(
           ^^^^^^^^^^^^^^^^^^^^^^^^^^^^^^
        req, traces=traces, timeout=real_timeout
        ^^^^^^^^^^^^^^^^^^^^^^^^^^^^^^^^^^^^^^^^
    )
    ^
  File "/opt/venv/lib/python3.14/site-packages/aiohttp/connector.py", line 642, in connect
    proto = await self._create_connection(req, traces, timeout)
            ^^^^^^^^^^^^^^^^^^^^^^^^^^^^^^^^^^^^^^^^^^^^^^^^^^^
  File "/opt/venv/lib/python3.14/site-packages/aiohttp/connector.py", line 1209, in _create_connection
    _, proto = await self._create_direct_connection(req, traces, timeout)
               ^^^^^^^^^^^^^^^^^^^^^^^^^^^^^^^^^^^^^^^^^^^^^^^^^^^^^^^^^^
  File "/opt/venv/lib/python3.14/site-packages/aiohttp/connector.py", line 1538, in _create_direct_connection
    raise ClientConnectorDNSError(req.connection_key, exc) from exc
aiohttp.client_exceptions.ClientConnectorDNSError: Cannot connect to host gateway.discord.gg:443 ssl:default [Try again]
[2026-03-13 18:46:55] ERROR discord.shard: Attempting a reconnect for shard ID 0 in 47.26s
Traceback (most recent call last):
  File "/opt/venv/lib/python3.14/site-packages/aiohttp/connector.py", line 1532, in _create_direct_connection
    hosts = await self._resolve_host(host, port, traces=traces)
            ^^^^^^^^^^^^^^^^^^^^^^^^^^^^^^^^^^^^^^^^^^^^^^^^^^^
  File "/opt/venv/lib/python3.14/site-packages/aiohttp/connector.py", line 1148, in _resolve_host
    return await asyncio.shield(resolved_host_task)
           ^^^^^^^^^^^^^^^^^^^^^^^^^^^^^^^^^^^^^^^^
  File "/opt/venv/lib/python3.14/site-packages/aiohttp/connector.py", line 1179, in _resolve_host_with_throttle
    addrs = await self._resolver.resolve(host, port, family=self._family)
            ^^^^^^^^^^^^^^^^^^^^^^^^^^^^^^^^^^^^^^^^^^^^^^^^^^^^^^^^^^^^^
  File "/opt/venv/lib/python3.14/site-packages/aiohttp/resolver.py", line 40, in resolve
    infos = await self._loop.getaddrinfo(
            ^^^^^^^^^^^^^^^^^^^^^^^^^^^^^
    ...<5 lines>...
    )
    ^
  File "/usr/local/lib/python3.14/asyncio/base_events.py", line 936, in getaddrinfo
    return await self.run_in_executor(
           ^^^^^^^^^^^^^^^^^^^^^^^^^^^
        None, getaddr_func, host, port, family, type, proto, flags)
        ^^^^^^^^^^^^^^^^^^^^^^^^^^^^^^^^^^^^^^^^^^^^^^^^^^^^^^^^^^^
  File "/usr/local/lib/python3.14/concurrent/futures/thread.py", line 86, in run
    result = ctx.run(self.task)
  File "/usr/local/lib/python3.14/concurrent/futures/thread.py", line 73, in run
    return fn(*args, **kwargs)
  File "/usr/local/lib/python3.14/socket.py", line 983, in getaddrinfo
    for res in _socket.getaddrinfo(host, port, family, type, proto, flags):
               ~~~~~~~~~~~~~~~~~~~^^^^^^^^^^^^^^^^^^^^^^^^^^^^^^^^^^^^^^^^
socket.gaierror: [Errno -3] Try again

The above exception was the direct cause of the following exception:

Traceback (most recent call last):
  File "/opt/venv/lib/python3.14/site-packages/discord/shard.py", line 219, in reconnect
    self.ws = await asyncio.wait_for(coro, timeout=60.0)
              ^^^^^^^^^^^^^^^^^^^^^^^^^^^^^^^^^^^^^^^^^^
  File "/usr/local/lib/python3.14/asyncio/tasks.py", line 488, in wait_for
    return await fut
           ^^^^^^^^^
  File "/opt/venv/lib/python3.14/site-packages/discord/gateway.py", line 383, in from_client
    socket = await client.http.ws_connect(str(url))
             ^^^^^^^^^^^^^^^^^^^^^^^^^^^^^^^^^^^^^^
  File "/opt/venv/lib/python3.14/site-packages/discord/http.py", line 566, in ws_connect
    return await self.__session.ws_connect(url, **kwargs)
           ^^^^^^^^^^^^^^^^^^^^^^^^^^^^^^^^^^^^^^^^^^^^^^
  File "/opt/venv/lib/python3.14/site-packages/aiohttp/client.py", line 1076, in _ws_connect
    resp = await self.request(
           ^^^^^^^^^^^^^^^^^^^
    ...<11 lines>...
    )
    ^
  File "/opt/venv/lib/python3.14/site-packages/aiohttp/client.py", line 779, in _request
    resp = await handler(req)
           ^^^^^^^^^^^^^^^^^^
  File "/opt/venv/lib/python3.14/site-packages/aiohttp/client.py", line 734, in _connect_and_send_request
    conn = await self._connector.connect(
           ^^^^^^^^^^^^^^^^^^^^^^^^^^^^^^
        req, traces=traces, timeout=real_timeout
        ^^^^^^^^^^^^^^^^^^^^^^^^^^^^^^^^^^^^^^^^
    )
    ^
  File "/opt/venv/lib/python3.14/site-packages/aiohttp/connector.py", line 642, in connect
    proto = await self._create_connection(req, traces, timeout)
            ^^^^^^^^^^^^^^^^^^^^^^^^^^^^^^^^^^^^^^^^^^^^^^^^^^^
  File "/opt/venv/lib/python3.14/site-packages/aiohttp/connector.py", line 1209, in _create_connection
    _, proto = await self._create_direct_connection(req, traces, timeout)
               ^^^^^^^^^^^^^^^^^^^^^^^^^^^^^^^^^^^^^^^^^^^^^^^^^^^^^^^^^^
  File "/opt/venv/lib/python3.14/site-packages/aiohttp/connector.py", line 1538, in _create_direct_connection
    raise ClientConnectorDNSError(req.connection_key, exc) from exc
aiohttp.client_exceptions.ClientConnectorDNSError: Cannot connect to host gateway.discord.gg:443 ssl:default [Try again]
[2026-03-13 18:47:47] ERROR discord.shard: Attempting a reconnect for shard ID 0 in 22.61s
Traceback (most recent call last):
  File "/opt/venv/lib/python3.14/site-packages/aiohttp/connector.py", line 1532, in _create_direct_connection
    hosts = await self._resolve_host(host, port, traces=traces)
            ^^^^^^^^^^^^^^^^^^^^^^^^^^^^^^^^^^^^^^^^^^^^^^^^^^^
  File "/opt/venv/lib/python3.14/site-packages/aiohttp/connector.py", line 1148, in _resolve_host
    return await asyncio.shield(resolved_host_task)
           ^^^^^^^^^^^^^^^^^^^^^^^^^^^^^^^^^^^^^^^^
  File "/opt/venv/lib/python3.14/site-packages/aiohttp/connector.py", line 1179, in _resolve_host_with_throttle
    addrs = await self._resolver.resolve(host, port, family=self._family)
            ^^^^^^^^^^^^^^^^^^^^^^^^^^^^^^^^^^^^^^^^^^^^^^^^^^^^^^^^^^^^^
  File "/opt/venv/lib/python3.14/site-packages/aiohttp/resolver.py", line 40, in resolve
    infos = await self._loop.getaddrinfo(
            ^^^^^^^^^^^^^^^^^^^^^^^^^^^^^
    ...<5 lines>...
    )
    ^
  File "/usr/local/lib/python3.14/asyncio/base_events.py", line 936, in getaddrinfo
    return await self.run_in_executor(
           ^^^^^^^^^^^^^^^^^^^^^^^^^^^
        None, getaddr_func, host, port, family, type, proto, flags)
        ^^^^^^^^^^^^^^^^^^^^^^^^^^^^^^^^^^^^^^^^^^^^^^^^^^^^^^^^^^^
  File "/usr/local/lib/python3.14/concurrent/futures/thread.py", line 86, in run
    result = ctx.run(self.task)
  File "/usr/local/lib/python3.14/concurrent/futures/thread.py", line 73, in run
    return fn(*args, **kwargs)
  File "/usr/local/lib/python3.14/socket.py", line 983, in getaddrinfo
    for res in _socket.getaddrinfo(host, port, family, type, proto, flags):
               ~~~~~~~~~~~~~~~~~~~^^^^^^^^^^^^^^^^^^^^^^^^^^^^^^^^^^^^^^^^
socket.gaierror: [Errno -3] Try again

The above exception was the direct cause of the following exception:

Traceback (most recent call last):
  File "/opt/venv/lib/python3.14/site-packages/discord/shard.py", line 219, in reconnect
    self.ws = await asyncio.wait_for(coro, timeout=60.0)
              ^^^^^^^^^^^^^^^^^^^^^^^^^^^^^^^^^^^^^^^^^^
  File "/usr/local/lib/python3.14/asyncio/tasks.py", line 488, in wait_for
    return await fut
           ^^^^^^^^^
  File "/opt/venv/lib/python3.14/site-packages/discord/gateway.py", line 383, in from_client
    socket = await client.http.ws_connect(str(url))
             ^^^^^^^^^^^^^^^^^^^^^^^^^^^^^^^^^^^^^^
  File "/opt/venv/lib/python3.14/site-packages/discord/http.py", line 566, in ws_connect
    return await self.__session.ws_connect(url, **kwargs)
           ^^^^^^^^^^^^^^^^^^^^^^^^^^^^^^^^^^^^^^^^^^^^^^
  File "/opt/venv/lib/python3.14/site-packages/aiohttp/client.py", line 1076, in _ws_connect
    resp = await self.request(
           ^^^^^^^^^^^^^^^^^^^
    ...<11 lines>...
    )
    ^
  File "/opt/venv/lib/python3.14/site-packages/aiohttp/client.py", line 779, in _request
    resp = await handler(req)
           ^^^^^^^^^^^^^^^^^^
  File "/opt/venv/lib/python3.14/site-packages/aiohttp/client.py", line 734, in _connect_and_send_request
    conn = await self._connector.connect(
           ^^^^^^^^^^^^^^^^^^^^^^^^^^^^^^
        req, traces=traces, timeout=real_timeout
        ^^^^^^^^^^^^^^^^^^^^^^^^^^^^^^^^^^^^^^^^
    )
    ^
  File "/opt/venv/lib/python3.14/site-packages/aiohttp/connector.py", line 642, in connect
    proto = await self._create_connection(req, traces, timeout)
            ^^^^^^^^^^^^^^^^^^^^^^^^^^^^^^^^^^^^^^^^^^^^^^^^^^^
  File "/opt/venv/lib/python3.14/site-packages/aiohttp/connector.py", line 1209, in _create_connection
    _, proto = await self._create_direct_connection(req, traces, timeout)
               ^^^^^^^^^^^^^^^^^^^^^^^^^^^^^^^^^^^^^^^^^^^^^^^^^^^^^^^^^^
  File "/opt/venv/lib/python3.14/site-packages/aiohttp/connector.py", line 1538, in _create_direct_connection
    raise ClientConnectorDNSError(req.connection_key, exc) from exc
aiohttp.client_exceptions.ClientConnectorDNSError: Cannot connect to host gateway.discord.gg:443 ssl:default [Try again]
[2026-03-13 18:48:15] ERROR discord.shard: Attempting a reconnect for shard ID 0 in 239.94s
Traceback (most recent call last):
  File "/opt/venv/lib/python3.14/site-packages/aiohttp/connector.py", line 1532, in _create_direct_connection
    hosts = await self._resolve_host(host, port, traces=traces)
            ^^^^^^^^^^^^^^^^^^^^^^^^^^^^^^^^^^^^^^^^^^^^^^^^^^^
  File "/opt/venv/lib/python3.14/site-packages/aiohttp/connector.py", line 1148, in _resolve_host
    return await asyncio.shield(resolved_host_task)
           ^^^^^^^^^^^^^^^^^^^^^^^^^^^^^^^^^^^^^^^^
  File "/opt/venv/lib/python3.14/site-packages/aiohttp/connector.py", line 1179, in _resolve_host_with_throttle
    addrs = await self._resolver.resolve(host, port, family=self._family)
            ^^^^^^^^^^^^^^^^^^^^^^^^^^^^^^^^^^^^^^^^^^^^^^^^^^^^^^^^^^^^^
  File "/opt/venv/lib/python3.14/site-packages/aiohttp/resolver.py", line 40, in resolve
    infos = await self._loop.getaddrinfo(
            ^^^^^^^^^^^^^^^^^^^^^^^^^^^^^
    ...<5 lines>...
    )
    ^
  File "/usr/local/lib/python3.14/asyncio/base_events.py", line 936, in getaddrinfo
    return await self.run_in_executor(
           ^^^^^^^^^^^^^^^^^^^^^^^^^^^
        None, getaddr_func, host, port, family, type, proto, flags)
        ^^^^^^^^^^^^^^^^^^^^^^^^^^^^^^^^^^^^^^^^^^^^^^^^^^^^^^^^^^^
  File "/usr/local/lib/python3.14/concurrent/futures/thread.py", line 86, in run
    result = ctx.run(self.task)
  File "/usr/local/lib/python3.14/concurrent/futures/thread.py", line 73, in run
    return fn(*args, **kwargs)
  File "/usr/local/lib/python3.14/socket.py", line 983, in getaddrinfo
    for res in _socket.getaddrinfo(host, port, family, type, proto, flags):
               ~~~~~~~~~~~~~~~~~~~^^^^^^^^^^^^^^^^^^^^^^^^^^^^^^^^^^^^^^^^
socket.gaierror: [Errno -3] Try again

The above exception was the direct cause of the following exception:

Traceback (most recent call last):
  File "/opt/venv/lib/python3.14/site-packages/discord/shard.py", line 219, in reconnect
    self.ws = await asyncio.wait_for(coro, timeout=60.0)
              ^^^^^^^^^^^^^^^^^^^^^^^^^^^^^^^^^^^^^^^^^^
  File "/usr/local/lib/python3.14/asyncio/tasks.py", line 488, in wait_for
    return await fut
           ^^^^^^^^^
  File "/opt/venv/lib/python3.14/site-packages/discord/gateway.py", line 383, in from_client
    socket = await client.http.ws_connect(str(url))
             ^^^^^^^^^^^^^^^^^^^^^^^^^^^^^^^^^^^^^^
  File "/opt/venv/lib/python3.14/site-packages/discord/http.py", line 566, in ws_connect
    return await self.__session.ws_connect(url, **kwargs)
           ^^^^^^^^^^^^^^^^^^^^^^^^^^^^^^^^^^^^^^^^^^^^^^
  File "/opt/venv/lib/python3.14/site-packages/aiohttp/client.py", line 1076, in _ws_connect
    resp = await self.request(
           ^^^^^^^^^^^^^^^^^^^
    ...<11 lines>...
    )
    ^
  File "/opt/venv/lib/python3.14/site-packages/aiohttp/client.py", line 779, in _request
    resp = await handler(req)
           ^^^^^^^^^^^^^^^^^^
  File "/opt/venv/lib/python3.14/site-packages/aiohttp/client.py", line 734, in _connect_and_send_request
    conn = await self._connector.connect(
           ^^^^^^^^^^^^^^^^^^^^^^^^^^^^^^
        req, traces=traces, timeout=real_timeout
        ^^^^^^^^^^^^^^^^^^^^^^^^^^^^^^^^^^^^^^^^
    )
    ^
  File "/opt/venv/lib/python3.14/site-packages/aiohttp/connector.py", line 642, in connect
    proto = await self._create_connection(req, traces, timeout)
            ^^^^^^^^^^^^^^^^^^^^^^^^^^^^^^^^^^^^^^^^^^^^^^^^^^^
  File "/opt/venv/lib/python3.14/site-packages/aiohttp/connector.py", line 1209, in _create_connection
    _, proto = await self._create_direct_connection(req, traces, timeout)
               ^^^^^^^^^^^^^^^^^^^^^^^^^^^^^^^^^^^^^^^^^^^^^^^^^^^^^^^^^^
  File "/opt/venv/lib/python3.14/site-packages/aiohttp/connector.py", line 1538, in _create_direct_connection
    raise ClientConnectorDNSError(req.connection_key, exc) from exc
aiohttp.client_exceptions.ClientConnectorDNSError: Cannot connect to host gateway.discord.gg:443 ssl:default [Try again]
[2026-03-13 18:52:20] ERROR discord.shard: Attempting a reconnect for shard ID 0 in 5.65s
Traceback (most recent call last):
  File "/opt/venv/lib/python3.14/site-packages/aiohttp/connector.py", line 1532, in _create_direct_connection
    hosts = await self._resolve_host(host, port, traces=traces)
            ^^^^^^^^^^^^^^^^^^^^^^^^^^^^^^^^^^^^^^^^^^^^^^^^^^^
  File "/opt/venv/lib/python3.14/site-packages/aiohttp/connector.py", line 1148, in _resolve_host
    return await asyncio.shield(resolved_host_task)
           ^^^^^^^^^^^^^^^^^^^^^^^^^^^^^^^^^^^^^^^^
  File "/opt/venv/lib/python3.14/site-packages/aiohttp/connector.py", line 1179, in _resolve_host_with_throttle
    addrs = await self._resolver.resolve(host, port, family=self._family)
            ^^^^^^^^^^^^^^^^^^^^^^^^^^^^^^^^^^^^^^^^^^^^^^^^^^^^^^^^^^^^^
  File "/opt/venv/lib/python3.14/site-packages/aiohttp/resolver.py", line 40, in resolve
    infos = await self._loop.getaddrinfo(
            ^^^^^^^^^^^^^^^^^^^^^^^^^^^^^
    ...<5 lines>...
    )
    ^
  File "/usr/local/lib/python3.14/asyncio/base_events.py", line 936, in getaddrinfo
    return await self.run_in_executor(
           ^^^^^^^^^^^^^^^^^^^^^^^^^^^
        None, getaddr_func, host, port, family, type, proto, flags)
        ^^^^^^^^^^^^^^^^^^^^^^^^^^^^^^^^^^^^^^^^^^^^^^^^^^^^^^^^^^^
  File "/usr/local/lib/python3.14/concurrent/futures/thread.py", line 86, in run
    result = ctx.run(self.task)
  File "/usr/local/lib/python3.14/concurrent/futures/thread.py", line 73, in run
    return fn(*args, **kwargs)
  File "/usr/local/lib/python3.14/socket.py", line 983, in getaddrinfo
    for res in _socket.getaddrinfo(host, port, family, type, proto, flags):
               ~~~~~~~~~~~~~~~~~~~^^^^^^^^^^^^^^^^^^^^^^^^^^^^^^^^^^^^^^^^
socket.gaierror: [Errno -3] Try again

The above exception was the direct cause of the following exception:

Traceback (most recent call last):
  File "/opt/venv/lib/python3.14/site-packages/discord/shard.py", line 219, in reconnect
    self.ws = await asyncio.wait_for(coro, timeout=60.0)
              ^^^^^^^^^^^^^^^^^^^^^^^^^^^^^^^^^^^^^^^^^^
  File "/usr/local/lib/python3.14/asyncio/tasks.py", line 488, in wait_for
    return await fut
           ^^^^^^^^^
  File "/opt/venv/lib/python3.14/site-packages/discord/gateway.py", line 383, in from_client
    socket = await client.http.ws_connect(str(url))
             ^^^^^^^^^^^^^^^^^^^^^^^^^^^^^^^^^^^^^^
  File "/opt/venv/lib/python3.14/site-packages/discord/http.py", line 566, in ws_connect
    return await self.__session.ws_connect(url, **kwargs)
           ^^^^^^^^^^^^^^^^^^^^^^^^^^^^^^^^^^^^^^^^^^^^^^
  File "/opt/venv/lib/python3.14/site-packages/aiohttp/client.py", line 1076, in _ws_connect
    resp = await self.request(
           ^^^^^^^^^^^^^^^^^^^
    ...<11 lines>...
    )
    ^
  File "/opt/venv/lib/python3.14/site-packages/aiohttp/client.py", line 779, in _request
    resp = await handler(req)
           ^^^^^^^^^^^^^^^^^^
  File "/opt/venv/lib/python3.14/site-packages/aiohttp/client.py", line 734, in _connect_and_send_request
    conn = await self._connector.connect(
           ^^^^^^^^^^^^^^^^^^^^^^^^^^^^^^
        req, traces=traces, timeout=real_timeout
        ^^^^^^^^^^^^^^^^^^^^^^^^^^^^^^^^^^^^^^^^
    )
    ^
  File "/opt/venv/lib/python3.14/site-packages/aiohttp/connector.py", line 642, in connect
    proto = await self._create_connection(req, traces, timeout)
            ^^^^^^^^^^^^^^^^^^^^^^^^^^^^^^^^^^^^^^^^^^^^^^^^^^^
  File "/opt/venv/lib/python3.14/site-packages/aiohttp/connector.py", line 1209, in _create_connection
    _, proto = await self._create_direct_connection(req, traces, timeout)
               ^^^^^^^^^^^^^^^^^^^^^^^^^^^^^^^^^^^^^^^^^^^^^^^^^^^^^^^^^^
  File "/opt/venv/lib/python3.14/site-packages/aiohttp/connector.py", line 1538, in _create_direct_connection
    raise ClientConnectorDNSError(req.connection_key, exc) from exc
aiohttp.client_exceptions.ClientConnectorDNSError: Cannot connect to host gateway.discord.gg:443 ssl:default [Try again]
[2026-03-13 18:52:30] ERROR discord.shard: Attempting a reconnect for shard ID 0 in 866.09s
Traceback (most recent call last):
  File "/opt/venv/lib/python3.14/site-packages/aiohttp/connector.py", line 1532, in _create_direct_connection
    hosts = await self._resolve_host(host, port, traces=traces)
            ^^^^^^^^^^^^^^^^^^^^^^^^^^^^^^^^^^^^^^^^^^^^^^^^^^^
  File "/opt/venv/lib/python3.14/site-packages/aiohttp/connector.py", line 1148, in _resolve_host
    return await asyncio.shield(resolved_host_task)
           ^^^^^^^^^^^^^^^^^^^^^^^^^^^^^^^^^^^^^^^^
  File "/opt/venv/lib/python3.14/site-packages/aiohttp/connector.py", line 1179, in _resolve_host_with_throttle
    addrs = await self._resolver.resolve(host, port, family=self._family)
            ^^^^^^^^^^^^^^^^^^^^^^^^^^^^^^^^^^^^^^^^^^^^^^^^^^^^^^^^^^^^^
  File "/opt/venv/lib/python3.14/site-packages/aiohttp/resolver.py", line 40, in resolve
    infos = await self._loop.getaddrinfo(
            ^^^^^^^^^^^^^^^^^^^^^^^^^^^^^
    ...<5 lines>...
    )
    ^
  File "/usr/local/lib/python3.14/asyncio/base_events.py", line 936, in getaddrinfo
    return await self.run_in_executor(
           ^^^^^^^^^^^^^^^^^^^^^^^^^^^
        None, getaddr_func, host, port, family, type, proto, flags)
        ^^^^^^^^^^^^^^^^^^^^^^^^^^^^^^^^^^^^^^^^^^^^^^^^^^^^^^^^^^^
  File "/usr/local/lib/python3.14/concurrent/futures/thread.py", line 86, in run
    result = ctx.run(self.task)
  File "/usr/local/lib/python3.14/concurrent/futures/thread.py", line 73, in run
    return fn(*args, **kwargs)
  File "/usr/local/lib/python3.14/socket.py", line 983, in getaddrinfo
    for res in _socket.getaddrinfo(host, port, family, type, proto, flags):
               ~~~~~~~~~~~~~~~~~~~^^^^^^^^^^^^^^^^^^^^^^^^^^^^^^^^^^^^^^^^
socket.gaierror: [Errno -3] Try again

The above exception was the direct cause of the following exception:

Traceback (most recent call last):
  File "/opt/venv/lib/python3.14/site-packages/discord/shard.py", line 219, in reconnect
    self.ws = await asyncio.wait_for(coro, timeout=60.0)
              ^^^^^^^^^^^^^^^^^^^^^^^^^^^^^^^^^^^^^^^^^^
  File "/usr/local/lib/python3.14/asyncio/tasks.py", line 488, in wait_for
    return await fut
           ^^^^^^^^^
  File "/opt/venv/lib/python3.14/site-packages/discord/gateway.py", line 383, in from_client
    socket = await client.http.ws_connect(str(url))
             ^^^^^^^^^^^^^^^^^^^^^^^^^^^^^^^^^^^^^^
  File "/opt/venv/lib/python3.14/site-packages/discord/http.py", line 566, in ws_connect
    return await self.__session.ws_connect(url, **kwargs)
           ^^^^^^^^^^^^^^^^^^^^^^^^^^^^^^^^^^^^^^^^^^^^^^
  File "/opt/venv/lib/python3.14/site-packages/aiohttp/client.py", line 1076, in _ws_connect
    resp = await self.request(
           ^^^^^^^^^^^^^^^^^^^
    ...<11 lines>...
    )
    ^
  File "/opt/venv/lib/python3.14/site-packages/aiohttp/client.py", line 779, in _request
    resp = await handler(req)
           ^^^^^^^^^^^^^^^^^^
  File "/opt/venv/lib/python3.14/site-packages/aiohttp/client.py", line 734, in _connect_and_send_request
    conn = await self._connector.connect(
           ^^^^^^^^^^^^^^^^^^^^^^^^^^^^^^
        req, traces=traces, timeout=real_timeout
        ^^^^^^^^^^^^^^^^^^^^^^^^^^^^^^^^^^^^^^^^
    )
    ^
  File "/opt/venv/lib/python3.14/site-packages/aiohttp/connector.py", line 642, in connect
    proto = await self._create_connection(req, traces, timeout)
            ^^^^^^^^^^^^^^^^^^^^^^^^^^^^^^^^^^^^^^^^^^^^^^^^^^^
  File "/opt/venv/lib/python3.14/site-packages/aiohttp/connector.py", line 1209, in _create_connection
    _, proto = await self._create_direct_connection(req, traces, timeout)
               ^^^^^^^^^^^^^^^^^^^^^^^^^^^^^^^^^^^^^^^^^^^^^^^^^^^^^^^^^^
  File "/opt/venv/lib/python3.14/site-packages/aiohttp/connector.py", line 1538, in _create_direct_connection
    raise ClientConnectorDNSError(req.connection_key, exc) from exc
aiohttp.client_exceptions.ClientConnectorDNSError: Cannot connect to host gateway.discord.gg:443 ssl:default [Try again]
[2026-03-14 13:20:40] INFO ballsdex: Received SIGTERM, stopping the bot...
